[INFO] Scanning for projects...
[INFO] 
[INFO] -----------------------< com.ruoyi:ruoyi-admin >------------------------
[INFO] Building ruoyi-admin 3.9.1
[INFO]   from pom.xml
[INFO] --------------------------------[ jar ]---------------------------------
[INFO] 
[INFO] >>> spring-boot:2.5.15:run (default-cli) > test-compile @ ruoyi-admin >>>
[WARNING] The artifact mysql:mysql-connector-java:jar:8.0.33 has been relocated to com.mysql:mysql-connector-j:jar:8.0.33: MySQL Connector/J artifacts moved to reverse-DNS compliant Maven 2+ coordinates.
[INFO] 
[INFO] --- resources:3.3.1:resources (default-resources) @ ruoyi-admin ---
[INFO] Copying 7 resources from src\main\resources to target\classes
[INFO] 
[INFO] --- compiler:3.1:compile (default-compile) @ ruoyi-admin ---
[INFO] Nothing to compile - all classes are up to date
[INFO] 
[INFO] --- resources:3.3.1:testResources (default-testResources) @ ruoyi-admin ---
[INFO] skip non existing resourceDirectory C:\Users\jiangyi\Desktop\项目\未完成\医院\RuoYi-Vue\ruoyi-admin\src\test\resources
[INFO] 
[INFO] --- compiler:3.1:testCompile (default-testCompile) @ ruoyi-admin ---
[INFO] No sources to compile
[INFO] 
[INFO] <<< spring-boot:2.5.15:run (default-cli) < test-compile @ ruoyi-admin <<<
[INFO] 
[INFO] 
[INFO] --- spring-boot:2.5.15:run (default-cli) @ ruoyi-admin ---
[INFO] Attaching agents: []
Application Version: 3.9.1
Spring Boot Version: 2.5.15
////////////////////////////////////////////////////////////////////
//                          _ooOoo_                               //
//                         o8888888o                              //
//                         88" . "88                              //
//                         (| ^_^ |)                              //
//                         O\  =  /O                              //
//                      ____/`---'\____                           //
//                    .'  \\|     |//  `.                         //
//                   /  \\|||  :  |||//  \                        //
//                  /  _||||| -:- |||||-  \                       //
//                  |   | \\\  -  /// |   |                       //
//                  | \_|  ''\---/''  |   |                       //
//                  \  .-\__  `-`  ___/-. /                       //
//                ___`. .'  /--.--\  `. . ___                     //
//              ."" '<  `.___\_<|>_/___.'  >'"".                  //
//            | | :  `- \`.;`\ _ /`;.`/ - ` : | |                 //
//            \  \ `-.   \_ __\ /__ _/   .-` /  /                 //
//      ========`-.____`-.___\_____/___.-`____.-'========         //
//                           `=---='                              //
//      ^^^^^^^^^^^^^^^^^^^^^^^^^^^^^^^^^^^^^^^^^^^^^^^^^^        //
//             佛祖保佑       永不宕机      永无BUG               //
////////////////////////////////////////////////////////////////////
23:05:46.793 [background-preinit] INFO  o.h.v.i.util.Version - [<clinit>,21] - HV000001: Hibernate Validator 6.2.5.Final
23:05:46.799 [restartedMain] INFO  c.r.RuoYiApplication - [logStarting,55] - Starting RuoYiApplication using Java 17.0.18 on LAPTOP-HRVP5E26 with PID 68196 (C:\Users\jiangyi\Desktop\项目\未完成\医院\RuoYi-Vue\ruoyi-admin\target\classes started by jiangyi in C:\Users\jiangyi\Desktop\项目\未完成\医院\RuoYi-Vue\ruoyi-admin)
23:05:46.800 [restartedMain] DEBUG c.r.RuoYiApplication - [logStarting,56] - Running with Spring Boot v2.5.15, Spring v5.3.39
23:05:46.800 [restartedMain] INFO  c.r.RuoYiApplication - [logStartupProfileInfo,686] - The following 1 profile is active: "druid"
23:05:48.422 [restartedMain] INFO  o.a.c.h.Http11NioProtocol - [log,168] - Initializing ProtocolHandler ["http-nio-8006"]
23:05:48.425 [restartedMain] INFO  o.a.c.c.StandardService - [log,168] - Starting service [Tomcat]
23:05:48.425 [restartedMain] INFO  o.a.c.c.StandardEngine - [log,168] - Starting Servlet engine: [Apache Tomcat/9.0.112]
23:05:48.522 [restartedMain] INFO  o.a.c.c.C.[.[.[/] - [log,168] - Initializing Spring embedded WebApplicationContext
23:05:48.813 [restartedMain] DEBUG c.r.f.s.f.JwtAuthenticationTokenFilter - [init,242] - Filter 'jwtAuthenticationTokenFilter' configured for use
23:05:49.147 [restartedMain] INFO  c.a.d.p.DruidDataSource - [init,865] - {dataSource-1} inited
23:05:49.702 [restartedMain] DEBUG c.r.s.m.S.selectConfigList - [debug,135] - ==>  Preparing: select config_id, config_name, config_key, config_value, config_type, create_by, create_time, update_by, update_time, remark from sys_config
23:05:49.720 [restartedMain] DEBUG c.r.s.m.S.selectConfigList - [debug,135] - ==> Parameters: 
23:05:49.735 [restartedMain] DEBUG c.r.s.m.S.selectConfigList - [debug,135] - <==      Total: 8
23:05:50.292 [restartedMain] DEBUG c.r.s.m.S.selectDictDataList - [debug,135] - ==>  Preparing: select dict_code, dict_sort, dict_label, dict_value, dict_type, css_class, list_class, is_default, status, create_by, create_time, remark from sys_dict_data WHERE status = ? order by dict_sort asc
23:05:50.295 [restartedMain] DEBUG c.r.s.m.S.selectDictDataList - [debug,135] - ==> Parameters: 0(String)
23:05:50.304 [restartedMain] DEBUG c.r.s.m.S.selectDictDataList - [debug,135] - <==      Total: 29
23:05:50.711 [restartedMain] INFO  o.q.i.StdSchedulerFactory - [instantiate,1220] - Using default implementation for ThreadExecutor
23:05:50.721 [restartedMain] INFO  o.q.c.SchedulerSignalerImpl - [<init>,61] - Initialized Scheduler Signaller of type: class org.quartz.core.SchedulerSignalerImpl
23:05:50.721 [restartedMain] INFO  o.q.c.QuartzScheduler - [<init>,229] - Quartz Scheduler v.2.3.2 created.
23:05:50.722 [restartedMain] INFO  o.q.s.RAMJobStore - [initialize,155] - RAMJobStore initialized.
23:05:50.723 [restartedMain] INFO  o.q.c.QuartzScheduler - [initialize,294] - Scheduler meta-data: Quartz Scheduler (v2.3.2) 'quartzScheduler' with instanceId 'NON_CLUSTERED'
  Scheduler class: 'org.quartz.core.QuartzScheduler' - running locally.
  NOT STARTED.
  Currently in standby mode.
  Number of jobs executed: 0
  Using thread pool 'org.quartz.simpl.SimpleThreadPool' - with 10 threads.
  Using job-store 'org.quartz.simpl.RAMJobStore' - which does not support persistence. and is not clustered.

23:05:50.723 [restartedMain] INFO  o.q.i.StdSchedulerFactory - [instantiate,1374] - Quartz scheduler 'quartzScheduler' initialized from an externally provided properties instance.
23:05:50.723 [restartedMain] INFO  o.q.i.StdSchedulerFactory - [instantiate,1378] - Quartz scheduler version: 2.3.2
23:05:50.724 [restartedMain] INFO  o.q.c.QuartzScheduler - [setJobFactory,2293] - JobFactory set to: org.springframework.scheduling.quartz.SpringBeanJobFactory@278d321d
23:05:50.747 [restartedMain] DEBUG c.r.q.m.S.selectJobAll - [debug,135] - ==>  Preparing: select job_id, job_name, job_group, invoke_target, cron_expression, misfire_policy, concurrent, status, create_by, create_time, remark from sys_job
23:05:50.747 [restartedMain] DEBUG c.r.q.m.S.selectJobAll - [debug,135] - ==> Parameters: 
23:05:50.750 [restartedMain] DEBUG c.r.q.m.S.selectJobAll - [debug,135] - <==      Total: 3
23:05:52.049 [restartedMain] INFO  o.a.c.h.Http11NioProtocol - [log,168] - Starting ProtocolHandler ["http-nio-8006"]
23:05:52.064 [restartedMain] INFO  o.q.c.QuartzScheduler - [start,547] - Scheduler quartzScheduler_$_NON_CLUSTERED started.
23:05:52.072 [restartedMain] INFO  c.r.RuoYiApplication - [logStarted,61] - Started RuoYiApplication in 5.535 seconds (JVM running for 6.002)
(????)??  若依启动成功   ?(??`?)?  
 .-------.       ____     __        
 |  _ _   \      \   \   /  /    
 | ( ' )  |       \  _. /  '       
 |(_ o _) /        _( )_ .'         
 | (_,_).' __  ___(_ o _)'          
 |  |\ \  |  ||   |(_,_)'         
 |  | \ `'   /|   `-'  /           
 |  |  \    /  \      /           
 ''-'   `'-'    `-..-'              
23:06:16.670 [http-nio-8006-exec-1] INFO  o.a.c.c.C.[.[.[/] - [log,168] - Initializing Spring DispatcherServlet 'dispatcherServlet'
23:06:16.817 [http-nio-8006-exec-1] DEBUG c.r.s.m.S.selectUserByUserName - [debug,135] - ==>  Preparing: select u.user_id, u.dept_id, u.user_name, u.nick_name, u.email, u.avatar, u.phonenumber, u.password, u.sex, u.status, u.del_flag, u.login_ip, u.login_date, u.pwd_update_date, u.create_by, u.create_time, u.remark, d.dept_id, d.parent_id, d.ancestors, d.dept_name, d.order_num, d.leader, d.status as dept_status, r.role_id, r.role_name, r.role_key, r.role_sort, r.data_scope, r.status as role_status from sys_user u left join sys_dept d on u.dept_id = d.dept_id left join sys_user_role ur on u.user_id = ur.user_id left join sys_role r on r.role_id = ur.role_id where (u.user_name = ? or u.email = ? or u.phonenumber = ?) and u.del_flag = '0'
23:06:16.817 [http-nio-8006-exec-1] DEBUG c.r.s.m.S.selectUserByUserName - [debug,135] - ==> Parameters: admin@clinic.com(String), admin@clinic.com(String), admin@clinic.com(String)
23:06:16.821 [http-nio-8006-exec-1] DEBUG c.r.s.m.S.selectUserByUserName - [debug,135] - <==      Total: 1
23:06:16.979 [http-nio-8006-exec-1] INFO  n.b.p.u.u.YauaaVersion - [logVersion,104] - Yauaa 7.32.0 (v7.32.0 @ 2025-10-11T16:29:46Z)
23:06:17.083 [http-nio-8006-exec-1] INFO  n.b.p.u.c.ConfigLoader - [loadResources,310] - - Loaded 119 files in   97 ms using expression: classpath*:UserAgents/**/*.yaml
23:06:17.865 [http-nio-8006-exec-1] INFO  n.b.p.u.a.UserAgentStringMatchMaker - [finalizeLoadingRules,282] - Building all needed matchers for the requested 11 fields.
23:06:17.902 [http-nio-8006-exec-1] INFO  n.b.p.u.a.UserAgentStringMatchMaker - [initializeMatchers,336] - Initializing Analyzer data structures
23:06:18.532 [http-nio-8006-exec-1] INFO  n.b.p.u.a.UserAgentStringMatchMaker - [initializeMatchers,347] - Built in 629 msec : Hashmap 197922, Ranges map:2964
23:06:18.771 [http-nio-8006-exec-1] DEBUG c.r.h.m.T.insertTcmConsultationMod - [debug,135] - ==>  Preparing: insert into tcm_consultation_mod ( consultation_id, mod_date, mod_type, action, user_id, version, changes, create_time )values( ?, ?, ?, ?, ?, ?, ?, sysdate() )
23:06:18.773 [http-nio-8006-exec-1] DEBUG c.r.h.m.T.insertTcmConsultationMod - [debug,135] - ==> Parameters: 100(String), 2026-03-28 23:06:18(String), user(String), LOGIN(String), 100(String), 1(Integer), {"targetType":"user","targetId":"100","targetName":"张管理","details":"用户登录成功"}(String)
23:06:18.776 [http-nio-8006-exec-1] DEBUG c.r.h.m.T.insertTcmConsultationMod - [debug,135] - <==    Updates: 1
23:06:18.871 [http-nio-8006-exec-3] DEBUG c.r.h.m.T.selectTcmInventoryItemList - [debug,135] - ==>  Preparing: select id, name, category, unit, quantity, price_per_unit, min_stock_level, supplier, supplier_id, grams_per_packet, branch_id, is_active, deleted_at, herb_dict_id, payload, create_time, update_time from tcm_inventory_item WHERE deleted_at IS NULL
23:06:18.873 [http-nio-8006-exec-3] DEBUG c.r.h.m.T.selectTcmInventoryItemList - [debug,135] - ==> Parameters: 
23:06:18.877 [http-nio-8006-exec-3] DEBUG c.r.h.m.T.selectTcmInventoryItemList - [debug,135] - <==      Total: 13
23:06:18.939 [http-nio-8006-exec-5] DEBUG c.r.h.m.T.selectTcmPatientById - [debug,135] - ==>  Preparing: select id, name, first_name, last_name, email, phone, practitioner_id, is_active, consent_signed, consent_signed_at, consent_token, consent_token_expires, merged_into, deleted_at, payload, create_time, update_time from tcm_patient where id = ?
23:06:18.940 [http-nio-8006-exec-5] DEBUG c.r.h.m.T.selectTcmPatientById - [debug,135] - ==> Parameters: patient-1(String)
23:06:18.943 [http-nio-8006-exec-5] DEBUG c.r.h.m.T.selectTcmPatientById - [debug,135] - <==      Total: 1
23:06:18.947 [http-nio-8006-exec-5] DEBUG c.r.h.m.T.selectTcmConsultationList - [debug,135] - ==>  Preparing: select id, consultation_id, patient_id, practitioner_id, consult_date, status, branch_id, locked_at, version, deleted_at, payload, create_time, update_time from tcm_consultation WHERE deleted_at IS NULL
23:06:18.947 [http-nio-8006-exec-5] DEBUG c.r.h.m.T.selectTcmConsultationList - [debug,135] - ==> Parameters: 
23:06:18.952 [http-nio-8006-exec-5] DEBUG c.r.h.m.T.selectTcmConsultationList - [debug,135] - <==      Total: 7
23:06:18.955 [http-nio-8006-exec-5] DEBUG c.r.h.m.T.selectTcmConsultationList - [debug,135] - ==>  Preparing: select id, consultation_id, patient_id, practitioner_id, consult_date, status, branch_id, locked_at, version, deleted_at, payload, create_time, update_time from tcm_consultation WHERE patient_id = ? AND deleted_at IS NULL
23:06:18.956 [http-nio-8006-exec-5] DEBUG c.r.h.m.T.selectTcmConsultationList - [debug,135] - ==> Parameters: patient-1(String)
23:06:18.960 [http-nio-8006-exec-5] DEBUG c.r.h.m.T.selectTcmConsultationList - [debug,135] - <==      Total: 7
23:06:18.962 [http-nio-8006-exec-5] DEBUG c.r.h.m.T.insertTcmConsultation - [debug,135] - ==>  Preparing: insert into tcm_consultation ( id, consultation_id, patient_id, practitioner_id, consult_date, status, branch_id, version, payload, create_time )values( ?, ?, ?, ?, ?, ?, ?, ?, ?, sysdate() )
23:06:18.964 [http-nio-8006-exec-5] DEBUG c.r.h.m.T.insertTcmConsultation - [debug,135] - ==> Parameters: consult-api-20260328230618(String), ORD-API-20260328230618(String), patient-1(String), 101(String), 2026-03-28(String), completed(String), branch-main(String), 1(Integer), {"documents":[],"currency":"CAD","acupuncture":[],"discountType":"none","chiefComplaint":"API支付扣药验证","includeRxAmount":true,"taxAmount":0,"totalAmount":0.8,"services":[],"totalWithoutTax":0.8,"diff":{},"prescriptions":[{"whereToGet":"In-store 店内取药","items":[{"inventoryId":"inv-4","convertedQty":10,"dosage":10,"supplier":"本草药材","name":"黄芪","convertedUnit":"g","supplierName":"本草药材","pricePerUnit":0.08,"herbDictId":"herb-053","unit":"g","subtotal":0.8}],"formulaName":"API库存联动20260328230618","quantity":1,"perDoseSubtotal":0.8,"prescriptionType":"raw_herbs","dispensingCompleted":false,"preferredUnit":"g","subtotal":0.8,"direction":"内服 Oral intake","id":"rx-api-20260328230618"}],"herbals":[{"dosage":10,"unit":"g","supplierName":"本草药材","herbDictId":"herb-053","name":"黄芪","inventoryId":"inv-4"}],"prescriptionType":"raw_herbs","taxable":false,"discountValue":0,"consultationFeeTaxable":false,"modifications":[],"summary":"API支付扣药验证","formulaName":"API库存联动20260328230618","differentiation":"气虚","consultationFee":0,"historyAndMedicationSourceConsultId":"consult-1","historyAndMedicationSourceConsultDate":"2024-02-01"}(String)
23:06:18.967 [http-nio-8006-exec-5] DEBUG c.r.h.m.T.insertTcmConsultation - [debug,135] - <==    Updates: 1
23:06:18.967 [http-nio-8006-exec-5] DEBUG c.r.h.m.T.selectTcmConsultationById - [debug,135] - ==>  Preparing: select id, consultation_id, patient_id, practitioner_id, consult_date, status, branch_id, locked_at, version, deleted_at, payload, create_time, update_time from tcm_consultation where id = ?
23:06:18.968 [http-nio-8006-exec-5] DEBUG c.r.h.m.T.selectTcmConsultationById - [debug,135] - ==> Parameters: consult-api-20260328230618(String)
23:06:18.970 [http-nio-8006-exec-5] DEBUG c.r.h.m.T.selectTcmConsultationById - [debug,135] - <==      Total: 1
23:06:18.990 [http-nio-8006-exec-7] DEBUG c.r.h.m.T.selectTcmConsultationById - [debug,135] - ==>  Preparing: select id, consultation_id, patient_id, practitioner_id, consult_date, status, branch_id, locked_at, version, deleted_at, payload, create_time, update_time from tcm_consultation where id = ?
23:06:18.990 [http-nio-8006-exec-7] DEBUG c.r.h.m.T.selectTcmConsultationById - [debug,135] - ==> Parameters: consult-api-20260328230618(String)
23:06:18.994 [http-nio-8006-exec-7] DEBUG c.r.h.m.T.selectTcmConsultationById - [debug,135] - <==      Total: 1
23:06:18.996 [http-nio-8006-exec-7] DEBUG c.r.h.m.T.selectTcmPatientList - [debug,135] - ==>  Preparing: select id, name, first_name, last_name, email, phone, practitioner_id, is_active, consent_signed, consent_signed_at, consent_token, consent_token_expires, merged_into, deleted_at, payload, create_time, update_time from tcm_patient WHERE deleted_at IS NULL
23:06:18.996 [http-nio-8006-exec-7] DEBUG c.r.h.m.T.selectTcmPatientList - [debug,135] - ==> Parameters: 
23:06:18.998 [http-nio-8006-exec-7] DEBUG c.r.h.m.T.selectTcmPatientList - [debug,135] - <==      Total: 3
23:06:18.998 [http-nio-8006-exec-7] DEBUG c.r.h.m.T.selectTcmConsultationList - [debug,135] - ==>  Preparing: select id, consultation_id, patient_id, practitioner_id, consult_date, status, branch_id, locked_at, version, deleted_at, payload, create_time, update_time from tcm_consultation WHERE deleted_at IS NULL
23:06:18.999 [http-nio-8006-exec-7] DEBUG c.r.h.m.T.selectTcmConsultationList - [debug,135] - ==> Parameters: 
23:06:19.002 [http-nio-8006-exec-7] DEBUG c.r.h.m.T.selectTcmConsultationList - [debug,135] - <==      Total: 8
23:06:19.009 [http-nio-8006-exec-7] DEBUG c.r.h.m.T.selectTcmConsultationById - [debug,135] - ==>  Preparing: select id, consultation_id, patient_id, practitioner_id, consult_date, status, branch_id, locked_at, version, deleted_at, payload, create_time, update_time from tcm_consultation where id = ?
23:06:19.009 [http-nio-8006-exec-7] DEBUG c.r.h.m.T.selectTcmConsultationById - [debug,135] - ==> Parameters: consult-api-20260328230618(String)
23:06:19.011 [http-nio-8006-exec-7] DEBUG c.r.h.m.T.selectTcmConsultationById - [debug,135] - <==      Total: 1
23:06:19.014 [http-nio-8006-exec-7] DEBUG c.r.h.m.T.selectTcmInventoryItemsByName - [debug,135] - ==>  Preparing: select id, name, category, unit, quantity, price_per_unit, min_stock_level, supplier, supplier_id, grams_per_packet, branch_id, is_active, deleted_at, herb_dict_id, payload, create_time, update_time from tcm_inventory_item where name = ? and category = ? and is_active = 1 and deleted_at is null order by quantity desc
23:06:19.014 [http-nio-8006-exec-7] DEBUG c.r.h.m.T.selectTcmInventoryItemsByName - [debug,135] - ==> Parameters: 黄芪(String), raw_herbs(String)
23:06:19.016 [http-nio-8006-exec-7] DEBUG c.r.h.m.T.selectTcmInventoryItemsByName - [debug,135] - <==      Total: 1
23:06:19.017 [http-nio-8006-exec-7] DEBUG c.r.h.m.T.updateTcmInventoryItem - [debug,135] - ==>  Preparing: update tcm_inventory_item SET name = ?, category = ?, unit = ?, quantity = ?, price_per_unit = ?, min_stock_level = ?, supplier = ?, supplier_id = ?, branch_id = ?, is_active = ?, deleted_at = ?, payload = ?, update_time = sysdate() where id = ?
23:06:19.019 [http-nio-8006-exec-7] DEBUG c.r.h.m.T.updateTcmInventoryItem - [debug,135] - ==> Parameters: 黄芪(String), raw_herbs(String), g(String), 1990.00(BigDecimal), 0.0800(BigDecimal), 500.00(BigDecimal), 本草药材(String), supplier-3(String), branch-main(String), 1(Integer), null, null, inv-4(String)
23:06:19.021 [http-nio-8006-exec-7] DEBUG c.r.h.m.T.updateTcmInventoryItem - [debug,135] - <==    Updates: 1
23:06:19.022 [http-nio-8006-exec-7] DEBUG c.r.h.m.T.updateTcmConsultation - [debug,135] - ==>  Preparing: update tcm_consultation SET consultation_id = ?, patient_id = ?, practitioner_id = ?, consult_date = ?, status = ?, branch_id = ?, locked_at = ?, version = ?, deleted_at = ?, payload = ?, update_time = sysdate() where id = ?
23:06:19.023 [http-nio-8006-exec-7] DEBUG c.r.h.m.T.updateTcmConsultation - [debug,135] - ==> Parameters: ORD-API-20260328230618(String), patient-1(String), 101(String), 2026-03-28(String), paid(String), branch-main(String), 2026-03-28 23:06:19(String), 1(Integer), null, {"documents":[],"currency":"CAD","acupuncture":[],"discountType":"none","chiefComplaint":"API支付扣药验证","includeRxAmount":true,"taxAmount":0,"totalAmount":0.8,"services":[],"totalWithoutTax":0.8,"diff":{},"prescriptions":[{"whereToGet":"In-store 店内取药","items":[{"inventoryId":"inv-4","convertedQty":10,"dosage":10,"supplier":"本草药材","name":"黄芪","convertedUnit":"g","supplierName":"本草药材","pricePerUnit":0.08,"herbDictId":"herb-053","unit":"g","subtotal":0.8}],"formulaName":"API库存联动20260328230618","quantity":1,"perDoseSubtotal":0.8,"prescriptionType":"raw_herbs","dispensingCompleted":false,"preferredUnit":"g","subtotal":0.8,"direction":"内服 Oral intake","id":"rx-api-20260328230618"}],"herbals":[{"dosage":10,"unit":"g","supplierName":"本草药材","herbDictId":"herb-053","name":"黄芪","inventoryId":"inv-4"}],"prescriptionType":"raw_herbs","taxable":false,"discountValue":0,"consultationFeeTaxable":false,"modifications":[],"summary":"API支付扣药验证","formulaName":"API库存联动20260328230618","differentiation":"气虚","consultationFee":0,"historyAndMedicationSourceConsultId":"consult-1","historyAndMedicationSourceConsultDate":"2024-02-01","paidAt":"2026-03-28 23:06:19","paidBy":"100","dispensingCompleted":false,"paymentMethod":"manual","inventoryDeductedAtPayment":true,"inventoryDeductedAt":"2026-03-28 23:06:19","inventoryDeductedBy":"100"}(String), consult-api-20260328230618(String)
23:06:19.025 [http-nio-8006-exec-7] DEBUG c.r.h.m.T.updateTcmConsultation - [debug,135] - <==    Updates: 1
23:06:19.025 [http-nio-8006-exec-7] DEBUG c.r.h.m.T.selectTcmConsultationById - [debug,135] - ==>  Preparing: select id, consultation_id, patient_id, practitioner_id, consult_date, status, branch_id, locked_at, version, deleted_at, payload, create_time, update_time from tcm_consultation where id = ?
23:06:19.026 [http-nio-8006-exec-7] DEBUG c.r.h.m.T.selectTcmConsultationById - [debug,135] - ==> Parameters: consult-api-20260328230618(String)
23:06:19.027 [http-nio-8006-exec-7] DEBUG c.r.h.m.T.selectTcmConsultationById - [debug,135] - <==      Total: 1
23:06:19.027 [http-nio-8006-exec-7] DEBUG c.r.h.m.T.selectTcmPatientById - [debug,135] - ==>  Preparing: select id, name, first_name, last_name, email, phone, practitioner_id, is_active, consent_signed, consent_signed_at, consent_token, consent_token_expires, merged_into, deleted_at, payload, create_time, update_time from tcm_patient where id = ?
23:06:19.028 [http-nio-8006-exec-7] DEBUG c.r.h.m.T.selectTcmPatientById - [debug,135] - ==> Parameters: patient-1(String)
23:06:19.029 [http-nio-8006-exec-7] DEBUG c.r.h.m.T.selectTcmPatientById - [debug,135] - <==      Total: 1
23:06:19.030 [http-nio-8006-exec-7] DEBUG c.r.h.m.T.selectSettingByKey - [debug,135] - ==>  Preparing: select setting_key, setting_value, update_time from tcm_clinic_setting where setting_key = ?
23:06:19.030 [http-nio-8006-exec-7] DEBUG c.r.h.m.T.selectSettingByKey - [debug,135] - ==> Parameters: clinicName(String)
23:06:19.031 [http-nio-8006-exec-7] DEBUG c.r.h.m.T.selectSettingByKey - [debug,135] - <==      Total: 1
23:06:19.256 [http-nio-8006-exec-7] INFO  c.r.h.s.i.TcmPdfServiceImpl - [generateInvoice,147] - Invoice PDF generated: C:\Users\jiangyi\Desktop\项目\未完成\医院\RuoYi-Vue\ruoyi-admin\runtime\hospital-private\2026\03\28\invoice_420fa8c00d1541cb933ef351d047e2b3.pdf
23:06:19.259 [http-nio-8006-exec-7] DEBUG c.r.h.m.T.updateTcmConsultation - [debug,135] - ==>  Preparing: update tcm_consultation SET consultation_id = ?, patient_id = ?, practitioner_id = ?, consult_date = ?, status = ?, branch_id = ?, locked_at = ?, version = ?, deleted_at = ?, payload = ?, update_time = sysdate() where id = ?
23:06:19.260 [http-nio-8006-exec-7] DEBUG c.r.h.m.T.updateTcmConsultation - [debug,135] - ==> Parameters: ORD-API-20260328230618(String), patient-1(String), 101(String), 2026-03-28(String), paid(String), branch-main(String), 2026-03-28 23:06:19(String), 1(Integer), null, {"documents":[],"currency":"CAD","acupuncture":[],"discountType":"none","chiefComplaint":"API支付扣药验证","includeRxAmount":true,"taxAmount":0,"totalAmount":0.8,"services":[],"totalWithoutTax":0.8,"diff":{},"prescriptions":[{"whereToGet":"In-store 店内取药","items":[{"inventoryId":"inv-4","convertedQty":10,"dosage":10,"supplier":"本草药材","name":"黄芪","convertedUnit":"g","supplierName":"本草药材","pricePerUnit":0.08,"herbDictId":"herb-053","unit":"g","subtotal":0.8}],"formulaName":"API库存联动20260328230618","quantity":1,"perDoseSubtotal":0.8,"prescriptionType":"raw_herbs","dispensingCompleted":false,"preferredUnit":"g","subtotal":0.8,"direction":"内服 Oral intake","id":"rx-api-20260328230618"}],"herbals":[{"dosage":10,"unit":"g","supplierName":"本草药材","herbDictId":"herb-053","name":"黄芪","inventoryId":"inv-4"}],"prescriptionType":"raw_herbs","taxable":false,"discountValue":0,"consultationFeeTaxable":false,"modifications":[{"date":"2026-03-28 23:06:19","type":"payment","action":"收款并锁定","userId":"100","changes":"支付方式: manual；收款金额: 0.8；已生成发票；库存已预扣：raw_herbs 1味"}],"summary":"API支付扣药验证","formulaName":"API库存联动20260328230618","differentiation":"气虚","consultationFee":0,"historyAndMedicationSourceConsultId":"consult-1","historyAndMedicationSourceConsultDate":"2024-02-01","paidAt":"2026-03-28 23:06:19","paidBy":"100","dispensingCompleted":false,"paymentMethod":"manual","inventoryDeductedAtPayment":true,"inventoryDeductedAt":"2026-03-28 23:06:19","inventoryDeductedBy":"100","invoicePdfUrl":"/api/public/files/access?resource=hospital-private%2F2026%2F03%2F28%2Finvoice_420fa8c00d1541cb933ef351d047e2b3.pdf&expires=1774710679258&signature=7H_o6O6hSL-iLTkMFMD0p1FQ8ZLi48fwe28ufdTWCL0","invoicePdfPath":"hospital-private/2026/03/28/invoice_420fa8c00d1541cb933ef351d047e2b3.pdf","invoiceGeneratedAt":"2026-03-28 23:06:19"}(String), consult-api-20260328230618(String)
23:06:19.263 [http-nio-8006-exec-7] DEBUG c.r.h.m.T.updateTcmConsultation - [debug,135] - <==    Updates: 1
23:06:19.263 [http-nio-8006-exec-7] DEBUG c.r.h.m.T.insertTcmConsultationMod - [debug,135] - ==>  Preparing: insert into tcm_consultation_mod ( consultation_id, mod_date, mod_type, action, user_id, version, changes, create_time )values( ?, ?, ?, ?, ?, ?, ?, sysdate() )
23:06:19.264 [http-nio-8006-exec-7] DEBUG c.r.h.m.T.insertTcmConsultationMod - [debug,135] - ==> Parameters: ORD-API-20260328230618(String), 2026-03-28 23:06:19(String), payment(String), Marked as paid(String), 100(String), 1(Integer), 支付方式: manual；收款金额: 0.8；已生成发票；库存已预扣：raw_herbs 1味(String)
23:06:19.265 [http-nio-8006-exec-7] DEBUG c.r.h.m.T.insertTcmConsultationMod - [debug,135] - <==    Updates: 1
23:06:19.265 [http-nio-8006-exec-7] DEBUG c.r.h.m.T.selectTcmConsultationById - [debug,135] - ==>  Preparing: select id, consultation_id, patient_id, practitioner_id, consult_date, status, branch_id, locked_at, version, deleted_at, payload, create_time, update_time from tcm_consultation where id = ?
23:06:19.266 [http-nio-8006-exec-7] DEBUG c.r.h.m.T.selectTcmConsultationById - [debug,135] - ==> Parameters: consult-api-20260328230618(String)
23:06:19.267 [http-nio-8006-exec-7] DEBUG c.r.h.m.T.selectTcmConsultationById - [debug,135] - <==      Total: 1
23:06:19.290 [http-nio-8006-exec-9] DEBUG c.r.h.m.T.selectTcmInventoryItemList - [debug,135] - ==>  Preparing: select id, name, category, unit, quantity, price_per_unit, min_stock_level, supplier, supplier_id, grams_per_packet, branch_id, is_active, deleted_at, herb_dict_id, payload, create_time, update_time from tcm_inventory_item WHERE deleted_at IS NULL
23:06:19.291 [http-nio-8006-exec-9] DEBUG c.r.h.m.T.selectTcmInventoryItemList - [debug,135] - ==> Parameters: 
23:06:19.295 [http-nio-8006-exec-9] DEBUG c.r.h.m.T.selectTcmInventoryItemList - [debug,135] - <==      Total: 13
23:06:41.116 [http-nio-8006-exec-11] DEBUG c.r.s.m.S.selectUserByUserName - [debug,135] - ==>  Preparing: select u.user_id, u.dept_id, u.user_name, u.nick_name, u.email, u.avatar, u.phonenumber, u.password, u.sex, u.status, u.del_flag, u.login_ip, u.login_date, u.pwd_update_date, u.create_by, u.create_time, u.remark, d.dept_id, d.parent_id, d.ancestors, d.dept_name, d.order_num, d.leader, d.status as dept_status, r.role_id, r.role_name, r.role_key, r.role_sort, r.data_scope, r.status as role_status from sys_user u left join sys_dept d on u.dept_id = d.dept_id left join sys_user_role ur on u.user_id = ur.user_id left join sys_role r on r.role_id = ur.role_id where (u.user_name = ? or u.email = ? or u.phonenumber = ?) and u.del_flag = '0'
23:06:41.117 [http-nio-8006-exec-11] DEBUG c.r.s.m.S.selectUserByUserName - [debug,135] - ==> Parameters: admin@clinic.com(String), admin@clinic.com(String), admin@clinic.com(String)
23:06:41.119 [http-nio-8006-exec-11] DEBUG c.r.s.m.S.selectUserByUserName - [debug,135] - <==      Total: 1
23:06:41.241 [http-nio-8006-exec-11] DEBUG c.r.h.m.T.insertTcmConsultationMod - [debug,135] - ==>  Preparing: insert into tcm_consultation_mod ( consultation_id, mod_date, mod_type, action, user_id, version, changes, create_time )values( ?, ?, ?, ?, ?, ?, ?, sysdate() )
23:06:41.243 [http-nio-8006-exec-11] DEBUG c.r.h.m.T.insertTcmConsultationMod - [debug,135] - ==> Parameters: 100(String), 2026-03-28 23:06:41(String), user(String), LOGIN(String), 100(String), 1(Integer), {"targetType":"user","targetId":"100","targetName":"张管理","details":"用户登录成功"}(String)
23:06:41.245 [http-nio-8006-exec-11] DEBUG c.r.h.m.T.insertTcmConsultationMod - [debug,135] - <==    Updates: 1
23:06:41.269 [http-nio-8006-exec-13] DEBUG c.r.h.m.T.selectTcmPatientById - [debug,135] - ==>  Preparing: select id, name, first_name, last_name, email, phone, practitioner_id, is_active, consent_signed, consent_signed_at, consent_token, consent_token_expires, merged_into, deleted_at, payload, create_time, update_time from tcm_patient where id = ?
23:06:41.269 [http-nio-8006-exec-13] DEBUG c.r.h.m.T.selectTcmPatientById - [debug,135] - ==> Parameters: patient-1(String)
23:06:41.271 [http-nio-8006-exec-13] DEBUG c.r.h.m.T.selectTcmPatientById - [debug,135] - <==      Total: 1
23:06:41.272 [http-nio-8006-exec-13] DEBUG c.r.h.m.T.selectTcmConsultationList - [debug,135] - ==>  Preparing: select id, consultation_id, patient_id, practitioner_id, consult_date, status, branch_id, locked_at, version, deleted_at, payload, create_time, update_time from tcm_consultation WHERE deleted_at IS NULL
23:06:41.272 [http-nio-8006-exec-13] DEBUG c.r.h.m.T.selectTcmConsultationList - [debug,135] - ==> Parameters: 
23:06:41.276 [http-nio-8006-exec-13] DEBUG c.r.h.m.T.selectTcmConsultationList - [debug,135] - <==      Total: 8
23:06:41.276 [http-nio-8006-exec-13] DEBUG c.r.h.m.T.selectTcmConsultationList - [debug,135] - ==>  Preparing: select id, consultation_id, patient_id, practitioner_id, consult_date, status, branch_id, locked_at, version, deleted_at, payload, create_time, update_time from tcm_consultation WHERE patient_id = ? AND deleted_at IS NULL
23:06:41.277 [http-nio-8006-exec-13] DEBUG c.r.h.m.T.selectTcmConsultationList - [debug,135] - ==> Parameters: patient-1(String)
23:06:41.279 [http-nio-8006-exec-13] DEBUG c.r.h.m.T.selectTcmConsultationList - [debug,135] - <==      Total: 8
23:06:41.280 [http-nio-8006-exec-13] DEBUG c.r.h.m.T.insertTcmConsultation - [debug,135] - ==>  Preparing: insert into tcm_consultation ( id, consultation_id, patient_id, practitioner_id, consult_date, status, branch_id, version, payload, create_time )values( ?, ?, ?, ?, ?, ?, ?, ?, ?, sysdate() )
23:06:41.281 [http-nio-8006-exec-13] DEBUG c.r.h.m.T.insertTcmConsultation - [debug,135] - ==> Parameters: consult-e2e-20260328230641(String), ORD-E2E-20260328230641(String), patient-1(String), 101(String), 2026-03-28(String), completed(String), branch-main(String), 1(Integer), {"taxAmount":0,"servicePriceList":"pricelist-default","taxable":false,"formulaName":"E2E库存联动20260328230641","acupuncture":[],"discountType":"none","totalWithoutTax":0.8,"currency":"CAD","prescriptionType":"raw_herbs","services":[],"diff":{},"chiefComplaintDescription":"用于验证库存扣减时机与发药联动","herbals":[{"dosage":10,"name":"黄芪","unit":"g","inventoryId":"inv-4","herbDictId":"herb-053","supplierName":"本草药材"}],"discountValue":0,"summary":"用于验证库存扣减时机与发药联动","comments":"","modifications":[],"documents":[],"differentiation":"气虚","treatment":"补气","previousPrognosisReview":"","prescriptions":[{"quantity":1,"preferredUnit":"g","whereToGet":"In-store 店内取药","id":"rx-e2e-20260328230641","direction":"内服 Oral intake","formulaName":"E2E库存联动20260328230641","items":[{"convertedUnit":"g","dosage":10,"herbDictId":"herb-053","name":"黄芪","supplier":"本草药材","inventoryId":"inv-4","unit":"g","pricePerUnit":0.08,"subtotal":0.8,"supplierName":"本草药材","convertedQty":10}],"subtotal":0.8,"prescriptionType":"raw_herbs","perDoseSubtotal":0.8,"dispensingCompleted":false}],"consultationFee":0,"chiefComplaint":"E2E库存联动","consultationFeeTaxable":false,"includeRxAmount":true,"totalAmount":0.8,"add3rdParty":false,"prognosis":"","feedback":"","historyAndMedicationSourceConsultId":"consult-1","historyAndMedicationSourceConsultDate":"2024-02-01"}(String)
23:06:41.283 [http-nio-8006-exec-13] DEBUG c.r.h.m.T.insertTcmConsultation - [debug,135] - <==    Updates: 1
23:06:41.284 [http-nio-8006-exec-13] DEBUG c.r.h.m.T.selectTcmConsultationById - [debug,135] - ==>  Preparing: select id, consultation_id, patient_id, practitioner_id, consult_date, status, branch_id, locked_at, version, deleted_at, payload, create_time, update_time from tcm_consultation where id = ?
23:06:41.284 [http-nio-8006-exec-13] DEBUG c.r.h.m.T.selectTcmConsultationById - [debug,135] - ==> Parameters: consult-e2e-20260328230641(String)
23:06:41.285 [http-nio-8006-exec-13] DEBUG c.r.h.m.T.selectTcmConsultationById - [debug,135] - <==      Total: 1
23:07:07.421 [http-nio-8006-exec-15] DEBUG c.r.s.m.S.selectUserByUserName - [debug,135] - ==>  Preparing: select u.user_id, u.dept_id, u.user_name, u.nick_name, u.email, u.avatar, u.phonenumber, u.password, u.sex, u.status, u.del_flag, u.login_ip, u.login_date, u.pwd_update_date, u.create_by, u.create_time, u.remark, d.dept_id, d.parent_id, d.ancestors, d.dept_name, d.order_num, d.leader, d.status as dept_status, r.role_id, r.role_name, r.role_key, r.role_sort, r.data_scope, r.status as role_status from sys_user u left join sys_dept d on u.dept_id = d.dept_id left join sys_user_role ur on u.user_id = ur.user_id left join sys_role r on r.role_id = ur.role_id where (u.user_name = ? or u.email = ? or u.phonenumber = ?) and u.del_flag = '0'
23:07:07.422 [http-nio-8006-exec-15] DEBUG c.r.s.m.S.selectUserByUserName - [debug,135] - ==> Parameters: admin@clinic.com(String), admin@clinic.com(String), admin@clinic.com(String)
23:07:07.423 [http-nio-8006-exec-15] DEBUG c.r.s.m.S.selectUserByUserName - [debug,135] - <==      Total: 1
23:07:07.554 [http-nio-8006-exec-15] DEBUG c.r.h.m.T.insertTcmConsultationMod - [debug,135] - ==>  Preparing: insert into tcm_consultation_mod ( consultation_id, mod_date, mod_type, action, user_id, version, changes, create_time )values( ?, ?, ?, ?, ?, ?, ?, sysdate() )
23:07:07.556 [http-nio-8006-exec-15] DEBUG c.r.h.m.T.insertTcmConsultationMod - [debug,135] - ==> Parameters: 100(String), 2026-03-28 23:07:07(String), user(String), LOGIN(String), 100(String), 1(Integer), {"targetType":"user","targetId":"100","targetName":"张管理","details":"用户登录成功"}(String)
23:07:07.558 [http-nio-8006-exec-15] DEBUG c.r.h.m.T.insertTcmConsultationMod - [debug,135] - <==    Updates: 1
23:07:07.575 [http-nio-8006-exec-16] DEBUG c.r.s.m.S.selectUserList - [debug,135] - ==>  Preparing: select u.user_id, u.dept_id, u.nick_name, u.user_name, u.email, u.avatar, u.phonenumber, u.sex, u.status, u.del_flag, u.login_ip, u.login_date, u.create_by, u.create_time, u.remark, d.dept_name, d.leader from sys_user u left join sys_dept d on u.dept_id = d.dept_id where u.del_flag = '0'
23:07:07.576 [http-nio-8006-exec-16] DEBUG c.r.s.m.S.selectUserList - [debug,135] - ==> Parameters: 
23:07:07.578 [http-nio-8006-exec-16] DEBUG c.r.s.m.S.selectUserList - [debug,135] - <==      Total: 8
23:07:07.579 [http-nio-8006-exec-16] DEBUG c.r.s.m.S.selectUserById - [debug,135] - ==>  Preparing: select u.user_id, u.dept_id, u.user_name, u.nick_name, u.email, u.avatar, u.phonenumber, u.password, u.sex, u.status, u.del_flag, u.login_ip, u.login_date, u.pwd_update_date, u.create_by, u.create_time, u.remark, d.dept_id, d.parent_id, d.ancestors, d.dept_name, d.order_num, d.leader, d.status as dept_status, r.role_id, r.role_name, r.role_key, r.role_sort, r.data_scope, r.status as role_status from sys_user u left join sys_dept d on u.dept_id = d.dept_id left join sys_user_role ur on u.user_id = ur.user_id left join sys_role r on r.role_id = ur.role_id where u.user_id = ? and u.del_flag = '0'
23:07:07.580 [http-nio-8006-exec-16] DEBUG c.r.s.m.S.selectUserById - [debug,135] - ==> Parameters: 1(Long)
23:07:07.581 [http-nio-8006-exec-16] DEBUG c.r.s.m.S.selectUserById - [debug,135] - <==      Total: 1
23:07:07.582 [http-nio-8006-exec-16] DEBUG c.r.s.m.S.selectUserById - [debug,135] - ==>  Preparing: select u.user_id, u.dept_id, u.user_name, u.nick_name, u.email, u.avatar, u.phonenumber, u.password, u.sex, u.status, u.del_flag, u.login_ip, u.login_date, u.pwd_update_date, u.create_by, u.create_time, u.remark, d.dept_id, d.parent_id, d.ancestors, d.dept_name, d.order_num, d.leader, d.status as dept_status, r.role_id, r.role_name, r.role_key, r.role_sort, r.data_scope, r.status as role_status from sys_user u left join sys_dept d on u.dept_id = d.dept_id left join sys_user_role ur on u.user_id = ur.user_id left join sys_role r on r.role_id = ur.role_id where u.user_id = ? and u.del_flag = '0'
23:07:07.582 [http-nio-8006-exec-16] DEBUG c.r.s.m.S.selectUserById - [debug,135] - ==> Parameters: 2(Long)
23:07:07.583 [http-nio-8006-exec-16] DEBUG c.r.s.m.S.selectUserById - [debug,135] - <==      Total: 1
23:07:07.584 [http-nio-8006-exec-16] DEBUG c.r.s.m.S.selectUserById - [debug,135] - ==>  Preparing: select u.user_id, u.dept_id, u.user_name, u.nick_name, u.email, u.avatar, u.phonenumber, u.password, u.sex, u.status, u.del_flag, u.login_ip, u.login_date, u.pwd_update_date, u.create_by, u.create_time, u.remark, d.dept_id, d.parent_id, d.ancestors, d.dept_name, d.order_num, d.leader, d.status as dept_status, r.role_id, r.role_name, r.role_key, r.role_sort, r.data_scope, r.status as role_status from sys_user u left join sys_dept d on u.dept_id = d.dept_id left join sys_user_role ur on u.user_id = ur.user_id left join sys_role r on r.role_id = ur.role_id where u.user_id = ? and u.del_flag = '0'
23:07:07.585 [http-nio-8006-exec-16] DEBUG c.r.s.m.S.selectUserById - [debug,135] - ==> Parameters: 100(Long)
23:07:07.586 [http-nio-8006-exec-16] DEBUG c.r.s.m.S.selectUserById - [debug,135] - <==      Total: 1
23:07:07.587 [http-nio-8006-exec-16] DEBUG c.r.s.m.S.selectUserById - [debug,135] - ==>  Preparing: select u.user_id, u.dept_id, u.user_name, u.nick_name, u.email, u.avatar, u.phonenumber, u.password, u.sex, u.status, u.del_flag, u.login_ip, u.login_date, u.pwd_update_date, u.create_by, u.create_time, u.remark, d.dept_id, d.parent_id, d.ancestors, d.dept_name, d.order_num, d.leader, d.status as dept_status, r.role_id, r.role_name, r.role_key, r.role_sort, r.data_scope, r.status as role_status from sys_user u left join sys_dept d on u.dept_id = d.dept_id left join sys_user_role ur on u.user_id = ur.user_id left join sys_role r on r.role_id = ur.role_id where u.user_id = ? and u.del_flag = '0'
23:07:07.587 [http-nio-8006-exec-16] DEBUG c.r.s.m.S.selectUserById - [debug,135] - ==> Parameters: 101(Long)
23:07:07.588 [http-nio-8006-exec-16] DEBUG c.r.s.m.S.selectUserById - [debug,135] - <==      Total: 1
23:07:07.588 [http-nio-8006-exec-16] DEBUG c.r.s.m.S.selectUserById - [debug,135] - ==>  Preparing: select u.user_id, u.dept_id, u.user_name, u.nick_name, u.email, u.avatar, u.phonenumber, u.password, u.sex, u.status, u.del_flag, u.login_ip, u.login_date, u.pwd_update_date, u.create_by, u.create_time, u.remark, d.dept_id, d.parent_id, d.ancestors, d.dept_name, d.order_num, d.leader, d.status as dept_status, r.role_id, r.role_name, r.role_key, r.role_sort, r.data_scope, r.status as role_status from sys_user u left join sys_dept d on u.dept_id = d.dept_id left join sys_user_role ur on u.user_id = ur.user_id left join sys_role r on r.role_id = ur.role_id where u.user_id = ? and u.del_flag = '0'
23:07:07.589 [http-nio-8006-exec-16] DEBUG c.r.s.m.S.selectUserById - [debug,135] - ==> Parameters: 102(Long)
23:07:07.592 [http-nio-8006-exec-16] DEBUG c.r.s.m.S.selectUserById - [debug,135] - <==      Total: 1
23:07:07.593 [http-nio-8006-exec-16] DEBUG c.r.s.m.S.selectUserById - [debug,135] - ==>  Preparing: select u.user_id, u.dept_id, u.user_name, u.nick_name, u.email, u.avatar, u.phonenumber, u.password, u.sex, u.status, u.del_flag, u.login_ip, u.login_date, u.pwd_update_date, u.create_by, u.create_time, u.remark, d.dept_id, d.parent_id, d.ancestors, d.dept_name, d.order_num, d.leader, d.status as dept_status, r.role_id, r.role_name, r.role_key, r.role_sort, r.data_scope, r.status as role_status from sys_user u left join sys_dept d on u.dept_id = d.dept_id left join sys_user_role ur on u.user_id = ur.user_id left join sys_role r on r.role_id = ur.role_id where u.user_id = ? and u.del_flag = '0'
23:07:07.593 [http-nio-8006-exec-16] DEBUG c.r.s.m.S.selectUserById - [debug,135] - ==> Parameters: 103(Long)
23:07:07.595 [http-nio-8006-exec-16] DEBUG c.r.s.m.S.selectUserById - [debug,135] - <==      Total: 1
23:07:07.595 [http-nio-8006-exec-16] DEBUG c.r.s.m.S.selectUserById - [debug,135] - ==>  Preparing: select u.user_id, u.dept_id, u.user_name, u.nick_name, u.email, u.avatar, u.phonenumber, u.password, u.sex, u.status, u.del_flag, u.login_ip, u.login_date, u.pwd_update_date, u.create_by, u.create_time, u.remark, d.dept_id, d.parent_id, d.ancestors, d.dept_name, d.order_num, d.leader, d.status as dept_status, r.role_id, r.role_name, r.role_key, r.role_sort, r.data_scope, r.status as role_status from sys_user u left join sys_dept d on u.dept_id = d.dept_id left join sys_user_role ur on u.user_id = ur.user_id left join sys_role r on r.role_id = ur.role_id where u.user_id = ? and u.del_flag = '0'
23:07:07.595 [http-nio-8006-exec-16] DEBUG c.r.s.m.S.selectUserById - [debug,135] - ==> Parameters: 104(Long)
23:07:07.597 [http-nio-8006-exec-16] DEBUG c.r.s.m.S.selectUserById - [debug,135] - <==      Total: 1
23:07:07.598 [http-nio-8006-exec-16] DEBUG c.r.s.m.S.selectUserById - [debug,135] - ==>  Preparing: select u.user_id, u.dept_id, u.user_name, u.nick_name, u.email, u.avatar, u.phonenumber, u.password, u.sex, u.status, u.del_flag, u.login_ip, u.login_date, u.pwd_update_date, u.create_by, u.create_time, u.remark, d.dept_id, d.parent_id, d.ancestors, d.dept_name, d.order_num, d.leader, d.status as dept_status, r.role_id, r.role_name, r.role_key, r.role_sort, r.data_scope, r.status as role_status from sys_user u left join sys_dept d on u.dept_id = d.dept_id left join sys_user_role ur on u.user_id = ur.user_id left join sys_role r on r.role_id = ur.role_id where u.user_id = ? and u.del_flag = '0'
23:07:07.598 [http-nio-8006-exec-16] DEBUG c.r.s.m.S.selectUserById - [debug,135] - ==> Parameters: 105(Long)
23:07:07.599 [http-nio-8006-exec-16] DEBUG c.r.s.m.S.selectUserById - [debug,135] - <==      Total: 1
23:07:07.600 [http-nio-8006-exec-16] DEBUG c.r.h.m.T.selectTcmPatientList - [debug,135] - ==>  Preparing: select id, name, first_name, last_name, email, phone, practitioner_id, is_active, consent_signed, consent_signed_at, consent_token, consent_token_expires, merged_into, deleted_at, payload, create_time, update_time from tcm_patient
23:07:07.600 [http-nio-8006-exec-16] DEBUG c.r.h.m.T.selectTcmPatientList - [debug,135] - ==> Parameters: 
23:07:07.601 [http-nio-8006-exec-16] DEBUG c.r.h.m.T.selectTcmPatientList - [debug,135] - <==      Total: 3
23:07:07.602 [http-nio-8006-exec-16] DEBUG c.r.h.m.T.selectTcmAppointmentList - [debug,135] - ==>  Preparing: select id, patient_id, practitioner_id, room_id, service_type, start_time, end_time, status, branch_id, intake_token, intake_submitted, payload, create_time, update_time from tcm_appointment
23:07:07.603 [http-nio-8006-exec-16] DEBUG c.r.h.m.T.selectTcmAppointmentList - [debug,135] - ==> Parameters: 
23:07:07.604 [http-nio-8006-exec-16] DEBUG c.r.h.m.T.selectTcmAppointmentList - [debug,135] - <==      Total: 2
23:07:07.605 [http-nio-8006-exec-16] DEBUG c.r.h.m.T.selectTcmConsultationList - [debug,135] - ==>  Preparing: select id, consultation_id, patient_id, practitioner_id, consult_date, status, branch_id, locked_at, version, deleted_at, payload, create_time, update_time from tcm_consultation
23:07:07.605 [http-nio-8006-exec-16] DEBUG c.r.h.m.T.selectTcmConsultationList - [debug,135] - ==> Parameters: 
23:07:07.608 [http-nio-8006-exec-16] DEBUG c.r.h.m.T.selectTcmConsultationList - [debug,135] - <==      Total: 9
23:07:07.609 [http-nio-8006-exec-16] DEBUG c.r.h.m.T.selectTcmInventoryItemList - [debug,135] - ==>  Preparing: select id, name, category, unit, quantity, price_per_unit, min_stock_level, supplier, supplier_id, grams_per_packet, branch_id, is_active, deleted_at, herb_dict_id, payload, create_time, update_time from tcm_inventory_item WHERE deleted_at IS NULL
23:07:07.610 [http-nio-8006-exec-16] DEBUG c.r.h.m.T.selectTcmInventoryItemList - [debug,135] - ==> Parameters: 
23:07:07.611 [http-nio-8006-exec-16] DEBUG c.r.h.m.T.selectTcmInventoryItemList - [debug,135] - <==      Total: 13
23:07:07.612 [http-nio-8006-exec-16] DEBUG c.r.h.m.T.selectTcmBranchList - [debug,135] - ==>  Preparing: select id, name, code, address, phone, email, manager_id, is_active, is_main, room_ids, create_time, update_time from tcm_branch
23:07:07.612 [http-nio-8006-exec-16] DEBUG c.r.h.m.T.selectTcmBranchList - [debug,135] - ==> Parameters: 
23:07:07.613 [http-nio-8006-exec-16] DEBUG c.r.h.m.T.selectTcmBranchList - [debug,135] - <==      Total: 3
23:07:07.615 [http-nio-8006-exec-16] DEBUG c.r.h.m.T.selectAllSettings - [debug,135] - ==>  Preparing: select setting_key, setting_value, update_time from tcm_clinic_setting order by setting_key
23:07:07.615 [http-nio-8006-exec-16] DEBUG c.r.h.m.T.selectAllSettings - [debug,135] - ==> Parameters: 
23:07:07.616 [http-nio-8006-exec-16] DEBUG c.r.h.m.T.selectAllSettings - [debug,135] - <==      Total: 6
23:07:07.616 [http-nio-8006-exec-16] DEBUG c.r.h.m.T.selectTcmRoomList - [debug,135] - ==>  Preparing: select id, name, branch_id, is_active, create_time, update_time from tcm_room
23:07:07.617 [http-nio-8006-exec-16] DEBUG c.r.h.m.T.selectTcmRoomList - [debug,135] - ==> Parameters: 
23:07:07.618 [http-nio-8006-exec-16] DEBUG c.r.h.m.T.selectTcmRoomList - [debug,135] - <==      Total: 3
23:07:07.619 [http-nio-8006-exec-16] DEBUG c.r.h.m.T.selectTcmServiceTypeList - [debug,135] - ==>  Preparing: select service_key, label, duration, practitioner_time, room_required, default_price, update_time from tcm_service_type
23:07:07.619 [http-nio-8006-exec-16] DEBUG c.r.h.m.T.selectTcmServiceTypeList - [debug,135] - ==> Parameters: 
23:07:07.620 [http-nio-8006-exec-16] DEBUG c.r.h.m.T.selectTcmServiceTypeList - [debug,135] - <==      Total: 3
23:07:07.621 [http-nio-8006-exec-16] DEBUG c.r.h.m.T.selectTcmPriceListList - [debug,135] - ==>  Preparing: select id, name, effective_date, is_active, items_json, create_time, update_time from tcm_price_list
23:07:07.621 [http-nio-8006-exec-16] DEBUG c.r.h.m.T.selectTcmPriceListList - [debug,135] - ==> Parameters: 
23:07:07.622 [http-nio-8006-exec-16] DEBUG c.r.h.m.T.selectTcmPriceListList - [debug,135] - <==      Total: 1
23:07:07.622 [http-nio-8006-exec-16] DEBUG c.r.h.m.T.selectTcmEmailLogList - [debug,135] - ==>  Preparing: select id, to_email, subject, email_type, body, sent_at, payload, create_time from tcm_email_log order by id desc
23:07:07.624 [http-nio-8006-exec-16] DEBUG c.r.h.m.T.selectTcmEmailLogList - [debug,135] - ==> Parameters: 
23:07:07.625 [http-nio-8006-exec-16] DEBUG c.r.h.m.T.selectTcmEmailLogList - [debug,135] - <==      Total: 0
23:07:07.628 [http-nio-8006-exec-16] DEBUG c.r.h.m.T.selectTcmFormulaList - [debug,135] - ==>  Preparing: select id, name, category, description, source, is_active, deleted_at, create_time, update_time from tcm_formula WHERE deleted_at IS NULL order by create_time desc
23:07:07.628 [http-nio-8006-exec-16] DEBUG c.r.h.m.T.selectTcmFormulaList - [debug,135] - ==> Parameters: 
23:07:07.633 [http-nio-8006-exec-16] DEBUG c.r.h.m.T.selectTcmFormulaList - [debug,135] - <==      Total: 51
23:07:07.633 [http-nio-8006-exec-16] DEBUG c.r.h.m.T.selectByFormulaId - [debug,135] - ==>  Preparing: select id, formula_id, herb_name, dosage, unit, sort_order, notes, herb_dict_id from tcm_formula_item where formula_id = ? order by sort_order asc
23:07:07.634 [http-nio-8006-exec-16] DEBUG c.r.h.m.T.selectByFormulaId - [debug,135] - ==> Parameters: ecf8c626-94c4-4825-97d3-21c67adf9366(String)
23:07:07.635 [http-nio-8006-exec-16] DEBUG c.r.h.m.T.selectByFormulaId - [debug,135] - <==      Total: 1
23:07:07.635 [http-nio-8006-exec-16] DEBUG c.r.h.m.T.selectByFormulaId - [debug,135] - ==>  Preparing: select id, formula_id, herb_name, dosage, unit, sort_order, notes, herb_dict_id from tcm_formula_item where formula_id = ? order by sort_order asc
23:07:07.636 [http-nio-8006-exec-16] DEBUG c.r.h.m.T.selectByFormulaId - [debug,135] - ==> Parameters: formula-1(String)
23:07:07.637 [http-nio-8006-exec-16] DEBUG c.r.h.m.T.selectByFormulaId - [debug,135] - <==      Total: 4
23:07:07.638 [http-nio-8006-exec-16] DEBUG c.r.h.m.T.selectByFormulaId - [debug,135] - ==>  Preparing: select id, formula_id, herb_name, dosage, unit, sort_order, notes, herb_dict_id from tcm_formula_item where formula_id = ? order by sort_order asc
23:07:07.638 [http-nio-8006-exec-16] DEBUG c.r.h.m.T.selectByFormulaId - [debug,135] - ==> Parameters: formula-10(String)
23:07:07.638 [http-nio-8006-exec-16] DEBUG c.r.h.m.T.selectByFormulaId - [debug,135] - <==      Total: 5
23:07:07.639 [http-nio-8006-exec-16] DEBUG c.r.h.m.T.selectByFormulaId - [debug,135] - ==>  Preparing: select id, formula_id, herb_name, dosage, unit, sort_order, notes, herb_dict_id from tcm_formula_item where formula_id = ? order by sort_order asc
23:07:07.639 [http-nio-8006-exec-16] DEBUG c.r.h.m.T.selectByFormulaId - [debug,135] - ==> Parameters: formula-11(String)
23:07:07.640 [http-nio-8006-exec-16] DEBUG c.r.h.m.T.selectByFormulaId - [debug,135] - <==      Total: 4
23:07:07.641 [http-nio-8006-exec-16] DEBUG c.r.h.m.T.selectByFormulaId - [debug,135] - ==>  Preparing: select id, formula_id, herb_name, dosage, unit, sort_order, notes, herb_dict_id from tcm_formula_item where formula_id = ? order by sort_order asc
23:07:07.641 [http-nio-8006-exec-16] DEBUG c.r.h.m.T.selectByFormulaId - [debug,135] - ==> Parameters: formula-12(String)
23:07:07.642 [http-nio-8006-exec-16] DEBUG c.r.h.m.T.selectByFormulaId - [debug,135] - <==      Total: 0
23:07:07.643 [http-nio-8006-exec-16] DEBUG c.r.h.m.T.selectByFormulaId - [debug,135] - ==>  Preparing: select id, formula_id, herb_name, dosage, unit, sort_order, notes, herb_dict_id from tcm_formula_item where formula_id = ? order by sort_order asc
23:07:07.643 [http-nio-8006-exec-16] DEBUG c.r.h.m.T.selectByFormulaId - [debug,135] - ==> Parameters: formula-13(String)
23:07:07.644 [http-nio-8006-exec-16] DEBUG c.r.h.m.T.selectByFormulaId - [debug,135] - <==      Total: 0
23:07:07.645 [http-nio-8006-exec-16] DEBUG c.r.h.m.T.selectByFormulaId - [debug,135] - ==>  Preparing: select id, formula_id, herb_name, dosage, unit, sort_order, notes, herb_dict_id from tcm_formula_item where formula_id = ? order by sort_order asc
23:07:07.645 [http-nio-8006-exec-16] DEBUG c.r.h.m.T.selectByFormulaId - [debug,135] - ==> Parameters: formula-14(String)
23:07:07.646 [http-nio-8006-exec-16] DEBUG c.r.h.m.T.selectByFormulaId - [debug,135] - <==      Total: 0
23:07:07.647 [http-nio-8006-exec-16] DEBUG c.r.h.m.T.selectByFormulaId - [debug,135] - ==>  Preparing: select id, formula_id, herb_name, dosage, unit, sort_order, notes, herb_dict_id from tcm_formula_item where formula_id = ? order by sort_order asc
23:07:07.647 [http-nio-8006-exec-16] DEBUG c.r.h.m.T.selectByFormulaId - [debug,135] - ==> Parameters: formula-15(String)
23:07:07.649 [http-nio-8006-exec-16] DEBUG c.r.h.m.T.selectByFormulaId - [debug,135] - <==      Total: 7
23:07:07.650 [http-nio-8006-exec-16] DEBUG c.r.h.m.T.selectByFormulaId - [debug,135] - ==>  Preparing: select id, formula_id, herb_name, dosage, unit, sort_order, notes, herb_dict_id from tcm_formula_item where formula_id = ? order by sort_order asc
23:07:07.650 [http-nio-8006-exec-16] DEBUG c.r.h.m.T.selectByFormulaId - [debug,135] - ==> Parameters: formula-16(String)
23:07:07.650 [http-nio-8006-exec-16] DEBUG c.r.h.m.T.selectByFormulaId - [debug,135] - <==      Total: 0
23:07:07.651 [http-nio-8006-exec-16] DEBUG c.r.h.m.T.selectByFormulaId - [debug,135] - ==>  Preparing: select id, formula_id, herb_name, dosage, unit, sort_order, notes, herb_dict_id from tcm_formula_item where formula_id = ? order by sort_order asc
23:07:07.651 [http-nio-8006-exec-16] DEBUG c.r.h.m.T.selectByFormulaId - [debug,135] - ==> Parameters: formula-17(String)
23:07:07.653 [http-nio-8006-exec-16] DEBUG c.r.h.m.T.selectByFormulaId - [debug,135] - <==      Total: 4
23:07:07.653 [http-nio-8006-exec-16] DEBUG c.r.h.m.T.selectByFormulaId - [debug,135] - ==>  Preparing: select id, formula_id, herb_name, dosage, unit, sort_order, notes, herb_dict_id from tcm_formula_item where formula_id = ? order by sort_order asc
23:07:07.654 [http-nio-8006-exec-16] DEBUG c.r.h.m.T.selectByFormulaId - [debug,135] - ==> Parameters: formula-18(String)
23:07:07.655 [http-nio-8006-exec-16] DEBUG c.r.h.m.T.selectByFormulaId - [debug,135] - <==      Total: 3
23:07:07.655 [http-nio-8006-exec-16] DEBUG c.r.h.m.T.selectByFormulaId - [debug,135] - ==>  Preparing: select id, formula_id, herb_name, dosage, unit, sort_order, notes, herb_dict_id from tcm_formula_item where formula_id = ? order by sort_order asc
23:07:07.656 [http-nio-8006-exec-16] DEBUG c.r.h.m.T.selectByFormulaId - [debug,135] - ==> Parameters: formula-19(String)
23:07:07.657 [http-nio-8006-exec-16] DEBUG c.r.h.m.T.selectByFormulaId - [debug,135] - <==      Total: 0
23:07:07.657 [http-nio-8006-exec-16] DEBUG c.r.h.m.T.selectByFormulaId - [debug,135] - ==>  Preparing: select id, formula_id, herb_name, dosage, unit, sort_order, notes, herb_dict_id from tcm_formula_item where formula_id = ? order by sort_order asc
23:07:07.657 [http-nio-8006-exec-16] DEBUG c.r.h.m.T.selectByFormulaId - [debug,135] - ==> Parameters: formula-2(String)
23:07:07.658 [http-nio-8006-exec-16] DEBUG c.r.h.m.T.selectByFormulaId - [debug,135] - <==      Total: 6
23:07:07.658 [http-nio-8006-exec-16] DEBUG c.r.h.m.T.selectByFormulaId - [debug,135] - ==>  Preparing: select id, formula_id, herb_name, dosage, unit, sort_order, notes, herb_dict_id from tcm_formula_item where formula_id = ? order by sort_order asc
23:07:07.659 [http-nio-8006-exec-16] DEBUG c.r.h.m.T.selectByFormulaId - [debug,135] - ==> Parameters: formula-20(String)
23:07:07.659 [http-nio-8006-exec-16] DEBUG c.r.h.m.T.selectByFormulaId - [debug,135] - <==      Total: 0
23:07:07.660 [http-nio-8006-exec-16] DEBUG c.r.h.m.T.selectByFormulaId - [debug,135] - ==>  Preparing: select id, formula_id, herb_name, dosage, unit, sort_order, notes, herb_dict_id from tcm_formula_item where formula_id = ? order by sort_order asc
23:07:07.660 [http-nio-8006-exec-16] DEBUG c.r.h.m.T.selectByFormulaId - [debug,135] - ==> Parameters: formula-21(String)
23:07:07.661 [http-nio-8006-exec-16] DEBUG c.r.h.m.T.selectByFormulaId - [debug,135] - <==      Total: 4
23:07:07.662 [http-nio-8006-exec-16] DEBUG c.r.h.m.T.selectByFormulaId - [debug,135] - ==>  Preparing: select id, formula_id, herb_name, dosage, unit, sort_order, notes, herb_dict_id from tcm_formula_item where formula_id = ? order by sort_order asc
23:07:07.662 [http-nio-8006-exec-16] DEBUG c.r.h.m.T.selectByFormulaId - [debug,135] - ==> Parameters: formula-22(String)
23:07:07.662 [http-nio-8006-exec-16] DEBUG c.r.h.m.T.selectByFormulaId - [debug,135] - <==      Total: 0
23:07:07.662 [http-nio-8006-exec-16] DEBUG c.r.h.m.T.selectByFormulaId - [debug,135] - ==>  Preparing: select id, formula_id, herb_name, dosage, unit, sort_order, notes, herb_dict_id from tcm_formula_item where formula_id = ? order by sort_order asc
23:07:07.664 [http-nio-8006-exec-16] DEBUG c.r.h.m.T.selectByFormulaId - [debug,135] - ==> Parameters: formula-23(String)
23:07:07.665 [http-nio-8006-exec-16] DEBUG c.r.h.m.T.selectByFormulaId - [debug,135] - <==      Total: 0
23:07:07.665 [http-nio-8006-exec-16] DEBUG c.r.h.m.T.selectByFormulaId - [debug,135] - ==>  Preparing: select id, formula_id, herb_name, dosage, unit, sort_order, notes, herb_dict_id from tcm_formula_item where formula_id = ? order by sort_order asc
23:07:07.665 [http-nio-8006-exec-16] DEBUG c.r.h.m.T.selectByFormulaId - [debug,135] - ==> Parameters: formula-24(String)
23:07:07.666 [http-nio-8006-exec-16] DEBUG c.r.h.m.T.selectByFormulaId - [debug,135] - <==      Total: 5
23:07:07.667 [http-nio-8006-exec-16] DEBUG c.r.h.m.T.selectByFormulaId - [debug,135] - ==>  Preparing: select id, formula_id, herb_name, dosage, unit, sort_order, notes, herb_dict_id from tcm_formula_item where formula_id = ? order by sort_order asc
23:07:07.667 [http-nio-8006-exec-16] DEBUG c.r.h.m.T.selectByFormulaId - [debug,135] - ==> Parameters: formula-25(String)
23:07:07.668 [http-nio-8006-exec-16] DEBUG c.r.h.m.T.selectByFormulaId - [debug,135] - <==      Total: 0
23:07:07.668 [http-nio-8006-exec-16] DEBUG c.r.h.m.T.selectByFormulaId - [debug,135] - ==>  Preparing: select id, formula_id, herb_name, dosage, unit, sort_order, notes, herb_dict_id from tcm_formula_item where formula_id = ? order by sort_order asc
23:07:07.668 [http-nio-8006-exec-16] DEBUG c.r.h.m.T.selectByFormulaId - [debug,135] - ==> Parameters: formula-26(String)
23:07:07.669 [http-nio-8006-exec-16] DEBUG c.r.h.m.T.selectByFormulaId - [debug,135] - <==      Total: 0
23:07:07.669 [http-nio-8006-exec-16] DEBUG c.r.h.m.T.selectByFormulaId - [debug,135] - ==>  Preparing: select id, formula_id, herb_name, dosage, unit, sort_order, notes, herb_dict_id from tcm_formula_item where formula_id = ? order by sort_order asc
23:07:07.669 [http-nio-8006-exec-16] DEBUG c.r.h.m.T.selectByFormulaId - [debug,135] - ==> Parameters: formula-27(String)
23:07:07.670 [http-nio-8006-exec-16] DEBUG c.r.h.m.T.selectByFormulaId - [debug,135] - <==      Total: 0
23:07:07.670 [http-nio-8006-exec-16] DEBUG c.r.h.m.T.selectByFormulaId - [debug,135] - ==>  Preparing: select id, formula_id, herb_name, dosage, unit, sort_order, notes, herb_dict_id from tcm_formula_item where formula_id = ? order by sort_order asc
23:07:07.671 [http-nio-8006-exec-16] DEBUG c.r.h.m.T.selectByFormulaId - [debug,135] - ==> Parameters: formula-28(String)
23:07:07.671 [http-nio-8006-exec-16] DEBUG c.r.h.m.T.selectByFormulaId - [debug,135] - <==      Total: 0
23:07:07.672 [http-nio-8006-exec-16] DEBUG c.r.h.m.T.selectByFormulaId - [debug,135] - ==>  Preparing: select id, formula_id, herb_name, dosage, unit, sort_order, notes, herb_dict_id from tcm_formula_item where formula_id = ? order by sort_order asc
23:07:07.672 [http-nio-8006-exec-16] DEBUG c.r.h.m.T.selectByFormulaId - [debug,135] - ==> Parameters: formula-29(String)
23:07:07.674 [http-nio-8006-exec-16] DEBUG c.r.h.m.T.selectByFormulaId - [debug,135] - <==      Total: 8
23:07:07.674 [http-nio-8006-exec-16] DEBUG c.r.h.m.T.selectByFormulaId - [debug,135] - ==>  Preparing: select id, formula_id, herb_name, dosage, unit, sort_order, notes, herb_dict_id from tcm_formula_item where formula_id = ? order by sort_order asc
23:07:07.675 [http-nio-8006-exec-16] DEBUG c.r.h.m.T.selectByFormulaId - [debug,135] - ==> Parameters: formula-3(String)
23:07:07.676 [http-nio-8006-exec-16] DEBUG c.r.h.m.T.selectByFormulaId - [debug,135] - <==      Total: 8
23:07:07.676 [http-nio-8006-exec-16] DEBUG c.r.h.m.T.selectByFormulaId - [debug,135] - ==>  Preparing: select id, formula_id, herb_name, dosage, unit, sort_order, notes, herb_dict_id from tcm_formula_item where formula_id = ? order by sort_order asc
23:07:07.677 [http-nio-8006-exec-16] DEBUG c.r.h.m.T.selectByFormulaId - [debug,135] - ==> Parameters: formula-30(String)
23:07:07.677 [http-nio-8006-exec-16] DEBUG c.r.h.m.T.selectByFormulaId - [debug,135] - <==      Total: 0
23:07:07.678 [http-nio-8006-exec-16] DEBUG c.r.h.m.T.selectByFormulaId - [debug,135] - ==>  Preparing: select id, formula_id, herb_name, dosage, unit, sort_order, notes, herb_dict_id from tcm_formula_item where formula_id = ? order by sort_order asc
23:07:07.678 [http-nio-8006-exec-16] DEBUG c.r.h.m.T.selectByFormulaId - [debug,135] - ==> Parameters: formula-31(String)
23:07:07.679 [http-nio-8006-exec-16] DEBUG c.r.h.m.T.selectByFormulaId - [debug,135] - <==      Total: 5
23:07:07.679 [http-nio-8006-exec-16] DEBUG c.r.h.m.T.selectByFormulaId - [debug,135] - ==>  Preparing: select id, formula_id, herb_name, dosage, unit, sort_order, notes, herb_dict_id from tcm_formula_item where formula_id = ? order by sort_order asc
23:07:07.679 [http-nio-8006-exec-16] DEBUG c.r.h.m.T.selectByFormulaId - [debug,135] - ==> Parameters: formula-32(String)
23:07:07.680 [http-nio-8006-exec-16] DEBUG c.r.h.m.T.selectByFormulaId - [debug,135] - <==      Total: 0
23:07:07.680 [http-nio-8006-exec-16] DEBUG c.r.h.m.T.selectByFormulaId - [debug,135] - ==>  Preparing: select id, formula_id, herb_name, dosage, unit, sort_order, notes, herb_dict_id from tcm_formula_item where formula_id = ? order by sort_order asc
23:07:07.680 [http-nio-8006-exec-16] DEBUG c.r.h.m.T.selectByFormulaId - [debug,135] - ==> Parameters: formula-33(String)
23:07:07.681 [http-nio-8006-exec-16] DEBUG c.r.h.m.T.selectByFormulaId - [debug,135] - <==      Total: 3
23:07:07.682 [http-nio-8006-exec-16] DEBUG c.r.h.m.T.selectByFormulaId - [debug,135] - ==>  Preparing: select id, formula_id, herb_name, dosage, unit, sort_order, notes, herb_dict_id from tcm_formula_item where formula_id = ? order by sort_order asc
23:07:07.682 [http-nio-8006-exec-16] DEBUG c.r.h.m.T.selectByFormulaId - [debug,135] - ==> Parameters: formula-34(String)
23:07:07.683 [http-nio-8006-exec-16] DEBUG c.r.h.m.T.selectByFormulaId - [debug,135] - <==      Total: 3
23:07:07.683 [http-nio-8006-exec-16] DEBUG c.r.h.m.T.selectByFormulaId - [debug,135] - ==>  Preparing: select id, formula_id, herb_name, dosage, unit, sort_order, notes, herb_dict_id from tcm_formula_item where formula_id = ? order by sort_order asc
23:07:07.683 [http-nio-8006-exec-16] DEBUG c.r.h.m.T.selectByFormulaId - [debug,135] - ==> Parameters: formula-35(String)
23:07:07.684 [http-nio-8006-exec-16] DEBUG c.r.h.m.T.selectByFormulaId - [debug,135] - <==      Total: 4
23:07:07.685 [http-nio-8006-exec-16] DEBUG c.r.h.m.T.selectByFormulaId - [debug,135] - ==>  Preparing: select id, formula_id, herb_name, dosage, unit, sort_order, notes, herb_dict_id from tcm_formula_item where formula_id = ? order by sort_order asc
23:07:07.685 [http-nio-8006-exec-16] DEBUG c.r.h.m.T.selectByFormulaId - [debug,135] - ==> Parameters: formula-36(String)
23:07:07.686 [http-nio-8006-exec-16] DEBUG c.r.h.m.T.selectByFormulaId - [debug,135] - <==      Total: 0
23:07:07.686 [http-nio-8006-exec-16] DEBUG c.r.h.m.T.selectByFormulaId - [debug,135] - ==>  Preparing: select id, formula_id, herb_name, dosage, unit, sort_order, notes, herb_dict_id from tcm_formula_item where formula_id = ? order by sort_order asc
23:07:07.687 [http-nio-8006-exec-16] DEBUG c.r.h.m.T.selectByFormulaId - [debug,135] - ==> Parameters: formula-37(String)
23:07:07.688 [http-nio-8006-exec-16] DEBUG c.r.h.m.T.selectByFormulaId - [debug,135] - <==      Total: 6
23:07:07.688 [http-nio-8006-exec-16] DEBUG c.r.h.m.T.selectByFormulaId - [debug,135] - ==>  Preparing: select id, formula_id, herb_name, dosage, unit, sort_order, notes, herb_dict_id from tcm_formula_item where formula_id = ? order by sort_order asc
23:07:07.688 [http-nio-8006-exec-16] DEBUG c.r.h.m.T.selectByFormulaId - [debug,135] - ==> Parameters: formula-38(String)
23:07:07.689 [http-nio-8006-exec-16] DEBUG c.r.h.m.T.selectByFormulaId - [debug,135] - <==      Total: 0
23:07:07.689 [http-nio-8006-exec-16] DEBUG c.r.h.m.T.selectByFormulaId - [debug,135] - ==>  Preparing: select id, formula_id, herb_name, dosage, unit, sort_order, notes, herb_dict_id from tcm_formula_item where formula_id = ? order by sort_order asc
23:07:07.689 [http-nio-8006-exec-16] DEBUG c.r.h.m.T.selectByFormulaId - [debug,135] - ==> Parameters: formula-39(String)
23:07:07.690 [http-nio-8006-exec-16] DEBUG c.r.h.m.T.selectByFormulaId - [debug,135] - <==      Total: 0
23:07:07.690 [http-nio-8006-exec-16] DEBUG c.r.h.m.T.selectByFormulaId - [debug,135] - ==>  Preparing: select id, formula_id, herb_name, dosage, unit, sort_order, notes, herb_dict_id from tcm_formula_item where formula_id = ? order by sort_order asc
23:07:07.691 [http-nio-8006-exec-16] DEBUG c.r.h.m.T.selectByFormulaId - [debug,135] - ==> Parameters: formula-4(String)
23:07:07.692 [http-nio-8006-exec-16] DEBUG c.r.h.m.T.selectByFormulaId - [debug,135] - <==      Total: 8
23:07:07.692 [http-nio-8006-exec-16] DEBUG c.r.h.m.T.selectByFormulaId - [debug,135] - ==>  Preparing: select id, formula_id, herb_name, dosage, unit, sort_order, notes, herb_dict_id from tcm_formula_item where formula_id = ? order by sort_order asc
23:07:07.692 [http-nio-8006-exec-16] DEBUG c.r.h.m.T.selectByFormulaId - [debug,135] - ==> Parameters: formula-40(String)
23:07:07.692 [http-nio-8006-exec-16] DEBUG c.r.h.m.T.selectByFormulaId - [debug,135] - <==      Total: 0
23:07:07.692 [http-nio-8006-exec-16] DEBUG c.r.h.m.T.selectByFormulaId - [debug,135] - ==>  Preparing: select id, formula_id, herb_name, dosage, unit, sort_order, notes, herb_dict_id from tcm_formula_item where formula_id = ? order by sort_order asc
23:07:07.692 [http-nio-8006-exec-16] DEBUG c.r.h.m.T.selectByFormulaId - [debug,135] - ==> Parameters: formula-41(String)
23:07:07.694 [http-nio-8006-exec-16] DEBUG c.r.h.m.T.selectByFormulaId - [debug,135] - <==      Total: 0
23:07:07.694 [http-nio-8006-exec-16] DEBUG c.r.h.m.T.selectByFormulaId - [debug,135] - ==>  Preparing: select id, formula_id, herb_name, dosage, unit, sort_order, notes, herb_dict_id from tcm_formula_item where formula_id = ? order by sort_order asc
23:07:07.695 [http-nio-8006-exec-16] DEBUG c.r.h.m.T.selectByFormulaId - [debug,135] - ==> Parameters: formula-42(String)
23:07:07.696 [http-nio-8006-exec-16] DEBUG c.r.h.m.T.selectByFormulaId - [debug,135] - <==      Total: 0
23:07:07.696 [http-nio-8006-exec-16] DEBUG c.r.h.m.T.selectByFormulaId - [debug,135] - ==>  Preparing: select id, formula_id, herb_name, dosage, unit, sort_order, notes, herb_dict_id from tcm_formula_item where formula_id = ? order by sort_order asc
23:07:07.697 [http-nio-8006-exec-16] DEBUG c.r.h.m.T.selectByFormulaId - [debug,135] - ==> Parameters: formula-43(String)
23:07:07.697 [http-nio-8006-exec-16] DEBUG c.r.h.m.T.selectByFormulaId - [debug,135] - <==      Total: 0
23:07:07.698 [http-nio-8006-exec-16] DEBUG c.r.h.m.T.selectByFormulaId - [debug,135] - ==>  Preparing: select id, formula_id, herb_name, dosage, unit, sort_order, notes, herb_dict_id from tcm_formula_item where formula_id = ? order by sort_order asc
23:07:07.698 [http-nio-8006-exec-16] DEBUG c.r.h.m.T.selectByFormulaId - [debug,135] - ==> Parameters: formula-44(String)
23:07:07.699 [http-nio-8006-exec-16] DEBUG c.r.h.m.T.selectByFormulaId - [debug,135] - <==      Total: 0
23:07:07.699 [http-nio-8006-exec-16] DEBUG c.r.h.m.T.selectByFormulaId - [debug,135] - ==>  Preparing: select id, formula_id, herb_name, dosage, unit, sort_order, notes, herb_dict_id from tcm_formula_item where formula_id = ? order by sort_order asc
23:07:07.700 [http-nio-8006-exec-16] DEBUG c.r.h.m.T.selectByFormulaId - [debug,135] - ==> Parameters: formula-45(String)
23:07:07.701 [http-nio-8006-exec-16] DEBUG c.r.h.m.T.selectByFormulaId - [debug,135] - <==      Total: 0
23:07:07.701 [http-nio-8006-exec-16] DEBUG c.r.h.m.T.selectByFormulaId - [debug,135] - ==>  Preparing: select id, formula_id, herb_name, dosage, unit, sort_order, notes, herb_dict_id from tcm_formula_item where formula_id = ? order by sort_order asc
23:07:07.701 [http-nio-8006-exec-16] DEBUG c.r.h.m.T.selectByFormulaId - [debug,135] - ==> Parameters: formula-46(String)
23:07:07.702 [http-nio-8006-exec-16] DEBUG c.r.h.m.T.selectByFormulaId - [debug,135] - <==      Total: 0
23:07:07.702 [http-nio-8006-exec-16] DEBUG c.r.h.m.T.selectByFormulaId - [debug,135] - ==>  Preparing: select id, formula_id, herb_name, dosage, unit, sort_order, notes, herb_dict_id from tcm_formula_item where formula_id = ? order by sort_order asc
23:07:07.702 [http-nio-8006-exec-16] DEBUG c.r.h.m.T.selectByFormulaId - [debug,135] - ==> Parameters: formula-47(String)
23:07:07.704 [http-nio-8006-exec-16] DEBUG c.r.h.m.T.selectByFormulaId - [debug,135] - <==      Total: 0
23:07:07.705 [http-nio-8006-exec-16] DEBUG c.r.h.m.T.selectByFormulaId - [debug,135] - ==>  Preparing: select id, formula_id, herb_name, dosage, unit, sort_order, notes, herb_dict_id from tcm_formula_item where formula_id = ? order by sort_order asc
23:07:07.705 [http-nio-8006-exec-16] DEBUG c.r.h.m.T.selectByFormulaId - [debug,135] - ==> Parameters: formula-48(String)
23:07:07.706 [http-nio-8006-exec-16] DEBUG c.r.h.m.T.selectByFormulaId - [debug,135] - <==      Total: 0
23:07:07.706 [http-nio-8006-exec-16] DEBUG c.r.h.m.T.selectByFormulaId - [debug,135] - ==>  Preparing: select id, formula_id, herb_name, dosage, unit, sort_order, notes, herb_dict_id from tcm_formula_item where formula_id = ? order by sort_order asc
23:07:07.707 [http-nio-8006-exec-16] DEBUG c.r.h.m.T.selectByFormulaId - [debug,135] - ==> Parameters: formula-49(String)
23:07:07.707 [http-nio-8006-exec-16] DEBUG c.r.h.m.T.selectByFormulaId - [debug,135] - <==      Total: 0
23:07:07.708 [http-nio-8006-exec-16] DEBUG c.r.h.m.T.selectByFormulaId - [debug,135] - ==>  Preparing: select id, formula_id, herb_name, dosage, unit, sort_order, notes, herb_dict_id from tcm_formula_item where formula_id = ? order by sort_order asc
23:07:07.708 [http-nio-8006-exec-16] DEBUG c.r.h.m.T.selectByFormulaId - [debug,135] - ==> Parameters: formula-5(String)
23:07:07.709 [http-nio-8006-exec-16] DEBUG c.r.h.m.T.selectByFormulaId - [debug,135] - <==      Total: 8
23:07:07.709 [http-nio-8006-exec-16] DEBUG c.r.h.m.T.selectByFormulaId - [debug,135] - ==>  Preparing: select id, formula_id, herb_name, dosage, unit, sort_order, notes, herb_dict_id from tcm_formula_item where formula_id = ? order by sort_order asc
23:07:07.710 [http-nio-8006-exec-16] DEBUG c.r.h.m.T.selectByFormulaId - [debug,135] - ==> Parameters: formula-50(String)
23:07:07.711 [http-nio-8006-exec-16] DEBUG c.r.h.m.T.selectByFormulaId - [debug,135] - <==      Total: 7
23:07:07.711 [http-nio-8006-exec-16] DEBUG c.r.h.m.T.selectByFormulaId - [debug,135] - ==>  Preparing: select id, formula_id, herb_name, dosage, unit, sort_order, notes, herb_dict_id from tcm_formula_item where formula_id = ? order by sort_order asc
23:07:07.712 [http-nio-8006-exec-16] DEBUG c.r.h.m.T.selectByFormulaId - [debug,135] - ==> Parameters: formula-6(String)
23:07:07.713 [http-nio-8006-exec-16] DEBUG c.r.h.m.T.selectByFormulaId - [debug,135] - <==      Total: 7
23:07:07.713 [http-nio-8006-exec-16] DEBUG c.r.h.m.T.selectByFormulaId - [debug,135] - ==>  Preparing: select id, formula_id, herb_name, dosage, unit, sort_order, notes, herb_dict_id from tcm_formula_item where formula_id = ? order by sort_order asc
23:07:07.713 [http-nio-8006-exec-16] DEBUG c.r.h.m.T.selectByFormulaId - [debug,135] - ==> Parameters: formula-7(String)
23:07:07.714 [http-nio-8006-exec-16] DEBUG c.r.h.m.T.selectByFormulaId - [debug,135] - <==      Total: 5
23:07:07.715 [http-nio-8006-exec-16] DEBUG c.r.h.m.T.selectByFormulaId - [debug,135] - ==>  Preparing: select id, formula_id, herb_name, dosage, unit, sort_order, notes, herb_dict_id from tcm_formula_item where formula_id = ? order by sort_order asc
23:07:07.715 [http-nio-8006-exec-16] DEBUG c.r.h.m.T.selectByFormulaId - [debug,135] - ==> Parameters: formula-8(String)
23:07:07.716 [http-nio-8006-exec-16] DEBUG c.r.h.m.T.selectByFormulaId - [debug,135] - <==      Total: 8
23:07:07.716 [http-nio-8006-exec-16] DEBUG c.r.h.m.T.selectByFormulaId - [debug,135] - ==>  Preparing: select id, formula_id, herb_name, dosage, unit, sort_order, notes, herb_dict_id from tcm_formula_item where formula_id = ? order by sort_order asc
23:07:07.716 [http-nio-8006-exec-16] DEBUG c.r.h.m.T.selectByFormulaId - [debug,135] - ==> Parameters: formula-9(String)
23:07:07.717 [http-nio-8006-exec-16] DEBUG c.r.h.m.T.selectByFormulaId - [debug,135] - <==      Total: 4
23:07:07.719 [http-nio-8006-exec-16] DEBUG c.r.h.m.T.selectTcmSupplierList - [debug,135] - ==>  Preparing: select id, name, contact_person, phone, email, address, notes, is_active, deleted_at, create_time, update_time from tcm_supplier WHERE deleted_at IS NULL order by create_time desc
23:07:07.719 [http-nio-8006-exec-16] DEBUG c.r.h.m.T.selectTcmSupplierList - [debug,135] - ==> Parameters: 
23:07:07.721 [http-nio-8006-exec-16] DEBUG c.r.h.m.T.selectTcmSupplierList - [debug,135] - <==      Total: 4
23:07:07.722 [http-nio-8006-exec-16] DEBUG c.r.h.m.T.selectTcmAcupointList - [debug,135] - ==>  Preparing: select id, name, pinyin, english_name, meridian, location, indication, method, notes, is_active, deleted_at, create_time, update_time from tcm_acupoint WHERE deleted_at IS NULL order by name asc
23:07:07.722 [http-nio-8006-exec-16] DEBUG c.r.h.m.T.selectTcmAcupointList - [debug,135] - ==> Parameters: 
23:07:07.727 [http-nio-8006-exec-16] DEBUG c.r.h.m.T.selectTcmAcupointList - [debug,135] - <==      Total: 100
23:07:07.728 [http-nio-8006-exec-16] DEBUG c.r.h.m.T.selectAll - [debug,135] - ==>  Preparing: select id, from_unit, to_unit, factor, notes, create_time from tcm_unit_conversion order by from_unit, to_unit
23:07:07.729 [http-nio-8006-exec-16] DEBUG c.r.h.m.T.selectAll - [debug,135] - ==> Parameters: 
23:07:07.731 [http-nio-8006-exec-16] DEBUG c.r.h.m.T.selectAll - [debug,135] - <==      Total: 16
23:07:07.732 [http-nio-8006-exec-16] DEBUG c.r.h.m.T.selectTcmHerbDictList - [debug,135] - ==>  Preparing: select id, name, alias, pinyin, category, nature, taste, meridian_tropism, efficacy, indication, dosage_range, contraindication, notes, is_active, deleted_at, create_time, update_time from tcm_herb_dict WHERE deleted_at IS NULL order by category asc, name asc
23:07:07.732 [http-nio-8006-exec-16] DEBUG c.r.h.m.T.selectTcmHerbDictList - [debug,135] - ==> Parameters: 
23:07:07.737 [http-nio-8006-exec-16] DEBUG c.r.h.m.T.selectTcmHerbDictList - [debug,135] - <==      Total: 80
23:07:07.738 [http-nio-8006-exec-16] DEBUG c.r.h.m.T.selectTcmMeridianList - [debug,135] - ==>  Preparing: select id, name, english_name, abbr, category, organ, pathway, acupoint_count, indication, notes, is_active, deleted_at, create_time, update_time from tcm_meridian WHERE deleted_at IS NULL order by id asc
23:07:07.739 [http-nio-8006-exec-16] DEBUG c.r.h.m.T.selectTcmMeridianList - [debug,135] - ==> Parameters: 
23:07:07.740 [http-nio-8006-exec-16] DEBUG c.r.h.m.T.selectTcmMeridianList - [debug,135] - <==      Total: 14
23:07:07.742 [http-nio-8006-exec-16] DEBUG c.r.h.m.T.selectTcmTreatmentTemplateList - [debug,135] - ==>  Preparing: select id, name, disease, category, description, acupoints_json, formula_ids, advice, notes, is_active, deleted_at, create_time, update_time from tcm_treatment_template WHERE deleted_at IS NULL order by category asc, name asc
23:07:07.742 [http-nio-8006-exec-16] DEBUG c.r.h.m.T.selectTcmTreatmentTemplateList - [debug,135] - ==> Parameters: 
23:07:07.743 [http-nio-8006-exec-16] DEBUG c.r.h.m.T.selectTcmTreatmentTemplateList - [debug,135] - <==      Total: 10
23:07:07.758 [http-nio-8006-exec-17] DEBUG c.r.s.m.S.selectUserList - [debug,135] - ==>  Preparing: select u.user_id, u.dept_id, u.nick_name, u.user_name, u.email, u.avatar, u.phonenumber, u.sex, u.status, u.del_flag, u.login_ip, u.login_date, u.create_by, u.create_time, u.remark, d.dept_name, d.leader from sys_user u left join sys_dept d on u.dept_id = d.dept_id where u.del_flag = '0'
23:07:07.759 [http-nio-8006-exec-17] DEBUG c.r.s.m.S.selectUserList - [debug,135] - ==> Parameters: 
23:07:07.760 [http-nio-8006-exec-17] DEBUG c.r.s.m.S.selectUserList - [debug,135] - <==      Total: 8
23:07:07.761 [http-nio-8006-exec-17] DEBUG c.r.s.m.S.selectUserById - [debug,135] - ==>  Preparing: select u.user_id, u.dept_id, u.user_name, u.nick_name, u.email, u.avatar, u.phonenumber, u.password, u.sex, u.status, u.del_flag, u.login_ip, u.login_date, u.pwd_update_date, u.create_by, u.create_time, u.remark, d.dept_id, d.parent_id, d.ancestors, d.dept_name, d.order_num, d.leader, d.status as dept_status, r.role_id, r.role_name, r.role_key, r.role_sort, r.data_scope, r.status as role_status from sys_user u left join sys_dept d on u.dept_id = d.dept_id left join sys_user_role ur on u.user_id = ur.user_id left join sys_role r on r.role_id = ur.role_id where u.user_id = ? and u.del_flag = '0'
23:07:07.762 [http-nio-8006-exec-17] DEBUG c.r.s.m.S.selectUserById - [debug,135] - ==> Parameters: 1(Long)
23:07:07.763 [http-nio-8006-exec-17] DEBUG c.r.s.m.S.selectUserById - [debug,135] - <==      Total: 1
23:07:07.763 [http-nio-8006-exec-17] DEBUG c.r.s.m.S.selectUserById - [debug,135] - ==>  Preparing: select u.user_id, u.dept_id, u.user_name, u.nick_name, u.email, u.avatar, u.phonenumber, u.password, u.sex, u.status, u.del_flag, u.login_ip, u.login_date, u.pwd_update_date, u.create_by, u.create_time, u.remark, d.dept_id, d.parent_id, d.ancestors, d.dept_name, d.order_num, d.leader, d.status as dept_status, r.role_id, r.role_name, r.role_key, r.role_sort, r.data_scope, r.status as role_status from sys_user u left join sys_dept d on u.dept_id = d.dept_id left join sys_user_role ur on u.user_id = ur.user_id left join sys_role r on r.role_id = ur.role_id where u.user_id = ? and u.del_flag = '0'
23:07:07.764 [http-nio-8006-exec-17] DEBUG c.r.s.m.S.selectUserById - [debug,135] - ==> Parameters: 2(Long)
23:07:07.765 [http-nio-8006-exec-17] DEBUG c.r.s.m.S.selectUserById - [debug,135] - <==      Total: 1
23:07:07.766 [http-nio-8006-exec-17] DEBUG c.r.s.m.S.selectUserById - [debug,135] - ==>  Preparing: select u.user_id, u.dept_id, u.user_name, u.nick_name, u.email, u.avatar, u.phonenumber, u.password, u.sex, u.status, u.del_flag, u.login_ip, u.login_date, u.pwd_update_date, u.create_by, u.create_time, u.remark, d.dept_id, d.parent_id, d.ancestors, d.dept_name, d.order_num, d.leader, d.status as dept_status, r.role_id, r.role_name, r.role_key, r.role_sort, r.data_scope, r.status as role_status from sys_user u left join sys_dept d on u.dept_id = d.dept_id left join sys_user_role ur on u.user_id = ur.user_id left join sys_role r on r.role_id = ur.role_id where u.user_id = ? and u.del_flag = '0'
23:07:07.766 [http-nio-8006-exec-17] DEBUG c.r.s.m.S.selectUserById - [debug,135] - ==> Parameters: 100(Long)
23:07:07.767 [http-nio-8006-exec-17] DEBUG c.r.s.m.S.selectUserById - [debug,135] - <==      Total: 1
23:07:07.768 [http-nio-8006-exec-17] DEBUG c.r.s.m.S.selectUserById - [debug,135] - ==>  Preparing: select u.user_id, u.dept_id, u.user_name, u.nick_name, u.email, u.avatar, u.phonenumber, u.password, u.sex, u.status, u.del_flag, u.login_ip, u.login_date, u.pwd_update_date, u.create_by, u.create_time, u.remark, d.dept_id, d.parent_id, d.ancestors, d.dept_name, d.order_num, d.leader, d.status as dept_status, r.role_id, r.role_name, r.role_key, r.role_sort, r.data_scope, r.status as role_status from sys_user u left join sys_dept d on u.dept_id = d.dept_id left join sys_user_role ur on u.user_id = ur.user_id left join sys_role r on r.role_id = ur.role_id where u.user_id = ? and u.del_flag = '0'
23:07:07.768 [http-nio-8006-exec-17] DEBUG c.r.s.m.S.selectUserById - [debug,135] - ==> Parameters: 101(Long)
23:07:07.769 [http-nio-8006-exec-17] DEBUG c.r.s.m.S.selectUserById - [debug,135] - <==      Total: 1
23:07:07.770 [http-nio-8006-exec-17] DEBUG c.r.s.m.S.selectUserById - [debug,135] - ==>  Preparing: select u.user_id, u.dept_id, u.user_name, u.nick_name, u.email, u.avatar, u.phonenumber, u.password, u.sex, u.status, u.del_flag, u.login_ip, u.login_date, u.pwd_update_date, u.create_by, u.create_time, u.remark, d.dept_id, d.parent_id, d.ancestors, d.dept_name, d.order_num, d.leader, d.status as dept_status, r.role_id, r.role_name, r.role_key, r.role_sort, r.data_scope, r.status as role_status from sys_user u left join sys_dept d on u.dept_id = d.dept_id left join sys_user_role ur on u.user_id = ur.user_id left join sys_role r on r.role_id = ur.role_id where u.user_id = ? and u.del_flag = '0'
23:07:07.770 [http-nio-8006-exec-17] DEBUG c.r.s.m.S.selectUserById - [debug,135] - ==> Parameters: 102(Long)
23:07:07.772 [http-nio-8006-exec-17] DEBUG c.r.s.m.S.selectUserById - [debug,135] - <==      Total: 1
23:07:07.772 [http-nio-8006-exec-17] DEBUG c.r.s.m.S.selectUserById - [debug,135] - ==>  Preparing: select u.user_id, u.dept_id, u.user_name, u.nick_name, u.email, u.avatar, u.phonenumber, u.password, u.sex, u.status, u.del_flag, u.login_ip, u.login_date, u.pwd_update_date, u.create_by, u.create_time, u.remark, d.dept_id, d.parent_id, d.ancestors, d.dept_name, d.order_num, d.leader, d.status as dept_status, r.role_id, r.role_name, r.role_key, r.role_sort, r.data_scope, r.status as role_status from sys_user u left join sys_dept d on u.dept_id = d.dept_id left join sys_user_role ur on u.user_id = ur.user_id left join sys_role r on r.role_id = ur.role_id where u.user_id = ? and u.del_flag = '0'
23:07:07.773 [http-nio-8006-exec-17] DEBUG c.r.s.m.S.selectUserById - [debug,135] - ==> Parameters: 103(Long)
23:07:07.774 [http-nio-8006-exec-17] DEBUG c.r.s.m.S.selectUserById - [debug,135] - <==      Total: 1
23:07:07.775 [http-nio-8006-exec-17] DEBUG c.r.s.m.S.selectUserById - [debug,135] - ==>  Preparing: select u.user_id, u.dept_id, u.user_name, u.nick_name, u.email, u.avatar, u.phonenumber, u.password, u.sex, u.status, u.del_flag, u.login_ip, u.login_date, u.pwd_update_date, u.create_by, u.create_time, u.remark, d.dept_id, d.parent_id, d.ancestors, d.dept_name, d.order_num, d.leader, d.status as dept_status, r.role_id, r.role_name, r.role_key, r.role_sort, r.data_scope, r.status as role_status from sys_user u left join sys_dept d on u.dept_id = d.dept_id left join sys_user_role ur on u.user_id = ur.user_id left join sys_role r on r.role_id = ur.role_id where u.user_id = ? and u.del_flag = '0'
23:07:07.775 [http-nio-8006-exec-17] DEBUG c.r.s.m.S.selectUserById - [debug,135] - ==> Parameters: 104(Long)
23:07:07.776 [http-nio-8006-exec-17] DEBUG c.r.s.m.S.selectUserById - [debug,135] - <==      Total: 1
23:07:07.776 [http-nio-8006-exec-17] DEBUG c.r.s.m.S.selectUserById - [debug,135] - ==>  Preparing: select u.user_id, u.dept_id, u.user_name, u.nick_name, u.email, u.avatar, u.phonenumber, u.password, u.sex, u.status, u.del_flag, u.login_ip, u.login_date, u.pwd_update_date, u.create_by, u.create_time, u.remark, d.dept_id, d.parent_id, d.ancestors, d.dept_name, d.order_num, d.leader, d.status as dept_status, r.role_id, r.role_name, r.role_key, r.role_sort, r.data_scope, r.status as role_status from sys_user u left join sys_dept d on u.dept_id = d.dept_id left join sys_user_role ur on u.user_id = ur.user_id left join sys_role r on r.role_id = ur.role_id where u.user_id = ? and u.del_flag = '0'
23:07:07.777 [http-nio-8006-exec-17] DEBUG c.r.s.m.S.selectUserById - [debug,135] - ==> Parameters: 105(Long)
23:07:07.777 [http-nio-8006-exec-17] DEBUG c.r.s.m.S.selectUserById - [debug,135] - <==      Total: 1
23:07:07.778 [http-nio-8006-exec-17] DEBUG c.r.h.m.T.selectTcmPatientList - [debug,135] - ==>  Preparing: select id, name, first_name, last_name, email, phone, practitioner_id, is_active, consent_signed, consent_signed_at, consent_token, consent_token_expires, merged_into, deleted_at, payload, create_time, update_time from tcm_patient
23:07:07.779 [http-nio-8006-exec-17] DEBUG c.r.h.m.T.selectTcmPatientList - [debug,135] - ==> Parameters: 
23:07:07.779 [http-nio-8006-exec-17] DEBUG c.r.h.m.T.selectTcmPatientList - [debug,135] - <==      Total: 3
23:07:07.780 [http-nio-8006-exec-17] DEBUG c.r.h.m.T.selectTcmAppointmentList - [debug,135] - ==>  Preparing: select id, patient_id, practitioner_id, room_id, service_type, start_time, end_time, status, branch_id, intake_token, intake_submitted, payload, create_time, update_time from tcm_appointment
23:07:07.780 [http-nio-8006-exec-17] DEBUG c.r.h.m.T.selectTcmAppointmentList - [debug,135] - ==> Parameters: 
23:07:07.781 [http-nio-8006-exec-17] DEBUG c.r.h.m.T.selectTcmAppointmentList - [debug,135] - <==      Total: 2
23:07:07.781 [http-nio-8006-exec-17] DEBUG c.r.h.m.T.selectTcmConsultationList - [debug,135] - ==>  Preparing: select id, consultation_id, patient_id, practitioner_id, consult_date, status, branch_id, locked_at, version, deleted_at, payload, create_time, update_time from tcm_consultation
23:07:07.782 [http-nio-8006-exec-17] DEBUG c.r.h.m.T.selectTcmConsultationList - [debug,135] - ==> Parameters: 
23:07:07.784 [http-nio-8006-exec-17] DEBUG c.r.h.m.T.selectTcmConsultationList - [debug,135] - <==      Total: 9
23:07:07.786 [http-nio-8006-exec-17] DEBUG c.r.h.m.T.selectTcmInventoryItemList - [debug,135] - ==>  Preparing: select id, name, category, unit, quantity, price_per_unit, min_stock_level, supplier, supplier_id, grams_per_packet, branch_id, is_active, deleted_at, herb_dict_id, payload, create_time, update_time from tcm_inventory_item WHERE deleted_at IS NULL
23:07:07.786 [http-nio-8006-exec-17] DEBUG c.r.h.m.T.selectTcmInventoryItemList - [debug,135] - ==> Parameters: 
23:07:07.788 [http-nio-8006-exec-17] DEBUG c.r.h.m.T.selectTcmInventoryItemList - [debug,135] - <==      Total: 13
23:07:07.788 [http-nio-8006-exec-17] DEBUG c.r.h.m.T.selectTcmBranchList - [debug,135] - ==>  Preparing: select id, name, code, address, phone, email, manager_id, is_active, is_main, room_ids, create_time, update_time from tcm_branch
23:07:07.789 [http-nio-8006-exec-17] DEBUG c.r.h.m.T.selectTcmBranchList - [debug,135] - ==> Parameters: 
23:07:07.790 [http-nio-8006-exec-17] DEBUG c.r.h.m.T.selectTcmBranchList - [debug,135] - <==      Total: 3
23:07:07.790 [http-nio-8006-exec-17] DEBUG c.r.h.m.T.selectAllSettings - [debug,135] - ==>  Preparing: select setting_key, setting_value, update_time from tcm_clinic_setting order by setting_key
23:07:07.790 [http-nio-8006-exec-17] DEBUG c.r.h.m.T.selectAllSettings - [debug,135] - ==> Parameters: 
23:07:07.790 [http-nio-8006-exec-17] DEBUG c.r.h.m.T.selectAllSettings - [debug,135] - <==      Total: 6
23:07:07.791 [http-nio-8006-exec-17] DEBUG c.r.h.m.T.selectTcmRoomList - [debug,135] - ==>  Preparing: select id, name, branch_id, is_active, create_time, update_time from tcm_room
23:07:07.791 [http-nio-8006-exec-17] DEBUG c.r.h.m.T.selectTcmRoomList - [debug,135] - ==> Parameters: 
23:07:07.791 [http-nio-8006-exec-17] DEBUG c.r.h.m.T.selectTcmRoomList - [debug,135] - <==      Total: 3
23:07:07.793 [http-nio-8006-exec-17] DEBUG c.r.h.m.T.selectTcmServiceTypeList - [debug,135] - ==>  Preparing: select service_key, label, duration, practitioner_time, room_required, default_price, update_time from tcm_service_type
23:07:07.793 [http-nio-8006-exec-17] DEBUG c.r.h.m.T.selectTcmServiceTypeList - [debug,135] - ==> Parameters: 
23:07:07.794 [http-nio-8006-exec-17] DEBUG c.r.h.m.T.selectTcmServiceTypeList - [debug,135] - <==      Total: 3
23:07:07.795 [http-nio-8006-exec-17] DEBUG c.r.h.m.T.selectTcmPriceListList - [debug,135] - ==>  Preparing: select id, name, effective_date, is_active, items_json, create_time, update_time from tcm_price_list
23:07:07.795 [http-nio-8006-exec-17] DEBUG c.r.h.m.T.selectTcmPriceListList - [debug,135] - ==> Parameters: 
23:07:07.795 [http-nio-8006-exec-17] DEBUG c.r.h.m.T.selectTcmPriceListList - [debug,135] - <==      Total: 1
23:07:07.796 [http-nio-8006-exec-17] DEBUG c.r.h.m.T.selectTcmEmailLogList - [debug,135] - ==>  Preparing: select id, to_email, subject, email_type, body, sent_at, payload, create_time from tcm_email_log order by id desc
23:07:07.796 [http-nio-8006-exec-17] DEBUG c.r.h.m.T.selectTcmEmailLogList - [debug,135] - ==> Parameters: 
23:07:07.798 [http-nio-8006-exec-17] DEBUG c.r.h.m.T.selectTcmEmailLogList - [debug,135] - <==      Total: 0
23:07:07.798 [http-nio-8006-exec-17] DEBUG c.r.h.m.T.selectTcmFormulaList - [debug,135] - ==>  Preparing: select id, name, category, description, source, is_active, deleted_at, create_time, update_time from tcm_formula WHERE deleted_at IS NULL order by create_time desc
23:07:07.798 [http-nio-8006-exec-17] DEBUG c.r.h.m.T.selectTcmFormulaList - [debug,135] - ==> Parameters: 
23:07:07.800 [http-nio-8006-exec-17] DEBUG c.r.h.m.T.selectTcmFormulaList - [debug,135] - <==      Total: 51
23:07:07.800 [http-nio-8006-exec-17] DEBUG c.r.h.m.T.selectByFormulaId - [debug,135] - ==>  Preparing: select id, formula_id, herb_name, dosage, unit, sort_order, notes, herb_dict_id from tcm_formula_item where formula_id = ? order by sort_order asc
23:07:07.801 [http-nio-8006-exec-17] DEBUG c.r.h.m.T.selectByFormulaId - [debug,135] - ==> Parameters: ecf8c626-94c4-4825-97d3-21c67adf9366(String)
23:07:07.802 [http-nio-8006-exec-17] DEBUG c.r.h.m.T.selectByFormulaId - [debug,135] - <==      Total: 1
23:07:07.802 [http-nio-8006-exec-17] DEBUG c.r.h.m.T.selectByFormulaId - [debug,135] - ==>  Preparing: select id, formula_id, herb_name, dosage, unit, sort_order, notes, herb_dict_id from tcm_formula_item where formula_id = ? order by sort_order asc
23:07:07.803 [http-nio-8006-exec-17] DEBUG c.r.h.m.T.selectByFormulaId - [debug,135] - ==> Parameters: formula-1(String)
23:07:07.803 [http-nio-8006-exec-17] DEBUG c.r.h.m.T.selectByFormulaId - [debug,135] - <==      Total: 4
23:07:07.803 [http-nio-8006-exec-17] DEBUG c.r.h.m.T.selectByFormulaId - [debug,135] - ==>  Preparing: select id, formula_id, herb_name, dosage, unit, sort_order, notes, herb_dict_id from tcm_formula_item where formula_id = ? order by sort_order asc
23:07:07.804 [http-nio-8006-exec-17] DEBUG c.r.h.m.T.selectByFormulaId - [debug,135] - ==> Parameters: formula-10(String)
23:07:07.805 [http-nio-8006-exec-17] DEBUG c.r.h.m.T.selectByFormulaId - [debug,135] - <==      Total: 5
23:07:07.806 [http-nio-8006-exec-17] DEBUG c.r.h.m.T.selectByFormulaId - [debug,135] - ==>  Preparing: select id, formula_id, herb_name, dosage, unit, sort_order, notes, herb_dict_id from tcm_formula_item where formula_id = ? order by sort_order asc
23:07:07.806 [http-nio-8006-exec-17] DEBUG c.r.h.m.T.selectByFormulaId - [debug,135] - ==> Parameters: formula-11(String)
23:07:07.807 [http-nio-8006-exec-17] DEBUG c.r.h.m.T.selectByFormulaId - [debug,135] - <==      Total: 4
23:07:07.807 [http-nio-8006-exec-17] DEBUG c.r.h.m.T.selectByFormulaId - [debug,135] - ==>  Preparing: select id, formula_id, herb_name, dosage, unit, sort_order, notes, herb_dict_id from tcm_formula_item where formula_id = ? order by sort_order asc
23:07:07.807 [http-nio-8006-exec-17] DEBUG c.r.h.m.T.selectByFormulaId - [debug,135] - ==> Parameters: formula-12(String)
23:07:07.808 [http-nio-8006-exec-17] DEBUG c.r.h.m.T.selectByFormulaId - [debug,135] - <==      Total: 0
23:07:07.808 [http-nio-8006-exec-17] DEBUG c.r.h.m.T.selectByFormulaId - [debug,135] - ==>  Preparing: select id, formula_id, herb_name, dosage, unit, sort_order, notes, herb_dict_id from tcm_formula_item where formula_id = ? order by sort_order asc
23:07:07.809 [http-nio-8006-exec-17] DEBUG c.r.h.m.T.selectByFormulaId - [debug,135] - ==> Parameters: formula-13(String)
23:07:07.809 [http-nio-8006-exec-17] DEBUG c.r.h.m.T.selectByFormulaId - [debug,135] - <==      Total: 0
23:07:07.810 [http-nio-8006-exec-17] DEBUG c.r.h.m.T.selectByFormulaId - [debug,135] - ==>  Preparing: select id, formula_id, herb_name, dosage, unit, sort_order, notes, herb_dict_id from tcm_formula_item where formula_id = ? order by sort_order asc
23:07:07.811 [http-nio-8006-exec-17] DEBUG c.r.h.m.T.selectByFormulaId - [debug,135] - ==> Parameters: formula-14(String)
23:07:07.811 [http-nio-8006-exec-17] DEBUG c.r.h.m.T.selectByFormulaId - [debug,135] - <==      Total: 0
23:07:07.811 [http-nio-8006-exec-17] DEBUG c.r.h.m.T.selectByFormulaId - [debug,135] - ==>  Preparing: select id, formula_id, herb_name, dosage, unit, sort_order, notes, herb_dict_id from tcm_formula_item where formula_id = ? order by sort_order asc
23:07:07.812 [http-nio-8006-exec-17] DEBUG c.r.h.m.T.selectByFormulaId - [debug,135] - ==> Parameters: formula-15(String)
23:07:07.812 [http-nio-8006-exec-17] DEBUG c.r.h.m.T.selectByFormulaId - [debug,135] - <==      Total: 7
23:07:07.813 [http-nio-8006-exec-17] DEBUG c.r.h.m.T.selectByFormulaId - [debug,135] - ==>  Preparing: select id, formula_id, herb_name, dosage, unit, sort_order, notes, herb_dict_id from tcm_formula_item where formula_id = ? order by sort_order asc
23:07:07.813 [http-nio-8006-exec-17] DEBUG c.r.h.m.T.selectByFormulaId - [debug,135] - ==> Parameters: formula-16(String)
23:07:07.814 [http-nio-8006-exec-17] DEBUG c.r.h.m.T.selectByFormulaId - [debug,135] - <==      Total: 0
23:07:07.814 [http-nio-8006-exec-17] DEBUG c.r.h.m.T.selectByFormulaId - [debug,135] - ==>  Preparing: select id, formula_id, herb_name, dosage, unit, sort_order, notes, herb_dict_id from tcm_formula_item where formula_id = ? order by sort_order asc
23:07:07.815 [http-nio-8006-exec-17] DEBUG c.r.h.m.T.selectByFormulaId - [debug,135] - ==> Parameters: formula-17(String)
23:07:07.815 [http-nio-8006-exec-17] DEBUG c.r.h.m.T.selectByFormulaId - [debug,135] - <==      Total: 4
23:07:07.816 [http-nio-8006-exec-17] DEBUG c.r.h.m.T.selectByFormulaId - [debug,135] - ==>  Preparing: select id, formula_id, herb_name, dosage, unit, sort_order, notes, herb_dict_id from tcm_formula_item where formula_id = ? order by sort_order asc
23:07:07.816 [http-nio-8006-exec-17] DEBUG c.r.h.m.T.selectByFormulaId - [debug,135] - ==> Parameters: formula-18(String)
23:07:07.816 [http-nio-8006-exec-17] DEBUG c.r.h.m.T.selectByFormulaId - [debug,135] - <==      Total: 3
23:07:07.817 [http-nio-8006-exec-17] DEBUG c.r.h.m.T.selectByFormulaId - [debug,135] - ==>  Preparing: select id, formula_id, herb_name, dosage, unit, sort_order, notes, herb_dict_id from tcm_formula_item where formula_id = ? order by sort_order asc
23:07:07.818 [http-nio-8006-exec-17] DEBUG c.r.h.m.T.selectByFormulaId - [debug,135] - ==> Parameters: formula-19(String)
23:07:07.818 [http-nio-8006-exec-17] DEBUG c.r.h.m.T.selectByFormulaId - [debug,135] - <==      Total: 0
23:07:07.818 [http-nio-8006-exec-17] DEBUG c.r.h.m.T.selectByFormulaId - [debug,135] - ==>  Preparing: select id, formula_id, herb_name, dosage, unit, sort_order, notes, herb_dict_id from tcm_formula_item where formula_id = ? order by sort_order asc
23:07:07.818 [http-nio-8006-exec-17] DEBUG c.r.h.m.T.selectByFormulaId - [debug,135] - ==> Parameters: formula-2(String)
23:07:07.819 [http-nio-8006-exec-17] DEBUG c.r.h.m.T.selectByFormulaId - [debug,135] - <==      Total: 6
23:07:07.819 [http-nio-8006-exec-17] DEBUG c.r.h.m.T.selectByFormulaId - [debug,135] - ==>  Preparing: select id, formula_id, herb_name, dosage, unit, sort_order, notes, herb_dict_id from tcm_formula_item where formula_id = ? order by sort_order asc
23:07:07.820 [http-nio-8006-exec-17] DEBUG c.r.h.m.T.selectByFormulaId - [debug,135] - ==> Parameters: formula-20(String)
23:07:07.820 [http-nio-8006-exec-17] DEBUG c.r.h.m.T.selectByFormulaId - [debug,135] - <==      Total: 0
23:07:07.821 [http-nio-8006-exec-17] DEBUG c.r.h.m.T.selectByFormulaId - [debug,135] - ==>  Preparing: select id, formula_id, herb_name, dosage, unit, sort_order, notes, herb_dict_id from tcm_formula_item where formula_id = ? order by sort_order asc
23:07:07.821 [http-nio-8006-exec-17] DEBUG c.r.h.m.T.selectByFormulaId - [debug,135] - ==> Parameters: formula-21(String)
23:07:07.822 [http-nio-8006-exec-17] DEBUG c.r.h.m.T.selectByFormulaId - [debug,135] - <==      Total: 4
23:07:07.822 [http-nio-8006-exec-17] DEBUG c.r.h.m.T.selectByFormulaId - [debug,135] - ==>  Preparing: select id, formula_id, herb_name, dosage, unit, sort_order, notes, herb_dict_id from tcm_formula_item where formula_id = ? order by sort_order asc
23:07:07.823 [http-nio-8006-exec-17] DEBUG c.r.h.m.T.selectByFormulaId - [debug,135] - ==> Parameters: formula-22(String)
23:07:07.823 [http-nio-8006-exec-17] DEBUG c.r.h.m.T.selectByFormulaId - [debug,135] - <==      Total: 0
23:07:07.824 [http-nio-8006-exec-17] DEBUG c.r.h.m.T.selectByFormulaId - [debug,135] - ==>  Preparing: select id, formula_id, herb_name, dosage, unit, sort_order, notes, herb_dict_id from tcm_formula_item where formula_id = ? order by sort_order asc
23:07:07.824 [http-nio-8006-exec-17] DEBUG c.r.h.m.T.selectByFormulaId - [debug,135] - ==> Parameters: formula-23(String)
23:07:07.824 [http-nio-8006-exec-17] DEBUG c.r.h.m.T.selectByFormulaId - [debug,135] - <==      Total: 0
23:07:07.825 [http-nio-8006-exec-17] DEBUG c.r.h.m.T.selectByFormulaId - [debug,135] - ==>  Preparing: select id, formula_id, herb_name, dosage, unit, sort_order, notes, herb_dict_id from tcm_formula_item where formula_id = ? order by sort_order asc
23:07:07.825 [http-nio-8006-exec-17] DEBUG c.r.h.m.T.selectByFormulaId - [debug,135] - ==> Parameters: formula-24(String)
23:07:07.826 [http-nio-8006-exec-17] DEBUG c.r.h.m.T.selectByFormulaId - [debug,135] - <==      Total: 5
23:07:07.826 [http-nio-8006-exec-17] DEBUG c.r.h.m.T.selectByFormulaId - [debug,135] - ==>  Preparing: select id, formula_id, herb_name, dosage, unit, sort_order, notes, herb_dict_id from tcm_formula_item where formula_id = ? order by sort_order asc
23:07:07.826 [http-nio-8006-exec-17] DEBUG c.r.h.m.T.selectByFormulaId - [debug,135] - ==> Parameters: formula-25(String)
23:07:07.827 [http-nio-8006-exec-17] DEBUG c.r.h.m.T.selectByFormulaId - [debug,135] - <==      Total: 0
23:07:07.827 [http-nio-8006-exec-17] DEBUG c.r.h.m.T.selectByFormulaId - [debug,135] - ==>  Preparing: select id, formula_id, herb_name, dosage, unit, sort_order, notes, herb_dict_id from tcm_formula_item where formula_id = ? order by sort_order asc
23:07:07.828 [http-nio-8006-exec-17] DEBUG c.r.h.m.T.selectByFormulaId - [debug,135] - ==> Parameters: formula-26(String)
23:07:07.829 [http-nio-8006-exec-17] DEBUG c.r.h.m.T.selectByFormulaId - [debug,135] - <==      Total: 0
23:07:07.830 [http-nio-8006-exec-17] DEBUG c.r.h.m.T.selectByFormulaId - [debug,135] - ==>  Preparing: select id, formula_id, herb_name, dosage, unit, sort_order, notes, herb_dict_id from tcm_formula_item where formula_id = ? order by sort_order asc
23:07:07.830 [http-nio-8006-exec-17] DEBUG c.r.h.m.T.selectByFormulaId - [debug,135] - ==> Parameters: formula-27(String)
23:07:07.831 [http-nio-8006-exec-17] DEBUG c.r.h.m.T.selectByFormulaId - [debug,135] - <==      Total: 0
23:07:07.831 [http-nio-8006-exec-17] DEBUG c.r.h.m.T.selectByFormulaId - [debug,135] - ==>  Preparing: select id, formula_id, herb_name, dosage, unit, sort_order, notes, herb_dict_id from tcm_formula_item where formula_id = ? order by sort_order asc
23:07:07.831 [http-nio-8006-exec-17] DEBUG c.r.h.m.T.selectByFormulaId - [debug,135] - ==> Parameters: formula-28(String)
23:07:07.832 [http-nio-8006-exec-17] DEBUG c.r.h.m.T.selectByFormulaId - [debug,135] - <==      Total: 0
23:07:07.832 [http-nio-8006-exec-17] DEBUG c.r.h.m.T.selectByFormulaId - [debug,135] - ==>  Preparing: select id, formula_id, herb_name, dosage, unit, sort_order, notes, herb_dict_id from tcm_formula_item where formula_id = ? order by sort_order asc
23:07:07.832 [http-nio-8006-exec-17] DEBUG c.r.h.m.T.selectByFormulaId - [debug,135] - ==> Parameters: formula-29(String)
23:07:07.834 [http-nio-8006-exec-17] DEBUG c.r.h.m.T.selectByFormulaId - [debug,135] - <==      Total: 8
23:07:07.834 [http-nio-8006-exec-17] DEBUG c.r.h.m.T.selectByFormulaId - [debug,135] - ==>  Preparing: select id, formula_id, herb_name, dosage, unit, sort_order, notes, herb_dict_id from tcm_formula_item where formula_id = ? order by sort_order asc
23:07:07.834 [http-nio-8006-exec-17] DEBUG c.r.h.m.T.selectByFormulaId - [debug,135] - ==> Parameters: formula-3(String)
23:07:07.835 [http-nio-8006-exec-17] DEBUG c.r.h.m.T.selectByFormulaId - [debug,135] - <==      Total: 8
23:07:07.835 [http-nio-8006-exec-17] DEBUG c.r.h.m.T.selectByFormulaId - [debug,135] - ==>  Preparing: select id, formula_id, herb_name, dosage, unit, sort_order, notes, herb_dict_id from tcm_formula_item where formula_id = ? order by sort_order asc
23:07:07.836 [http-nio-8006-exec-17] DEBUG c.r.h.m.T.selectByFormulaId - [debug,135] - ==> Parameters: formula-30(String)
23:07:07.836 [http-nio-8006-exec-17] DEBUG c.r.h.m.T.selectByFormulaId - [debug,135] - <==      Total: 0
23:07:07.837 [http-nio-8006-exec-17] DEBUG c.r.h.m.T.selectByFormulaId - [debug,135] - ==>  Preparing: select id, formula_id, herb_name, dosage, unit, sort_order, notes, herb_dict_id from tcm_formula_item where formula_id = ? order by sort_order asc
23:07:07.837 [http-nio-8006-exec-17] DEBUG c.r.h.m.T.selectByFormulaId - [debug,135] - ==> Parameters: formula-31(String)
23:07:07.838 [http-nio-8006-exec-17] DEBUG c.r.h.m.T.selectByFormulaId - [debug,135] - <==      Total: 5
23:07:07.838 [http-nio-8006-exec-17] DEBUG c.r.h.m.T.selectByFormulaId - [debug,135] - ==>  Preparing: select id, formula_id, herb_name, dosage, unit, sort_order, notes, herb_dict_id from tcm_formula_item where formula_id = ? order by sort_order asc
23:07:07.838 [http-nio-8006-exec-17] DEBUG c.r.h.m.T.selectByFormulaId - [debug,135] - ==> Parameters: formula-32(String)
23:07:07.839 [http-nio-8006-exec-17] DEBUG c.r.h.m.T.selectByFormulaId - [debug,135] - <==      Total: 0
23:07:07.839 [http-nio-8006-exec-17] DEBUG c.r.h.m.T.selectByFormulaId - [debug,135] - ==>  Preparing: select id, formula_id, herb_name, dosage, unit, sort_order, notes, herb_dict_id from tcm_formula_item where formula_id = ? order by sort_order asc
23:07:07.840 [http-nio-8006-exec-17] DEBUG c.r.h.m.T.selectByFormulaId - [debug,135] - ==> Parameters: formula-33(String)
23:07:07.840 [http-nio-8006-exec-17] DEBUG c.r.h.m.T.selectByFormulaId - [debug,135] - <==      Total: 3
23:07:07.841 [http-nio-8006-exec-17] DEBUG c.r.h.m.T.selectByFormulaId - [debug,135] - ==>  Preparing: select id, formula_id, herb_name, dosage, unit, sort_order, notes, herb_dict_id from tcm_formula_item where formula_id = ? order by sort_order asc
23:07:07.841 [http-nio-8006-exec-17] DEBUG c.r.h.m.T.selectByFormulaId - [debug,135] - ==> Parameters: formula-34(String)
23:07:07.841 [http-nio-8006-exec-17] DEBUG c.r.h.m.T.selectByFormulaId - [debug,135] - <==      Total: 3
23:07:07.842 [http-nio-8006-exec-17] DEBUG c.r.h.m.T.selectByFormulaId - [debug,135] - ==>  Preparing: select id, formula_id, herb_name, dosage, unit, sort_order, notes, herb_dict_id from tcm_formula_item where formula_id = ? order by sort_order asc
23:07:07.842 [http-nio-8006-exec-17] DEBUG c.r.h.m.T.selectByFormulaId - [debug,135] - ==> Parameters: formula-35(String)
23:07:07.843 [http-nio-8006-exec-17] DEBUG c.r.h.m.T.selectByFormulaId - [debug,135] - <==      Total: 4
23:07:07.843 [http-nio-8006-exec-17] DEBUG c.r.h.m.T.selectByFormulaId - [debug,135] - ==>  Preparing: select id, formula_id, herb_name, dosage, unit, sort_order, notes, herb_dict_id from tcm_formula_item where formula_id = ? order by sort_order asc
23:07:07.843 [http-nio-8006-exec-17] DEBUG c.r.h.m.T.selectByFormulaId - [debug,135] - ==> Parameters: formula-36(String)
23:07:07.844 [http-nio-8006-exec-17] DEBUG c.r.h.m.T.selectByFormulaId - [debug,135] - <==      Total: 0
23:07:07.845 [http-nio-8006-exec-17] DEBUG c.r.h.m.T.selectByFormulaId - [debug,135] - ==>  Preparing: select id, formula_id, herb_name, dosage, unit, sort_order, notes, herb_dict_id from tcm_formula_item where formula_id = ? order by sort_order asc
23:07:07.845 [http-nio-8006-exec-17] DEBUG c.r.h.m.T.selectByFormulaId - [debug,135] - ==> Parameters: formula-37(String)
23:07:07.845 [http-nio-8006-exec-17] DEBUG c.r.h.m.T.selectByFormulaId - [debug,135] - <==      Total: 6
23:07:07.846 [http-nio-8006-exec-17] DEBUG c.r.h.m.T.selectByFormulaId - [debug,135] - ==>  Preparing: select id, formula_id, herb_name, dosage, unit, sort_order, notes, herb_dict_id from tcm_formula_item where formula_id = ? order by sort_order asc
23:07:07.846 [http-nio-8006-exec-17] DEBUG c.r.h.m.T.selectByFormulaId - [debug,135] - ==> Parameters: formula-38(String)
23:07:07.846 [http-nio-8006-exec-17] DEBUG c.r.h.m.T.selectByFormulaId - [debug,135] - <==      Total: 0
23:07:07.847 [http-nio-8006-exec-17] DEBUG c.r.h.m.T.selectByFormulaId - [debug,135] - ==>  Preparing: select id, formula_id, herb_name, dosage, unit, sort_order, notes, herb_dict_id from tcm_formula_item where formula_id = ? order by sort_order asc
23:07:07.847 [http-nio-8006-exec-17] DEBUG c.r.h.m.T.selectByFormulaId - [debug,135] - ==> Parameters: formula-39(String)
23:07:07.848 [http-nio-8006-exec-17] DEBUG c.r.h.m.T.selectByFormulaId - [debug,135] - <==      Total: 0
23:07:07.848 [http-nio-8006-exec-17] DEBUG c.r.h.m.T.selectByFormulaId - [debug,135] - ==>  Preparing: select id, formula_id, herb_name, dosage, unit, sort_order, notes, herb_dict_id from tcm_formula_item where formula_id = ? order by sort_order asc
23:07:07.848 [http-nio-8006-exec-17] DEBUG c.r.h.m.T.selectByFormulaId - [debug,135] - ==> Parameters: formula-4(String)
23:07:07.849 [http-nio-8006-exec-17] DEBUG c.r.h.m.T.selectByFormulaId - [debug,135] - <==      Total: 8
23:07:07.849 [http-nio-8006-exec-17] DEBUG c.r.h.m.T.selectByFormulaId - [debug,135] - ==>  Preparing: select id, formula_id, herb_name, dosage, unit, sort_order, notes, herb_dict_id from tcm_formula_item where formula_id = ? order by sort_order asc
23:07:07.850 [http-nio-8006-exec-17] DEBUG c.r.h.m.T.selectByFormulaId - [debug,135] - ==> Parameters: formula-40(String)
23:07:07.850 [http-nio-8006-exec-17] DEBUG c.r.h.m.T.selectByFormulaId - [debug,135] - <==      Total: 0
23:07:07.850 [http-nio-8006-exec-17] DEBUG c.r.h.m.T.selectByFormulaId - [debug,135] - ==>  Preparing: select id, formula_id, herb_name, dosage, unit, sort_order, notes, herb_dict_id from tcm_formula_item where formula_id = ? order by sort_order asc
23:07:07.851 [http-nio-8006-exec-17] DEBUG c.r.h.m.T.selectByFormulaId - [debug,135] - ==> Parameters: formula-41(String)
23:07:07.851 [http-nio-8006-exec-17] DEBUG c.r.h.m.T.selectByFormulaId - [debug,135] - <==      Total: 0
23:07:07.852 [http-nio-8006-exec-17] DEBUG c.r.h.m.T.selectByFormulaId - [debug,135] - ==>  Preparing: select id, formula_id, herb_name, dosage, unit, sort_order, notes, herb_dict_id from tcm_formula_item where formula_id = ? order by sort_order asc
23:07:07.852 [http-nio-8006-exec-17] DEBUG c.r.h.m.T.selectByFormulaId - [debug,135] - ==> Parameters: formula-42(String)
23:07:07.853 [http-nio-8006-exec-17] DEBUG c.r.h.m.T.selectByFormulaId - [debug,135] - <==      Total: 0
23:07:07.853 [http-nio-8006-exec-17] DEBUG c.r.h.m.T.selectByFormulaId - [debug,135] - ==>  Preparing: select id, formula_id, herb_name, dosage, unit, sort_order, notes, herb_dict_id from tcm_formula_item where formula_id = ? order by sort_order asc
23:07:07.854 [http-nio-8006-exec-17] DEBUG c.r.h.m.T.selectByFormulaId - [debug,135] - ==> Parameters: formula-43(String)
23:07:07.854 [http-nio-8006-exec-17] DEBUG c.r.h.m.T.selectByFormulaId - [debug,135] - <==      Total: 0
23:07:07.854 [http-nio-8006-exec-17] DEBUG c.r.h.m.T.selectByFormulaId - [debug,135] - ==>  Preparing: select id, formula_id, herb_name, dosage, unit, sort_order, notes, herb_dict_id from tcm_formula_item where formula_id = ? order by sort_order asc
23:07:07.854 [http-nio-8006-exec-17] DEBUG c.r.h.m.T.selectByFormulaId - [debug,135] - ==> Parameters: formula-44(String)
23:07:07.855 [http-nio-8006-exec-17] DEBUG c.r.h.m.T.selectByFormulaId - [debug,135] - <==      Total: 0
23:07:07.856 [http-nio-8006-exec-17] DEBUG c.r.h.m.T.selectByFormulaId - [debug,135] - ==>  Preparing: select id, formula_id, herb_name, dosage, unit, sort_order, notes, herb_dict_id from tcm_formula_item where formula_id = ? order by sort_order asc
23:07:07.856 [http-nio-8006-exec-17] DEBUG c.r.h.m.T.selectByFormulaId - [debug,135] - ==> Parameters: formula-45(String)
23:07:07.857 [http-nio-8006-exec-17] DEBUG c.r.h.m.T.selectByFormulaId - [debug,135] - <==      Total: 0
23:07:07.857 [http-nio-8006-exec-17] DEBUG c.r.h.m.T.selectByFormulaId - [debug,135] - ==>  Preparing: select id, formula_id, herb_name, dosage, unit, sort_order, notes, herb_dict_id from tcm_formula_item where formula_id = ? order by sort_order asc
23:07:07.857 [http-nio-8006-exec-17] DEBUG c.r.h.m.T.selectByFormulaId - [debug,135] - ==> Parameters: formula-46(String)
23:07:07.858 [http-nio-8006-exec-17] DEBUG c.r.h.m.T.selectByFormulaId - [debug,135] - <==      Total: 0
23:07:07.858 [http-nio-8006-exec-17] DEBUG c.r.h.m.T.selectByFormulaId - [debug,135] - ==>  Preparing: select id, formula_id, herb_name, dosage, unit, sort_order, notes, herb_dict_id from tcm_formula_item where formula_id = ? order by sort_order asc
23:07:07.859 [http-nio-8006-exec-17] DEBUG c.r.h.m.T.selectByFormulaId - [debug,135] - ==> Parameters: formula-47(String)
23:07:07.859 [http-nio-8006-exec-17] DEBUG c.r.h.m.T.selectByFormulaId - [debug,135] - <==      Total: 0
23:07:07.861 [http-nio-8006-exec-17] DEBUG c.r.h.m.T.selectByFormulaId - [debug,135] - ==>  Preparing: select id, formula_id, herb_name, dosage, unit, sort_order, notes, herb_dict_id from tcm_formula_item where formula_id = ? order by sort_order asc
23:07:07.861 [http-nio-8006-exec-17] DEBUG c.r.h.m.T.selectByFormulaId - [debug,135] - ==> Parameters: formula-48(String)
23:07:07.862 [http-nio-8006-exec-17] DEBUG c.r.h.m.T.selectByFormulaId - [debug,135] - <==      Total: 0
23:07:07.862 [http-nio-8006-exec-17] DEBUG c.r.h.m.T.selectByFormulaId - [debug,135] - ==>  Preparing: select id, formula_id, herb_name, dosage, unit, sort_order, notes, herb_dict_id from tcm_formula_item where formula_id = ? order by sort_order asc
23:07:07.863 [http-nio-8006-exec-17] DEBUG c.r.h.m.T.selectByFormulaId - [debug,135] - ==> Parameters: formula-49(String)
23:07:07.863 [http-nio-8006-exec-17] DEBUG c.r.h.m.T.selectByFormulaId - [debug,135] - <==      Total: 0
23:07:07.863 [http-nio-8006-exec-17] DEBUG c.r.h.m.T.selectByFormulaId - [debug,135] - ==>  Preparing: select id, formula_id, herb_name, dosage, unit, sort_order, notes, herb_dict_id from tcm_formula_item where formula_id = ? order by sort_order asc
23:07:07.864 [http-nio-8006-exec-17] DEBUG c.r.h.m.T.selectByFormulaId - [debug,135] - ==> Parameters: formula-5(String)
23:07:07.865 [http-nio-8006-exec-17] DEBUG c.r.h.m.T.selectByFormulaId - [debug,135] - <==      Total: 8
23:07:07.865 [http-nio-8006-exec-17] DEBUG c.r.h.m.T.selectByFormulaId - [debug,135] - ==>  Preparing: select id, formula_id, herb_name, dosage, unit, sort_order, notes, herb_dict_id from tcm_formula_item where formula_id = ? order by sort_order asc
23:07:07.866 [http-nio-8006-exec-17] DEBUG c.r.h.m.T.selectByFormulaId - [debug,135] - ==> Parameters: formula-50(String)
23:07:07.866 [http-nio-8006-exec-17] DEBUG c.r.h.m.T.selectByFormulaId - [debug,135] - <==      Total: 7
23:07:07.867 [http-nio-8006-exec-17] DEBUG c.r.h.m.T.selectByFormulaId - [debug,135] - ==>  Preparing: select id, formula_id, herb_name, dosage, unit, sort_order, notes, herb_dict_id from tcm_formula_item where formula_id = ? order by sort_order asc
23:07:07.867 [http-nio-8006-exec-17] DEBUG c.r.h.m.T.selectByFormulaId - [debug,135] - ==> Parameters: formula-6(String)
23:07:07.868 [http-nio-8006-exec-17] DEBUG c.r.h.m.T.selectByFormulaId - [debug,135] - <==      Total: 7
23:07:07.868 [http-nio-8006-exec-17] DEBUG c.r.h.m.T.selectByFormulaId - [debug,135] - ==>  Preparing: select id, formula_id, herb_name, dosage, unit, sort_order, notes, herb_dict_id from tcm_formula_item where formula_id = ? order by sort_order asc
23:07:07.868 [http-nio-8006-exec-17] DEBUG c.r.h.m.T.selectByFormulaId - [debug,135] - ==> Parameters: formula-7(String)
23:07:07.869 [http-nio-8006-exec-17] DEBUG c.r.h.m.T.selectByFormulaId - [debug,135] - <==      Total: 5
23:07:07.870 [http-nio-8006-exec-17] DEBUG c.r.h.m.T.selectByFormulaId - [debug,135] - ==>  Preparing: select id, formula_id, herb_name, dosage, unit, sort_order, notes, herb_dict_id from tcm_formula_item where formula_id = ? order by sort_order asc
23:07:07.870 [http-nio-8006-exec-17] DEBUG c.r.h.m.T.selectByFormulaId - [debug,135] - ==> Parameters: formula-8(String)
23:07:07.870 [http-nio-8006-exec-17] DEBUG c.r.h.m.T.selectByFormulaId - [debug,135] - <==      Total: 8
23:07:07.870 [http-nio-8006-exec-17] DEBUG c.r.h.m.T.selectByFormulaId - [debug,135] - ==>  Preparing: select id, formula_id, herb_name, dosage, unit, sort_order, notes, herb_dict_id from tcm_formula_item where formula_id = ? order by sort_order asc
23:07:07.871 [http-nio-8006-exec-17] DEBUG c.r.h.m.T.selectByFormulaId - [debug,135] - ==> Parameters: formula-9(String)
23:07:07.871 [http-nio-8006-exec-17] DEBUG c.r.h.m.T.selectByFormulaId - [debug,135] - <==      Total: 4
23:07:07.873 [http-nio-8006-exec-17] DEBUG c.r.h.m.T.selectTcmSupplierList - [debug,135] - ==>  Preparing: select id, name, contact_person, phone, email, address, notes, is_active, deleted_at, create_time, update_time from tcm_supplier WHERE deleted_at IS NULL order by create_time desc
23:07:07.873 [http-nio-8006-exec-17] DEBUG c.r.h.m.T.selectTcmSupplierList - [debug,135] - ==> Parameters: 
23:07:07.875 [http-nio-8006-exec-17] DEBUG c.r.h.m.T.selectTcmSupplierList - [debug,135] - <==      Total: 4
23:07:07.875 [http-nio-8006-exec-17] DEBUG c.r.h.m.T.selectTcmAcupointList - [debug,135] - ==>  Preparing: select id, name, pinyin, english_name, meridian, location, indication, method, notes, is_active, deleted_at, create_time, update_time from tcm_acupoint WHERE deleted_at IS NULL order by name asc
23:07:07.875 [http-nio-8006-exec-17] DEBUG c.r.h.m.T.selectTcmAcupointList - [debug,135] - ==> Parameters: 
23:07:07.879 [http-nio-8006-exec-17] DEBUG c.r.h.m.T.selectTcmAcupointList - [debug,135] - <==      Total: 100
23:07:07.880 [http-nio-8006-exec-17] DEBUG c.r.h.m.T.selectAll - [debug,135] - ==>  Preparing: select id, from_unit, to_unit, factor, notes, create_time from tcm_unit_conversion order by from_unit, to_unit
23:07:07.880 [http-nio-8006-exec-17] DEBUG c.r.h.m.T.selectAll - [debug,135] - ==> Parameters: 
23:07:07.882 [http-nio-8006-exec-17] DEBUG c.r.h.m.T.selectAll - [debug,135] - <==      Total: 16
23:07:07.882 [http-nio-8006-exec-17] DEBUG c.r.h.m.T.selectTcmHerbDictList - [debug,135] - ==>  Preparing: select id, name, alias, pinyin, category, nature, taste, meridian_tropism, efficacy, indication, dosage_range, contraindication, notes, is_active, deleted_at, create_time, update_time from tcm_herb_dict WHERE deleted_at IS NULL order by category asc, name asc
23:07:07.882 [http-nio-8006-exec-17] DEBUG c.r.h.m.T.selectTcmHerbDictList - [debug,135] - ==> Parameters: 
23:07:07.886 [http-nio-8006-exec-17] DEBUG c.r.h.m.T.selectTcmHerbDictList - [debug,135] - <==      Total: 80
23:07:07.886 [http-nio-8006-exec-17] DEBUG c.r.h.m.T.selectTcmMeridianList - [debug,135] - ==>  Preparing: select id, name, english_name, abbr, category, organ, pathway, acupoint_count, indication, notes, is_active, deleted_at, create_time, update_time from tcm_meridian WHERE deleted_at IS NULL order by id asc
23:07:07.887 [http-nio-8006-exec-17] DEBUG c.r.h.m.T.selectTcmMeridianList - [debug,135] - ==> Parameters: 
23:07:07.890 [http-nio-8006-exec-17] DEBUG c.r.h.m.T.selectTcmMeridianList - [debug,135] - <==      Total: 14
23:07:07.890 [http-nio-8006-exec-17] DEBUG c.r.h.m.T.selectTcmTreatmentTemplateList - [debug,135] - ==>  Preparing: select id, name, disease, category, description, acupoints_json, formula_ids, advice, notes, is_active, deleted_at, create_time, update_time from tcm_treatment_template WHERE deleted_at IS NULL order by category asc, name asc
23:07:07.891 [http-nio-8006-exec-17] DEBUG c.r.h.m.T.selectTcmTreatmentTemplateList - [debug,135] - ==> Parameters: 
23:07:07.893 [http-nio-8006-exec-17] DEBUG c.r.h.m.T.selectTcmTreatmentTemplateList - [debug,135] - <==      Total: 10
23:07:08.033 [http-nio-8006-exec-19] DEBUG c.r.h.m.T.selectTcmInventoryItemList - [debug,135] - ==>  Preparing: select id, name, category, unit, quantity, price_per_unit, min_stock_level, supplier, supplier_id, grams_per_packet, branch_id, is_active, deleted_at, herb_dict_id, payload, create_time, update_time from tcm_inventory_item WHERE deleted_at IS NULL
23:07:08.034 [http-nio-8006-exec-19] DEBUG c.r.h.m.T.selectTcmInventoryItemList - [debug,135] - ==> Parameters: 
23:07:08.036 [http-nio-8006-exec-19] DEBUG c.r.h.m.T.selectTcmInventoryItemList - [debug,135] - <==      Total: 13
23:07:08.099 [http-nio-8006-exec-18] DEBUG c.r.s.m.S.selectUserList - [debug,135] - ==>  Preparing: select u.user_id, u.dept_id, u.nick_name, u.user_name, u.email, u.avatar, u.phonenumber, u.sex, u.status, u.del_flag, u.login_ip, u.login_date, u.create_by, u.create_time, u.remark, d.dept_name, d.leader from sys_user u left join sys_dept d on u.dept_id = d.dept_id where u.del_flag = '0'
23:07:08.101 [http-nio-8006-exec-18] DEBUG c.r.s.m.S.selectUserList - [debug,135] - ==> Parameters: 
23:07:08.102 [http-nio-8006-exec-18] DEBUG c.r.s.m.S.selectUserList - [debug,135] - <==      Total: 8
23:07:08.103 [http-nio-8006-exec-18] DEBUG c.r.s.m.S.selectUserById - [debug,135] - ==>  Preparing: select u.user_id, u.dept_id, u.user_name, u.nick_name, u.email, u.avatar, u.phonenumber, u.password, u.sex, u.status, u.del_flag, u.login_ip, u.login_date, u.pwd_update_date, u.create_by, u.create_time, u.remark, d.dept_id, d.parent_id, d.ancestors, d.dept_name, d.order_num, d.leader, d.status as dept_status, r.role_id, r.role_name, r.role_key, r.role_sort, r.data_scope, r.status as role_status from sys_user u left join sys_dept d on u.dept_id = d.dept_id left join sys_user_role ur on u.user_id = ur.user_id left join sys_role r on r.role_id = ur.role_id where u.user_id = ? and u.del_flag = '0'
23:07:08.103 [http-nio-8006-exec-18] DEBUG c.r.s.m.S.selectUserById - [debug,135] - ==> Parameters: 1(Long)
23:07:08.105 [http-nio-8006-exec-18] DEBUG c.r.s.m.S.selectUserById - [debug,135] - <==      Total: 1
23:07:08.106 [http-nio-8006-exec-18] DEBUG c.r.s.m.S.selectUserById - [debug,135] - ==>  Preparing: select u.user_id, u.dept_id, u.user_name, u.nick_name, u.email, u.avatar, u.phonenumber, u.password, u.sex, u.status, u.del_flag, u.login_ip, u.login_date, u.pwd_update_date, u.create_by, u.create_time, u.remark, d.dept_id, d.parent_id, d.ancestors, d.dept_name, d.order_num, d.leader, d.status as dept_status, r.role_id, r.role_name, r.role_key, r.role_sort, r.data_scope, r.status as role_status from sys_user u left join sys_dept d on u.dept_id = d.dept_id left join sys_user_role ur on u.user_id = ur.user_id left join sys_role r on r.role_id = ur.role_id where u.user_id = ? and u.del_flag = '0'
23:07:08.106 [http-nio-8006-exec-18] DEBUG c.r.s.m.S.selectUserById - [debug,135] - ==> Parameters: 2(Long)
23:07:08.107 [http-nio-8006-exec-18] DEBUG c.r.s.m.S.selectUserById - [debug,135] - <==      Total: 1
23:07:08.108 [http-nio-8006-exec-18] DEBUG c.r.s.m.S.selectUserById - [debug,135] - ==>  Preparing: select u.user_id, u.dept_id, u.user_name, u.nick_name, u.email, u.avatar, u.phonenumber, u.password, u.sex, u.status, u.del_flag, u.login_ip, u.login_date, u.pwd_update_date, u.create_by, u.create_time, u.remark, d.dept_id, d.parent_id, d.ancestors, d.dept_name, d.order_num, d.leader, d.status as dept_status, r.role_id, r.role_name, r.role_key, r.role_sort, r.data_scope, r.status as role_status from sys_user u left join sys_dept d on u.dept_id = d.dept_id left join sys_user_role ur on u.user_id = ur.user_id left join sys_role r on r.role_id = ur.role_id where u.user_id = ? and u.del_flag = '0'
23:07:08.108 [http-nio-8006-exec-18] DEBUG c.r.s.m.S.selectUserById - [debug,135] - ==> Parameters: 100(Long)
23:07:08.109 [http-nio-8006-exec-18] DEBUG c.r.s.m.S.selectUserById - [debug,135] - <==      Total: 1
23:07:08.109 [http-nio-8006-exec-18] DEBUG c.r.s.m.S.selectUserById - [debug,135] - ==>  Preparing: select u.user_id, u.dept_id, u.user_name, u.nick_name, u.email, u.avatar, u.phonenumber, u.password, u.sex, u.status, u.del_flag, u.login_ip, u.login_date, u.pwd_update_date, u.create_by, u.create_time, u.remark, d.dept_id, d.parent_id, d.ancestors, d.dept_name, d.order_num, d.leader, d.status as dept_status, r.role_id, r.role_name, r.role_key, r.role_sort, r.data_scope, r.status as role_status from sys_user u left join sys_dept d on u.dept_id = d.dept_id left join sys_user_role ur on u.user_id = ur.user_id left join sys_role r on r.role_id = ur.role_id where u.user_id = ? and u.del_flag = '0'
23:07:08.110 [http-nio-8006-exec-18] DEBUG c.r.s.m.S.selectUserById - [debug,135] - ==> Parameters: 101(Long)
23:07:08.111 [http-nio-8006-exec-18] DEBUG c.r.s.m.S.selectUserById - [debug,135] - <==      Total: 1
23:07:08.111 [http-nio-8006-exec-18] DEBUG c.r.s.m.S.selectUserById - [debug,135] - ==>  Preparing: select u.user_id, u.dept_id, u.user_name, u.nick_name, u.email, u.avatar, u.phonenumber, u.password, u.sex, u.status, u.del_flag, u.login_ip, u.login_date, u.pwd_update_date, u.create_by, u.create_time, u.remark, d.dept_id, d.parent_id, d.ancestors, d.dept_name, d.order_num, d.leader, d.status as dept_status, r.role_id, r.role_name, r.role_key, r.role_sort, r.data_scope, r.status as role_status from sys_user u left join sys_dept d on u.dept_id = d.dept_id left join sys_user_role ur on u.user_id = ur.user_id left join sys_role r on r.role_id = ur.role_id where u.user_id = ? and u.del_flag = '0'
23:07:08.111 [http-nio-8006-exec-18] DEBUG c.r.s.m.S.selectUserById - [debug,135] - ==> Parameters: 102(Long)
23:07:08.112 [http-nio-8006-exec-18] DEBUG c.r.s.m.S.selectUserById - [debug,135] - <==      Total: 1
23:07:08.114 [http-nio-8006-exec-18] DEBUG c.r.s.m.S.selectUserById - [debug,135] - ==>  Preparing: select u.user_id, u.dept_id, u.user_name, u.nick_name, u.email, u.avatar, u.phonenumber, u.password, u.sex, u.status, u.del_flag, u.login_ip, u.login_date, u.pwd_update_date, u.create_by, u.create_time, u.remark, d.dept_id, d.parent_id, d.ancestors, d.dept_name, d.order_num, d.leader, d.status as dept_status, r.role_id, r.role_name, r.role_key, r.role_sort, r.data_scope, r.status as role_status from sys_user u left join sys_dept d on u.dept_id = d.dept_id left join sys_user_role ur on u.user_id = ur.user_id left join sys_role r on r.role_id = ur.role_id where u.user_id = ? and u.del_flag = '0'
23:07:08.114 [http-nio-8006-exec-18] DEBUG c.r.s.m.S.selectUserById - [debug,135] - ==> Parameters: 103(Long)
23:07:08.115 [http-nio-8006-exec-18] DEBUG c.r.s.m.S.selectUserById - [debug,135] - <==      Total: 1
23:07:08.115 [http-nio-8006-exec-18] DEBUG c.r.s.m.S.selectUserById - [debug,135] - ==>  Preparing: select u.user_id, u.dept_id, u.user_name, u.nick_name, u.email, u.avatar, u.phonenumber, u.password, u.sex, u.status, u.del_flag, u.login_ip, u.login_date, u.pwd_update_date, u.create_by, u.create_time, u.remark, d.dept_id, d.parent_id, d.ancestors, d.dept_name, d.order_num, d.leader, d.status as dept_status, r.role_id, r.role_name, r.role_key, r.role_sort, r.data_scope, r.status as role_status from sys_user u left join sys_dept d on u.dept_id = d.dept_id left join sys_user_role ur on u.user_id = ur.user_id left join sys_role r on r.role_id = ur.role_id where u.user_id = ? and u.del_flag = '0'
23:07:08.115 [http-nio-8006-exec-18] DEBUG c.r.s.m.S.selectUserById - [debug,135] - ==> Parameters: 104(Long)
23:07:08.116 [http-nio-8006-exec-18] DEBUG c.r.s.m.S.selectUserById - [debug,135] - <==      Total: 1
23:07:08.117 [http-nio-8006-exec-18] DEBUG c.r.s.m.S.selectUserById - [debug,135] - ==>  Preparing: select u.user_id, u.dept_id, u.user_name, u.nick_name, u.email, u.avatar, u.phonenumber, u.password, u.sex, u.status, u.del_flag, u.login_ip, u.login_date, u.pwd_update_date, u.create_by, u.create_time, u.remark, d.dept_id, d.parent_id, d.ancestors, d.dept_name, d.order_num, d.leader, d.status as dept_status, r.role_id, r.role_name, r.role_key, r.role_sort, r.data_scope, r.status as role_status from sys_user u left join sys_dept d on u.dept_id = d.dept_id left join sys_user_role ur on u.user_id = ur.user_id left join sys_role r on r.role_id = ur.role_id where u.user_id = ? and u.del_flag = '0'
23:07:08.118 [http-nio-8006-exec-18] DEBUG c.r.s.m.S.selectUserById - [debug,135] - ==> Parameters: 105(Long)
23:07:08.119 [http-nio-8006-exec-18] DEBUG c.r.s.m.S.selectUserById - [debug,135] - <==      Total: 1
23:07:08.119 [http-nio-8006-exec-18] DEBUG c.r.h.m.T.selectTcmPatientList - [debug,135] - ==>  Preparing: select id, name, first_name, last_name, email, phone, practitioner_id, is_active, consent_signed, consent_signed_at, consent_token, consent_token_expires, merged_into, deleted_at, payload, create_time, update_time from tcm_patient
23:07:08.119 [http-nio-8006-exec-18] DEBUG c.r.h.m.T.selectTcmPatientList - [debug,135] - ==> Parameters: 
23:07:08.121 [http-nio-8006-exec-18] DEBUG c.r.h.m.T.selectTcmPatientList - [debug,135] - <==      Total: 3
23:07:08.121 [http-nio-8006-exec-18] DEBUG c.r.h.m.T.selectTcmAppointmentList - [debug,135] - ==>  Preparing: select id, patient_id, practitioner_id, room_id, service_type, start_time, end_time, status, branch_id, intake_token, intake_submitted, payload, create_time, update_time from tcm_appointment
23:07:08.123 [http-nio-8006-exec-18] DEBUG c.r.h.m.T.selectTcmAppointmentList - [debug,135] - ==> Parameters: 
23:07:08.123 [http-nio-8006-exec-18] DEBUG c.r.h.m.T.selectTcmAppointmentList - [debug,135] - <==      Total: 2
23:07:08.124 [http-nio-8006-exec-18] DEBUG c.r.h.m.T.selectTcmConsultationList - [debug,135] - ==>  Preparing: select id, consultation_id, patient_id, practitioner_id, consult_date, status, branch_id, locked_at, version, deleted_at, payload, create_time, update_time from tcm_consultation
23:07:08.125 [http-nio-8006-exec-18] DEBUG c.r.h.m.T.selectTcmConsultationList - [debug,135] - ==> Parameters: 
23:07:08.126 [http-nio-8006-exec-18] DEBUG c.r.h.m.T.selectTcmConsultationList - [debug,135] - <==      Total: 9
23:07:08.127 [http-nio-8006-exec-18] DEBUG c.r.h.m.T.selectTcmInventoryItemList - [debug,135] - ==>  Preparing: select id, name, category, unit, quantity, price_per_unit, min_stock_level, supplier, supplier_id, grams_per_packet, branch_id, is_active, deleted_at, herb_dict_id, payload, create_time, update_time from tcm_inventory_item WHERE deleted_at IS NULL
23:07:08.128 [http-nio-8006-exec-18] DEBUG c.r.h.m.T.selectTcmInventoryItemList - [debug,135] - ==> Parameters: 
23:07:08.129 [http-nio-8006-exec-18] DEBUG c.r.h.m.T.selectTcmInventoryItemList - [debug,135] - <==      Total: 13
23:07:08.130 [http-nio-8006-exec-18] DEBUG c.r.h.m.T.selectTcmBranchList - [debug,135] - ==>  Preparing: select id, name, code, address, phone, email, manager_id, is_active, is_main, room_ids, create_time, update_time from tcm_branch
23:07:08.130 [http-nio-8006-exec-18] DEBUG c.r.h.m.T.selectTcmBranchList - [debug,135] - ==> Parameters: 
23:07:08.131 [http-nio-8006-exec-18] DEBUG c.r.h.m.T.selectTcmBranchList - [debug,135] - <==      Total: 3
23:07:08.131 [http-nio-8006-exec-18] DEBUG c.r.h.m.T.selectAllSettings - [debug,135] - ==>  Preparing: select setting_key, setting_value, update_time from tcm_clinic_setting order by setting_key
23:07:08.132 [http-nio-8006-exec-18] DEBUG c.r.h.m.T.selectAllSettings - [debug,135] - ==> Parameters: 
23:07:08.133 [http-nio-8006-exec-18] DEBUG c.r.h.m.T.selectAllSettings - [debug,135] - <==      Total: 6
23:07:08.133 [http-nio-8006-exec-18] DEBUG c.r.h.m.T.selectTcmRoomList - [debug,135] - ==>  Preparing: select id, name, branch_id, is_active, create_time, update_time from tcm_room
23:07:08.133 [http-nio-8006-exec-18] DEBUG c.r.h.m.T.selectTcmRoomList - [debug,135] - ==> Parameters: 
23:07:08.135 [http-nio-8006-exec-18] DEBUG c.r.h.m.T.selectTcmRoomList - [debug,135] - <==      Total: 3
23:07:08.135 [http-nio-8006-exec-18] DEBUG c.r.h.m.T.selectTcmServiceTypeList - [debug,135] - ==>  Preparing: select service_key, label, duration, practitioner_time, room_required, default_price, update_time from tcm_service_type
23:07:08.135 [http-nio-8006-exec-18] DEBUG c.r.h.m.T.selectTcmServiceTypeList - [debug,135] - ==> Parameters: 
23:07:08.136 [http-nio-8006-exec-18] DEBUG c.r.h.m.T.selectTcmServiceTypeList - [debug,135] - <==      Total: 3
23:07:08.137 [http-nio-8006-exec-18] DEBUG c.r.h.m.T.selectTcmPriceListList - [debug,135] - ==>  Preparing: select id, name, effective_date, is_active, items_json, create_time, update_time from tcm_price_list
23:07:08.137 [http-nio-8006-exec-18] DEBUG c.r.h.m.T.selectTcmPriceListList - [debug,135] - ==> Parameters: 
23:07:08.137 [http-nio-8006-exec-18] DEBUG c.r.h.m.T.selectTcmPriceListList - [debug,135] - <==      Total: 1
23:07:08.138 [http-nio-8006-exec-18] DEBUG c.r.h.m.T.selectTcmEmailLogList - [debug,135] - ==>  Preparing: select id, to_email, subject, email_type, body, sent_at, payload, create_time from tcm_email_log order by id desc
23:07:08.138 [http-nio-8006-exec-18] DEBUG c.r.h.m.T.selectTcmEmailLogList - [debug,135] - ==> Parameters: 
23:07:08.139 [http-nio-8006-exec-18] DEBUG c.r.h.m.T.selectTcmEmailLogList - [debug,135] - <==      Total: 0
23:07:08.139 [http-nio-8006-exec-18] DEBUG c.r.h.m.T.selectTcmFormulaList - [debug,135] - ==>  Preparing: select id, name, category, description, source, is_active, deleted_at, create_time, update_time from tcm_formula WHERE deleted_at IS NULL order by create_time desc
23:07:08.139 [http-nio-8006-exec-18] DEBUG c.r.h.m.T.selectTcmFormulaList - [debug,135] - ==> Parameters: 
23:07:08.141 [http-nio-8006-exec-18] DEBUG c.r.h.m.T.selectTcmFormulaList - [debug,135] - <==      Total: 51
23:07:08.142 [http-nio-8006-exec-18] DEBUG c.r.h.m.T.selectByFormulaId - [debug,135] - ==>  Preparing: select id, formula_id, herb_name, dosage, unit, sort_order, notes, herb_dict_id from tcm_formula_item where formula_id = ? order by sort_order asc
23:07:08.142 [http-nio-8006-exec-18] DEBUG c.r.h.m.T.selectByFormulaId - [debug,135] - ==> Parameters: ecf8c626-94c4-4825-97d3-21c67adf9366(String)
23:07:08.142 [http-nio-8006-exec-18] DEBUG c.r.h.m.T.selectByFormulaId - [debug,135] - <==      Total: 1
23:07:08.143 [http-nio-8006-exec-18] DEBUG c.r.h.m.T.selectByFormulaId - [debug,135] - ==>  Preparing: select id, formula_id, herb_name, dosage, unit, sort_order, notes, herb_dict_id from tcm_formula_item where formula_id = ? order by sort_order asc
23:07:08.143 [http-nio-8006-exec-18] DEBUG c.r.h.m.T.selectByFormulaId - [debug,135] - ==> Parameters: formula-1(String)
23:07:08.143 [http-nio-8006-exec-18] DEBUG c.r.h.m.T.selectByFormulaId - [debug,135] - <==      Total: 4
23:07:08.144 [http-nio-8006-exec-18] DEBUG c.r.h.m.T.selectByFormulaId - [debug,135] - ==>  Preparing: select id, formula_id, herb_name, dosage, unit, sort_order, notes, herb_dict_id from tcm_formula_item where formula_id = ? order by sort_order asc
23:07:08.144 [http-nio-8006-exec-18] DEBUG c.r.h.m.T.selectByFormulaId - [debug,135] - ==> Parameters: formula-10(String)
23:07:08.145 [http-nio-8006-exec-18] DEBUG c.r.h.m.T.selectByFormulaId - [debug,135] - <==      Total: 5
23:07:08.145 [http-nio-8006-exec-18] DEBUG c.r.h.m.T.selectByFormulaId - [debug,135] - ==>  Preparing: select id, formula_id, herb_name, dosage, unit, sort_order, notes, herb_dict_id from tcm_formula_item where formula_id = ? order by sort_order asc
23:07:08.146 [http-nio-8006-exec-18] DEBUG c.r.h.m.T.selectByFormulaId - [debug,135] - ==> Parameters: formula-11(String)
23:07:08.146 [http-nio-8006-exec-18] DEBUG c.r.h.m.T.selectByFormulaId - [debug,135] - <==      Total: 4
23:07:08.147 [http-nio-8006-exec-18] DEBUG c.r.h.m.T.selectByFormulaId - [debug,135] - ==>  Preparing: select id, formula_id, herb_name, dosage, unit, sort_order, notes, herb_dict_id from tcm_formula_item where formula_id = ? order by sort_order asc
23:07:08.147 [http-nio-8006-exec-18] DEBUG c.r.h.m.T.selectByFormulaId - [debug,135] - ==> Parameters: formula-12(String)
23:07:08.147 [http-nio-8006-exec-18] DEBUG c.r.h.m.T.selectByFormulaId - [debug,135] - <==      Total: 0
23:07:08.148 [http-nio-8006-exec-18] DEBUG c.r.h.m.T.selectByFormulaId - [debug,135] - ==>  Preparing: select id, formula_id, herb_name, dosage, unit, sort_order, notes, herb_dict_id from tcm_formula_item where formula_id = ? order by sort_order asc
23:07:08.148 [http-nio-8006-exec-18] DEBUG c.r.h.m.T.selectByFormulaId - [debug,135] - ==> Parameters: formula-13(String)
23:07:08.149 [http-nio-8006-exec-18] DEBUG c.r.h.m.T.selectByFormulaId - [debug,135] - <==      Total: 0
23:07:08.149 [http-nio-8006-exec-18] DEBUG c.r.h.m.T.selectByFormulaId - [debug,135] - ==>  Preparing: select id, formula_id, herb_name, dosage, unit, sort_order, notes, herb_dict_id from tcm_formula_item where formula_id = ? order by sort_order asc
23:07:08.149 [http-nio-8006-exec-18] DEBUG c.r.h.m.T.selectByFormulaId - [debug,135] - ==> Parameters: formula-14(String)
23:07:08.150 [http-nio-8006-exec-18] DEBUG c.r.h.m.T.selectByFormulaId - [debug,135] - <==      Total: 0
23:07:08.150 [http-nio-8006-exec-18] DEBUG c.r.h.m.T.selectByFormulaId - [debug,135] - ==>  Preparing: select id, formula_id, herb_name, dosage, unit, sort_order, notes, herb_dict_id from tcm_formula_item where formula_id = ? order by sort_order asc
23:07:08.150 [http-nio-8006-exec-18] DEBUG c.r.h.m.T.selectByFormulaId - [debug,135] - ==> Parameters: formula-15(String)
23:07:08.151 [http-nio-8006-exec-18] DEBUG c.r.h.m.T.selectByFormulaId - [debug,135] - <==      Total: 7
23:07:08.151 [http-nio-8006-exec-18] DEBUG c.r.h.m.T.selectByFormulaId - [debug,135] - ==>  Preparing: select id, formula_id, herb_name, dosage, unit, sort_order, notes, herb_dict_id from tcm_formula_item where formula_id = ? order by sort_order asc
23:07:08.152 [http-nio-8006-exec-18] DEBUG c.r.h.m.T.selectByFormulaId - [debug,135] - ==> Parameters: formula-16(String)
23:07:08.152 [http-nio-8006-exec-18] DEBUG c.r.h.m.T.selectByFormulaId - [debug,135] - <==      Total: 0
23:07:08.153 [http-nio-8006-exec-18] DEBUG c.r.h.m.T.selectByFormulaId - [debug,135] - ==>  Preparing: select id, formula_id, herb_name, dosage, unit, sort_order, notes, herb_dict_id from tcm_formula_item where formula_id = ? order by sort_order asc
23:07:08.153 [http-nio-8006-exec-18] DEBUG c.r.h.m.T.selectByFormulaId - [debug,135] - ==> Parameters: formula-17(String)
23:07:08.154 [http-nio-8006-exec-18] DEBUG c.r.h.m.T.selectByFormulaId - [debug,135] - <==      Total: 4
23:07:08.154 [http-nio-8006-exec-18] DEBUG c.r.h.m.T.selectByFormulaId - [debug,135] - ==>  Preparing: select id, formula_id, herb_name, dosage, unit, sort_order, notes, herb_dict_id from tcm_formula_item where formula_id = ? order by sort_order asc
23:07:08.154 [http-nio-8006-exec-18] DEBUG c.r.h.m.T.selectByFormulaId - [debug,135] - ==> Parameters: formula-18(String)
23:07:08.155 [http-nio-8006-exec-18] DEBUG c.r.h.m.T.selectByFormulaId - [debug,135] - <==      Total: 3
23:07:08.155 [http-nio-8006-exec-18] DEBUG c.r.h.m.T.selectByFormulaId - [debug,135] - ==>  Preparing: select id, formula_id, herb_name, dosage, unit, sort_order, notes, herb_dict_id from tcm_formula_item where formula_id = ? order by sort_order asc
23:07:08.155 [http-nio-8006-exec-18] DEBUG c.r.h.m.T.selectByFormulaId - [debug,135] - ==> Parameters: formula-19(String)
23:07:08.156 [http-nio-8006-exec-18] DEBUG c.r.h.m.T.selectByFormulaId - [debug,135] - <==      Total: 0
23:07:08.157 [http-nio-8006-exec-18] DEBUG c.r.h.m.T.selectByFormulaId - [debug,135] - ==>  Preparing: select id, formula_id, herb_name, dosage, unit, sort_order, notes, herb_dict_id from tcm_formula_item where formula_id = ? order by sort_order asc
23:07:08.158 [http-nio-8006-exec-18] DEBUG c.r.h.m.T.selectByFormulaId - [debug,135] - ==> Parameters: formula-2(String)
23:07:08.158 [http-nio-8006-exec-18] DEBUG c.r.h.m.T.selectByFormulaId - [debug,135] - <==      Total: 6
23:07:08.159 [http-nio-8006-exec-18] DEBUG c.r.h.m.T.selectByFormulaId - [debug,135] - ==>  Preparing: select id, formula_id, herb_name, dosage, unit, sort_order, notes, herb_dict_id from tcm_formula_item where formula_id = ? order by sort_order asc
23:07:08.159 [http-nio-8006-exec-18] DEBUG c.r.h.m.T.selectByFormulaId - [debug,135] - ==> Parameters: formula-20(String)
23:07:08.160 [http-nio-8006-exec-18] DEBUG c.r.h.m.T.selectByFormulaId - [debug,135] - <==      Total: 0
23:07:08.160 [http-nio-8006-exec-18] DEBUG c.r.h.m.T.selectByFormulaId - [debug,135] - ==>  Preparing: select id, formula_id, herb_name, dosage, unit, sort_order, notes, herb_dict_id from tcm_formula_item where formula_id = ? order by sort_order asc
23:07:08.160 [http-nio-8006-exec-18] DEBUG c.r.h.m.T.selectByFormulaId - [debug,135] - ==> Parameters: formula-21(String)
23:07:08.161 [http-nio-8006-exec-18] DEBUG c.r.h.m.T.selectByFormulaId - [debug,135] - <==      Total: 4
23:07:08.161 [http-nio-8006-exec-18] DEBUG c.r.h.m.T.selectByFormulaId - [debug,135] - ==>  Preparing: select id, formula_id, herb_name, dosage, unit, sort_order, notes, herb_dict_id from tcm_formula_item where formula_id = ? order by sort_order asc
23:07:08.162 [http-nio-8006-exec-18] DEBUG c.r.h.m.T.selectByFormulaId - [debug,135] - ==> Parameters: formula-22(String)
23:07:08.162 [http-nio-8006-exec-18] DEBUG c.r.h.m.T.selectByFormulaId - [debug,135] - <==      Total: 0
23:07:08.163 [http-nio-8006-exec-18] DEBUG c.r.h.m.T.selectByFormulaId - [debug,135] - ==>  Preparing: select id, formula_id, herb_name, dosage, unit, sort_order, notes, herb_dict_id from tcm_formula_item where formula_id = ? order by sort_order asc
23:07:08.163 [http-nio-8006-exec-18] DEBUG c.r.h.m.T.selectByFormulaId - [debug,135] - ==> Parameters: formula-23(String)
23:07:08.163 [http-nio-8006-exec-18] DEBUG c.r.h.m.T.selectByFormulaId - [debug,135] - <==      Total: 0
23:07:08.164 [http-nio-8006-exec-18] DEBUG c.r.h.m.T.selectByFormulaId - [debug,135] - ==>  Preparing: select id, formula_id, herb_name, dosage, unit, sort_order, notes, herb_dict_id from tcm_formula_item where formula_id = ? order by sort_order asc
23:07:08.164 [http-nio-8006-exec-18] DEBUG c.r.h.m.T.selectByFormulaId - [debug,135] - ==> Parameters: formula-24(String)
23:07:08.165 [http-nio-8006-exec-18] DEBUG c.r.h.m.T.selectByFormulaId - [debug,135] - <==      Total: 5
23:07:08.165 [http-nio-8006-exec-18] DEBUG c.r.h.m.T.selectByFormulaId - [debug,135] - ==>  Preparing: select id, formula_id, herb_name, dosage, unit, sort_order, notes, herb_dict_id from tcm_formula_item where formula_id = ? order by sort_order asc
23:07:08.166 [http-nio-8006-exec-18] DEBUG c.r.h.m.T.selectByFormulaId - [debug,135] - ==> Parameters: formula-25(String)
23:07:08.166 [http-nio-8006-exec-18] DEBUG c.r.h.m.T.selectByFormulaId - [debug,135] - <==      Total: 0
23:07:08.166 [http-nio-8006-exec-18] DEBUG c.r.h.m.T.selectByFormulaId - [debug,135] - ==>  Preparing: select id, formula_id, herb_name, dosage, unit, sort_order, notes, herb_dict_id from tcm_formula_item where formula_id = ? order by sort_order asc
23:07:08.167 [http-nio-8006-exec-18] DEBUG c.r.h.m.T.selectByFormulaId - [debug,135] - ==> Parameters: formula-26(String)
23:07:08.167 [http-nio-8006-exec-18] DEBUG c.r.h.m.T.selectByFormulaId - [debug,135] - <==      Total: 0
23:07:08.168 [http-nio-8006-exec-18] DEBUG c.r.h.m.T.selectByFormulaId - [debug,135] - ==>  Preparing: select id, formula_id, herb_name, dosage, unit, sort_order, notes, herb_dict_id from tcm_formula_item where formula_id = ? order by sort_order asc
23:07:08.168 [http-nio-8006-exec-18] DEBUG c.r.h.m.T.selectByFormulaId - [debug,135] - ==> Parameters: formula-27(String)
23:07:08.168 [http-nio-8006-exec-18] DEBUG c.r.h.m.T.selectByFormulaId - [debug,135] - <==      Total: 0
23:07:08.169 [http-nio-8006-exec-18] DEBUG c.r.h.m.T.selectByFormulaId - [debug,135] - ==>  Preparing: select id, formula_id, herb_name, dosage, unit, sort_order, notes, herb_dict_id from tcm_formula_item where formula_id = ? order by sort_order asc
23:07:08.169 [http-nio-8006-exec-18] DEBUG c.r.h.m.T.selectByFormulaId - [debug,135] - ==> Parameters: formula-28(String)
23:07:08.169 [http-nio-8006-exec-18] DEBUG c.r.h.m.T.selectByFormulaId - [debug,135] - <==      Total: 0
23:07:08.169 [http-nio-8006-exec-18] DEBUG c.r.h.m.T.selectByFormulaId - [debug,135] - ==>  Preparing: select id, formula_id, herb_name, dosage, unit, sort_order, notes, herb_dict_id from tcm_formula_item where formula_id = ? order by sort_order asc
23:07:08.171 [http-nio-8006-exec-18] DEBUG c.r.h.m.T.selectByFormulaId - [debug,135] - ==> Parameters: formula-29(String)
23:07:08.171 [http-nio-8006-exec-18] DEBUG c.r.h.m.T.selectByFormulaId - [debug,135] - <==      Total: 8
23:07:08.172 [http-nio-8006-exec-18] DEBUG c.r.h.m.T.selectByFormulaId - [debug,135] - ==>  Preparing: select id, formula_id, herb_name, dosage, unit, sort_order, notes, herb_dict_id from tcm_formula_item where formula_id = ? order by sort_order asc
23:07:08.173 [http-nio-8006-exec-18] DEBUG c.r.h.m.T.selectByFormulaId - [debug,135] - ==> Parameters: formula-3(String)
23:07:08.173 [http-nio-8006-exec-18] DEBUG c.r.h.m.T.selectByFormulaId - [debug,135] - <==      Total: 8
23:07:08.173 [http-nio-8006-exec-18] DEBUG c.r.h.m.T.selectByFormulaId - [debug,135] - ==>  Preparing: select id, formula_id, herb_name, dosage, unit, sort_order, notes, herb_dict_id from tcm_formula_item where formula_id = ? order by sort_order asc
23:07:08.173 [http-nio-8006-exec-18] DEBUG c.r.h.m.T.selectByFormulaId - [debug,135] - ==> Parameters: formula-30(String)
23:07:08.175 [http-nio-8006-exec-18] DEBUG c.r.h.m.T.selectByFormulaId - [debug,135] - <==      Total: 0
23:07:08.175 [http-nio-8006-exec-18] DEBUG c.r.h.m.T.selectByFormulaId - [debug,135] - ==>  Preparing: select id, formula_id, herb_name, dosage, unit, sort_order, notes, herb_dict_id from tcm_formula_item where formula_id = ? order by sort_order asc
23:07:08.175 [http-nio-8006-exec-18] DEBUG c.r.h.m.T.selectByFormulaId - [debug,135] - ==> Parameters: formula-31(String)
23:07:08.176 [http-nio-8006-exec-18] DEBUG c.r.h.m.T.selectByFormulaId - [debug,135] - <==      Total: 5
23:07:08.176 [http-nio-8006-exec-18] DEBUG c.r.h.m.T.selectByFormulaId - [debug,135] - ==>  Preparing: select id, formula_id, herb_name, dosage, unit, sort_order, notes, herb_dict_id from tcm_formula_item where formula_id = ? order by sort_order asc
23:07:08.176 [http-nio-8006-exec-18] DEBUG c.r.h.m.T.selectByFormulaId - [debug,135] - ==> Parameters: formula-32(String)
23:07:08.177 [http-nio-8006-exec-18] DEBUG c.r.h.m.T.selectByFormulaId - [debug,135] - <==      Total: 0
23:07:08.177 [http-nio-8006-exec-18] DEBUG c.r.h.m.T.selectByFormulaId - [debug,135] - ==>  Preparing: select id, formula_id, herb_name, dosage, unit, sort_order, notes, herb_dict_id from tcm_formula_item where formula_id = ? order by sort_order asc
23:07:08.177 [http-nio-8006-exec-18] DEBUG c.r.h.m.T.selectByFormulaId - [debug,135] - ==> Parameters: formula-33(String)
23:07:08.178 [http-nio-8006-exec-18] DEBUG c.r.h.m.T.selectByFormulaId - [debug,135] - <==      Total: 3
23:07:08.178 [http-nio-8006-exec-18] DEBUG c.r.h.m.T.selectByFormulaId - [debug,135] - ==>  Preparing: select id, formula_id, herb_name, dosage, unit, sort_order, notes, herb_dict_id from tcm_formula_item where formula_id = ? order by sort_order asc
23:07:08.179 [http-nio-8006-exec-18] DEBUG c.r.h.m.T.selectByFormulaId - [debug,135] - ==> Parameters: formula-34(String)
23:07:08.179 [http-nio-8006-exec-18] DEBUG c.r.h.m.T.selectByFormulaId - [debug,135] - <==      Total: 3
23:07:08.180 [http-nio-8006-exec-18] DEBUG c.r.h.m.T.selectByFormulaId - [debug,135] - ==>  Preparing: select id, formula_id, herb_name, dosage, unit, sort_order, notes, herb_dict_id from tcm_formula_item where formula_id = ? order by sort_order asc
23:07:08.180 [http-nio-8006-exec-18] DEBUG c.r.h.m.T.selectByFormulaId - [debug,135] - ==> Parameters: formula-35(String)
23:07:08.181 [http-nio-8006-exec-18] DEBUG c.r.h.m.T.selectByFormulaId - [debug,135] - <==      Total: 4
23:07:08.181 [http-nio-8006-exec-18] DEBUG c.r.h.m.T.selectByFormulaId - [debug,135] - ==>  Preparing: select id, formula_id, herb_name, dosage, unit, sort_order, notes, herb_dict_id from tcm_formula_item where formula_id = ? order by sort_order asc
23:07:08.181 [http-nio-8006-exec-18] DEBUG c.r.h.m.T.selectByFormulaId - [debug,135] - ==> Parameters: formula-36(String)
23:07:08.182 [http-nio-8006-exec-18] DEBUG c.r.h.m.T.selectByFormulaId - [debug,135] - <==      Total: 0
23:07:08.182 [http-nio-8006-exec-18] DEBUG c.r.h.m.T.selectByFormulaId - [debug,135] - ==>  Preparing: select id, formula_id, herb_name, dosage, unit, sort_order, notes, herb_dict_id from tcm_formula_item where formula_id = ? order by sort_order asc
23:07:08.182 [http-nio-8006-exec-18] DEBUG c.r.h.m.T.selectByFormulaId - [debug,135] - ==> Parameters: formula-37(String)
23:07:08.183 [http-nio-8006-exec-18] DEBUG c.r.h.m.T.selectByFormulaId - [debug,135] - <==      Total: 6
23:07:08.183 [http-nio-8006-exec-18] DEBUG c.r.h.m.T.selectByFormulaId - [debug,135] - ==>  Preparing: select id, formula_id, herb_name, dosage, unit, sort_order, notes, herb_dict_id from tcm_formula_item where formula_id = ? order by sort_order asc
23:07:08.184 [http-nio-8006-exec-18] DEBUG c.r.h.m.T.selectByFormulaId - [debug,135] - ==> Parameters: formula-38(String)
23:07:08.184 [http-nio-8006-exec-18] DEBUG c.r.h.m.T.selectByFormulaId - [debug,135] - <==      Total: 0
23:07:08.185 [http-nio-8006-exec-18] DEBUG c.r.h.m.T.selectByFormulaId - [debug,135] - ==>  Preparing: select id, formula_id, herb_name, dosage, unit, sort_order, notes, herb_dict_id from tcm_formula_item where formula_id = ? order by sort_order asc
23:07:08.185 [http-nio-8006-exec-18] DEBUG c.r.h.m.T.selectByFormulaId - [debug,135] - ==> Parameters: formula-39(String)
23:07:08.186 [http-nio-8006-exec-18] DEBUG c.r.h.m.T.selectByFormulaId - [debug,135] - <==      Total: 0
23:07:08.186 [http-nio-8006-exec-18] DEBUG c.r.h.m.T.selectByFormulaId - [debug,135] - ==>  Preparing: select id, formula_id, herb_name, dosage, unit, sort_order, notes, herb_dict_id from tcm_formula_item where formula_id = ? order by sort_order asc
23:07:08.186 [http-nio-8006-exec-18] DEBUG c.r.h.m.T.selectByFormulaId - [debug,135] - ==> Parameters: formula-4(String)
23:07:08.186 [http-nio-8006-exec-18] DEBUG c.r.h.m.T.selectByFormulaId - [debug,135] - <==      Total: 8
23:07:08.187 [http-nio-8006-exec-18] DEBUG c.r.h.m.T.selectByFormulaId - [debug,135] - ==>  Preparing: select id, formula_id, herb_name, dosage, unit, sort_order, notes, herb_dict_id from tcm_formula_item where formula_id = ? order by sort_order asc
23:07:08.187 [http-nio-8006-exec-18] DEBUG c.r.h.m.T.selectByFormulaId - [debug,135] - ==> Parameters: formula-40(String)
23:07:08.188 [http-nio-8006-exec-18] DEBUG c.r.h.m.T.selectByFormulaId - [debug,135] - <==      Total: 0
23:07:08.188 [http-nio-8006-exec-18] DEBUG c.r.h.m.T.selectByFormulaId - [debug,135] - ==>  Preparing: select id, formula_id, herb_name, dosage, unit, sort_order, notes, herb_dict_id from tcm_formula_item where formula_id = ? order by sort_order asc
23:07:08.188 [http-nio-8006-exec-18] DEBUG c.r.h.m.T.selectByFormulaId - [debug,135] - ==> Parameters: formula-41(String)
23:07:08.189 [http-nio-8006-exec-18] DEBUG c.r.h.m.T.selectByFormulaId - [debug,135] - <==      Total: 0
23:07:08.189 [http-nio-8006-exec-18] DEBUG c.r.h.m.T.selectByFormulaId - [debug,135] - ==>  Preparing: select id, formula_id, herb_name, dosage, unit, sort_order, notes, herb_dict_id from tcm_formula_item where formula_id = ? order by sort_order asc
23:07:08.189 [http-nio-8006-exec-18] DEBUG c.r.h.m.T.selectByFormulaId - [debug,135] - ==> Parameters: formula-42(String)
23:07:08.189 [http-nio-8006-exec-18] DEBUG c.r.h.m.T.selectByFormulaId - [debug,135] - <==      Total: 0
23:07:08.191 [http-nio-8006-exec-18] DEBUG c.r.h.m.T.selectByFormulaId - [debug,135] - ==>  Preparing: select id, formula_id, herb_name, dosage, unit, sort_order, notes, herb_dict_id from tcm_formula_item where formula_id = ? order by sort_order asc
23:07:08.191 [http-nio-8006-exec-18] DEBUG c.r.h.m.T.selectByFormulaId - [debug,135] - ==> Parameters: formula-43(String)
23:07:08.191 [http-nio-8006-exec-18] DEBUG c.r.h.m.T.selectByFormulaId - [debug,135] - <==      Total: 0
23:07:08.192 [http-nio-8006-exec-18] DEBUG c.r.h.m.T.selectByFormulaId - [debug,135] - ==>  Preparing: select id, formula_id, herb_name, dosage, unit, sort_order, notes, herb_dict_id from tcm_formula_item where formula_id = ? order by sort_order asc
23:07:08.192 [http-nio-8006-exec-18] DEBUG c.r.h.m.T.selectByFormulaId - [debug,135] - ==> Parameters: formula-44(String)
23:07:08.193 [http-nio-8006-exec-18] DEBUG c.r.h.m.T.selectByFormulaId - [debug,135] - <==      Total: 0
23:07:08.193 [http-nio-8006-exec-18] DEBUG c.r.h.m.T.selectByFormulaId - [debug,135] - ==>  Preparing: select id, formula_id, herb_name, dosage, unit, sort_order, notes, herb_dict_id from tcm_formula_item where formula_id = ? order by sort_order asc
23:07:08.193 [http-nio-8006-exec-18] DEBUG c.r.h.m.T.selectByFormulaId - [debug,135] - ==> Parameters: formula-45(String)
23:07:08.194 [http-nio-8006-exec-18] DEBUG c.r.h.m.T.selectByFormulaId - [debug,135] - <==      Total: 0
23:07:08.194 [http-nio-8006-exec-18] DEBUG c.r.h.m.T.selectByFormulaId - [debug,135] - ==>  Preparing: select id, formula_id, herb_name, dosage, unit, sort_order, notes, herb_dict_id from tcm_formula_item where formula_id = ? order by sort_order asc
23:07:08.194 [http-nio-8006-exec-18] DEBUG c.r.h.m.T.selectByFormulaId - [debug,135] - ==> Parameters: formula-46(String)
23:07:08.194 [http-nio-8006-exec-18] DEBUG c.r.h.m.T.selectByFormulaId - [debug,135] - <==      Total: 0
23:07:08.195 [http-nio-8006-exec-18] DEBUG c.r.h.m.T.selectByFormulaId - [debug,135] - ==>  Preparing: select id, formula_id, herb_name, dosage, unit, sort_order, notes, herb_dict_id from tcm_formula_item where formula_id = ? order by sort_order asc
23:07:08.195 [http-nio-8006-exec-18] DEBUG c.r.h.m.T.selectByFormulaId - [debug,135] - ==> Parameters: formula-47(String)
23:07:08.196 [http-nio-8006-exec-18] DEBUG c.r.h.m.T.selectByFormulaId - [debug,135] - <==      Total: 0
23:07:08.196 [http-nio-8006-exec-18] DEBUG c.r.h.m.T.selectByFormulaId - [debug,135] - ==>  Preparing: select id, formula_id, herb_name, dosage, unit, sort_order, notes, herb_dict_id from tcm_formula_item where formula_id = ? order by sort_order asc
23:07:08.196 [http-nio-8006-exec-18] DEBUG c.r.h.m.T.selectByFormulaId - [debug,135] - ==> Parameters: formula-48(String)
23:07:08.197 [http-nio-8006-exec-18] DEBUG c.r.h.m.T.selectByFormulaId - [debug,135] - <==      Total: 0
23:07:08.197 [http-nio-8006-exec-18] DEBUG c.r.h.m.T.selectByFormulaId - [debug,135] - ==>  Preparing: select id, formula_id, herb_name, dosage, unit, sort_order, notes, herb_dict_id from tcm_formula_item where formula_id = ? order by sort_order asc
23:07:08.197 [http-nio-8006-exec-18] DEBUG c.r.h.m.T.selectByFormulaId - [debug,135] - ==> Parameters: formula-49(String)
23:07:08.198 [http-nio-8006-exec-18] DEBUG c.r.h.m.T.selectByFormulaId - [debug,135] - <==      Total: 0
23:07:08.199 [http-nio-8006-exec-18] DEBUG c.r.h.m.T.selectByFormulaId - [debug,135] - ==>  Preparing: select id, formula_id, herb_name, dosage, unit, sort_order, notes, herb_dict_id from tcm_formula_item where formula_id = ? order by sort_order asc
23:07:08.199 [http-nio-8006-exec-18] DEBUG c.r.h.m.T.selectByFormulaId - [debug,135] - ==> Parameters: formula-5(String)
23:07:08.199 [http-nio-8006-exec-18] DEBUG c.r.h.m.T.selectByFormulaId - [debug,135] - <==      Total: 8
23:07:08.201 [http-nio-8006-exec-18] DEBUG c.r.h.m.T.selectByFormulaId - [debug,135] - ==>  Preparing: select id, formula_id, herb_name, dosage, unit, sort_order, notes, herb_dict_id from tcm_formula_item where formula_id = ? order by sort_order asc
23:07:08.201 [http-nio-8006-exec-18] DEBUG c.r.h.m.T.selectByFormulaId - [debug,135] - ==> Parameters: formula-50(String)
23:07:08.202 [http-nio-8006-exec-18] DEBUG c.r.h.m.T.selectByFormulaId - [debug,135] - <==      Total: 7
23:07:08.202 [http-nio-8006-exec-18] DEBUG c.r.h.m.T.selectByFormulaId - [debug,135] - ==>  Preparing: select id, formula_id, herb_name, dosage, unit, sort_order, notes, herb_dict_id from tcm_formula_item where formula_id = ? order by sort_order asc
23:07:08.203 [http-nio-8006-exec-18] DEBUG c.r.h.m.T.selectByFormulaId - [debug,135] - ==> Parameters: formula-6(String)
23:07:08.204 [http-nio-8006-exec-18] DEBUG c.r.h.m.T.selectByFormulaId - [debug,135] - <==      Total: 7
23:07:08.204 [http-nio-8006-exec-18] DEBUG c.r.h.m.T.selectByFormulaId - [debug,135] - ==>  Preparing: select id, formula_id, herb_name, dosage, unit, sort_order, notes, herb_dict_id from tcm_formula_item where formula_id = ? order by sort_order asc
23:07:08.205 [http-nio-8006-exec-18] DEBUG c.r.h.m.T.selectByFormulaId - [debug,135] - ==> Parameters: formula-7(String)
23:07:08.206 [http-nio-8006-exec-18] DEBUG c.r.h.m.T.selectByFormulaId - [debug,135] - <==      Total: 5
23:07:08.206 [http-nio-8006-exec-18] DEBUG c.r.h.m.T.selectByFormulaId - [debug,135] - ==>  Preparing: select id, formula_id, herb_name, dosage, unit, sort_order, notes, herb_dict_id from tcm_formula_item where formula_id = ? order by sort_order asc
23:07:08.206 [http-nio-8006-exec-18] DEBUG c.r.h.m.T.selectByFormulaId - [debug,135] - ==> Parameters: formula-8(String)
23:07:08.207 [http-nio-8006-exec-18] DEBUG c.r.h.m.T.selectByFormulaId - [debug,135] - <==      Total: 8
23:07:08.207 [http-nio-8006-exec-18] DEBUG c.r.h.m.T.selectByFormulaId - [debug,135] - ==>  Preparing: select id, formula_id, herb_name, dosage, unit, sort_order, notes, herb_dict_id from tcm_formula_item where formula_id = ? order by sort_order asc
23:07:08.208 [http-nio-8006-exec-18] DEBUG c.r.h.m.T.selectByFormulaId - [debug,135] - ==> Parameters: formula-9(String)
23:07:08.208 [http-nio-8006-exec-18] DEBUG c.r.h.m.T.selectByFormulaId - [debug,135] - <==      Total: 4
23:07:08.210 [http-nio-8006-exec-18] DEBUG c.r.h.m.T.selectTcmSupplierList - [debug,135] - ==>  Preparing: select id, name, contact_person, phone, email, address, notes, is_active, deleted_at, create_time, update_time from tcm_supplier WHERE deleted_at IS NULL order by create_time desc
23:07:08.210 [http-nio-8006-exec-18] DEBUG c.r.h.m.T.selectTcmSupplierList - [debug,135] - ==> Parameters: 
23:07:08.210 [http-nio-8006-exec-18] DEBUG c.r.h.m.T.selectTcmSupplierList - [debug,135] - <==      Total: 4
23:07:08.211 [http-nio-8006-exec-18] DEBUG c.r.h.m.T.selectTcmAcupointList - [debug,135] - ==>  Preparing: select id, name, pinyin, english_name, meridian, location, indication, method, notes, is_active, deleted_at, create_time, update_time from tcm_acupoint WHERE deleted_at IS NULL order by name asc
23:07:08.211 [http-nio-8006-exec-18] DEBUG c.r.h.m.T.selectTcmAcupointList - [debug,135] - ==> Parameters: 
23:07:08.215 [http-nio-8006-exec-18] DEBUG c.r.h.m.T.selectTcmAcupointList - [debug,135] - <==      Total: 100
23:07:08.216 [http-nio-8006-exec-18] DEBUG c.r.h.m.T.selectAll - [debug,135] - ==>  Preparing: select id, from_unit, to_unit, factor, notes, create_time from tcm_unit_conversion order by from_unit, to_unit
23:07:08.216 [http-nio-8006-exec-18] DEBUG c.r.h.m.T.selectAll - [debug,135] - ==> Parameters: 
23:07:08.217 [http-nio-8006-exec-18] DEBUG c.r.h.m.T.selectAll - [debug,135] - <==      Total: 16
23:07:08.217 [http-nio-8006-exec-18] DEBUG c.r.h.m.T.selectTcmHerbDictList - [debug,135] - ==>  Preparing: select id, name, alias, pinyin, category, nature, taste, meridian_tropism, efficacy, indication, dosage_range, contraindication, notes, is_active, deleted_at, create_time, update_time from tcm_herb_dict WHERE deleted_at IS NULL order by category asc, name asc
23:07:08.217 [http-nio-8006-exec-18] DEBUG c.r.h.m.T.selectTcmHerbDictList - [debug,135] - ==> Parameters: 
23:07:08.220 [http-nio-8006-exec-18] DEBUG c.r.h.m.T.selectTcmHerbDictList - [debug,135] - <==      Total: 80
23:07:08.221 [http-nio-8006-exec-18] DEBUG c.r.h.m.T.selectTcmMeridianList - [debug,135] - ==>  Preparing: select id, name, english_name, abbr, category, organ, pathway, acupoint_count, indication, notes, is_active, deleted_at, create_time, update_time from tcm_meridian WHERE deleted_at IS NULL order by id asc
23:07:08.221 [http-nio-8006-exec-18] DEBUG c.r.h.m.T.selectTcmMeridianList - [debug,135] - ==> Parameters: 
23:07:08.222 [http-nio-8006-exec-18] DEBUG c.r.h.m.T.selectTcmMeridianList - [debug,135] - <==      Total: 14
23:07:08.223 [http-nio-8006-exec-18] DEBUG c.r.h.m.T.selectTcmTreatmentTemplateList - [debug,135] - ==>  Preparing: select id, name, disease, category, description, acupoints_json, formula_ids, advice, notes, is_active, deleted_at, create_time, update_time from tcm_treatment_template WHERE deleted_at IS NULL order by category asc, name asc
23:07:08.223 [http-nio-8006-exec-18] DEBUG c.r.h.m.T.selectTcmTreatmentTemplateList - [debug,135] - ==> Parameters: 
23:07:08.225 [http-nio-8006-exec-18] DEBUG c.r.h.m.T.selectTcmTreatmentTemplateList - [debug,135] - <==      Total: 10
23:07:08.242 [http-nio-8006-exec-20] DEBUG c.r.s.m.S.selectUserList - [debug,135] - ==>  Preparing: select u.user_id, u.dept_id, u.nick_name, u.user_name, u.email, u.avatar, u.phonenumber, u.sex, u.status, u.del_flag, u.login_ip, u.login_date, u.create_by, u.create_time, u.remark, d.dept_name, d.leader from sys_user u left join sys_dept d on u.dept_id = d.dept_id where u.del_flag = '0'
23:07:08.242 [http-nio-8006-exec-20] DEBUG c.r.s.m.S.selectUserList - [debug,135] - ==> Parameters: 
23:07:08.245 [http-nio-8006-exec-20] DEBUG c.r.s.m.S.selectUserList - [debug,135] - <==      Total: 8
23:07:08.245 [http-nio-8006-exec-20] DEBUG c.r.s.m.S.selectUserById - [debug,135] - ==>  Preparing: select u.user_id, u.dept_id, u.user_name, u.nick_name, u.email, u.avatar, u.phonenumber, u.password, u.sex, u.status, u.del_flag, u.login_ip, u.login_date, u.pwd_update_date, u.create_by, u.create_time, u.remark, d.dept_id, d.parent_id, d.ancestors, d.dept_name, d.order_num, d.leader, d.status as dept_status, r.role_id, r.role_name, r.role_key, r.role_sort, r.data_scope, r.status as role_status from sys_user u left join sys_dept d on u.dept_id = d.dept_id left join sys_user_role ur on u.user_id = ur.user_id left join sys_role r on r.role_id = ur.role_id where u.user_id = ? and u.del_flag = '0'
23:07:08.247 [http-nio-8006-exec-20] DEBUG c.r.s.m.S.selectUserById - [debug,135] - ==> Parameters: 1(Long)
23:07:08.248 [http-nio-8006-exec-20] DEBUG c.r.s.m.S.selectUserById - [debug,135] - <==      Total: 1
23:07:08.249 [http-nio-8006-exec-20] DEBUG c.r.s.m.S.selectUserById - [debug,135] - ==>  Preparing: select u.user_id, u.dept_id, u.user_name, u.nick_name, u.email, u.avatar, u.phonenumber, u.password, u.sex, u.status, u.del_flag, u.login_ip, u.login_date, u.pwd_update_date, u.create_by, u.create_time, u.remark, d.dept_id, d.parent_id, d.ancestors, d.dept_name, d.order_num, d.leader, d.status as dept_status, r.role_id, r.role_name, r.role_key, r.role_sort, r.data_scope, r.status as role_status from sys_user u left join sys_dept d on u.dept_id = d.dept_id left join sys_user_role ur on u.user_id = ur.user_id left join sys_role r on r.role_id = ur.role_id where u.user_id = ? and u.del_flag = '0'
23:07:08.249 [http-nio-8006-exec-20] DEBUG c.r.s.m.S.selectUserById - [debug,135] - ==> Parameters: 2(Long)
23:07:08.250 [http-nio-8006-exec-20] DEBUG c.r.s.m.S.selectUserById - [debug,135] - <==      Total: 1
23:07:08.250 [http-nio-8006-exec-20] DEBUG c.r.s.m.S.selectUserById - [debug,135] - ==>  Preparing: select u.user_id, u.dept_id, u.user_name, u.nick_name, u.email, u.avatar, u.phonenumber, u.password, u.sex, u.status, u.del_flag, u.login_ip, u.login_date, u.pwd_update_date, u.create_by, u.create_time, u.remark, d.dept_id, d.parent_id, d.ancestors, d.dept_name, d.order_num, d.leader, d.status as dept_status, r.role_id, r.role_name, r.role_key, r.role_sort, r.data_scope, r.status as role_status from sys_user u left join sys_dept d on u.dept_id = d.dept_id left join sys_user_role ur on u.user_id = ur.user_id left join sys_role r on r.role_id = ur.role_id where u.user_id = ? and u.del_flag = '0'
23:07:08.250 [http-nio-8006-exec-20] DEBUG c.r.s.m.S.selectUserById - [debug,135] - ==> Parameters: 100(Long)
23:07:08.252 [http-nio-8006-exec-20] DEBUG c.r.s.m.S.selectUserById - [debug,135] - <==      Total: 1
23:07:08.253 [http-nio-8006-exec-20] DEBUG c.r.s.m.S.selectUserById - [debug,135] - ==>  Preparing: select u.user_id, u.dept_id, u.user_name, u.nick_name, u.email, u.avatar, u.phonenumber, u.password, u.sex, u.status, u.del_flag, u.login_ip, u.login_date, u.pwd_update_date, u.create_by, u.create_time, u.remark, d.dept_id, d.parent_id, d.ancestors, d.dept_name, d.order_num, d.leader, d.status as dept_status, r.role_id, r.role_name, r.role_key, r.role_sort, r.data_scope, r.status as role_status from sys_user u left join sys_dept d on u.dept_id = d.dept_id left join sys_user_role ur on u.user_id = ur.user_id left join sys_role r on r.role_id = ur.role_id where u.user_id = ? and u.del_flag = '0'
23:07:08.253 [http-nio-8006-exec-20] DEBUG c.r.s.m.S.selectUserById - [debug,135] - ==> Parameters: 101(Long)
23:07:08.254 [http-nio-8006-exec-20] DEBUG c.r.s.m.S.selectUserById - [debug,135] - <==      Total: 1
23:07:08.254 [http-nio-8006-exec-20] DEBUG c.r.s.m.S.selectUserById - [debug,135] - ==>  Preparing: select u.user_id, u.dept_id, u.user_name, u.nick_name, u.email, u.avatar, u.phonenumber, u.password, u.sex, u.status, u.del_flag, u.login_ip, u.login_date, u.pwd_update_date, u.create_by, u.create_time, u.remark, d.dept_id, d.parent_id, d.ancestors, d.dept_name, d.order_num, d.leader, d.status as dept_status, r.role_id, r.role_name, r.role_key, r.role_sort, r.data_scope, r.status as role_status from sys_user u left join sys_dept d on u.dept_id = d.dept_id left join sys_user_role ur on u.user_id = ur.user_id left join sys_role r on r.role_id = ur.role_id where u.user_id = ? and u.del_flag = '0'
23:07:08.254 [http-nio-8006-exec-20] DEBUG c.r.s.m.S.selectUserById - [debug,135] - ==> Parameters: 102(Long)
23:07:08.255 [http-nio-8006-exec-20] DEBUG c.r.s.m.S.selectUserById - [debug,135] - <==      Total: 1
23:07:08.256 [http-nio-8006-exec-20] DEBUG c.r.s.m.S.selectUserById - [debug,135] - ==>  Preparing: select u.user_id, u.dept_id, u.user_name, u.nick_name, u.email, u.avatar, u.phonenumber, u.password, u.sex, u.status, u.del_flag, u.login_ip, u.login_date, u.pwd_update_date, u.create_by, u.create_time, u.remark, d.dept_id, d.parent_id, d.ancestors, d.dept_name, d.order_num, d.leader, d.status as dept_status, r.role_id, r.role_name, r.role_key, r.role_sort, r.data_scope, r.status as role_status from sys_user u left join sys_dept d on u.dept_id = d.dept_id left join sys_user_role ur on u.user_id = ur.user_id left join sys_role r on r.role_id = ur.role_id where u.user_id = ? and u.del_flag = '0'
23:07:08.256 [http-nio-8006-exec-20] DEBUG c.r.s.m.S.selectUserById - [debug,135] - ==> Parameters: 103(Long)
23:07:08.257 [http-nio-8006-exec-20] DEBUG c.r.s.m.S.selectUserById - [debug,135] - <==      Total: 1
23:07:08.258 [http-nio-8006-exec-20] DEBUG c.r.s.m.S.selectUserById - [debug,135] - ==>  Preparing: select u.user_id, u.dept_id, u.user_name, u.nick_name, u.email, u.avatar, u.phonenumber, u.password, u.sex, u.status, u.del_flag, u.login_ip, u.login_date, u.pwd_update_date, u.create_by, u.create_time, u.remark, d.dept_id, d.parent_id, d.ancestors, d.dept_name, d.order_num, d.leader, d.status as dept_status, r.role_id, r.role_name, r.role_key, r.role_sort, r.data_scope, r.status as role_status from sys_user u left join sys_dept d on u.dept_id = d.dept_id left join sys_user_role ur on u.user_id = ur.user_id left join sys_role r on r.role_id = ur.role_id where u.user_id = ? and u.del_flag = '0'
23:07:08.258 [http-nio-8006-exec-20] DEBUG c.r.s.m.S.selectUserById - [debug,135] - ==> Parameters: 104(Long)
23:07:08.259 [http-nio-8006-exec-20] DEBUG c.r.s.m.S.selectUserById - [debug,135] - <==      Total: 1
23:07:08.259 [http-nio-8006-exec-20] DEBUG c.r.s.m.S.selectUserById - [debug,135] - ==>  Preparing: select u.user_id, u.dept_id, u.user_name, u.nick_name, u.email, u.avatar, u.phonenumber, u.password, u.sex, u.status, u.del_flag, u.login_ip, u.login_date, u.pwd_update_date, u.create_by, u.create_time, u.remark, d.dept_id, d.parent_id, d.ancestors, d.dept_name, d.order_num, d.leader, d.status as dept_status, r.role_id, r.role_name, r.role_key, r.role_sort, r.data_scope, r.status as role_status from sys_user u left join sys_dept d on u.dept_id = d.dept_id left join sys_user_role ur on u.user_id = ur.user_id left join sys_role r on r.role_id = ur.role_id where u.user_id = ? and u.del_flag = '0'
23:07:08.261 [http-nio-8006-exec-20] DEBUG c.r.s.m.S.selectUserById - [debug,135] - ==> Parameters: 105(Long)
23:07:08.262 [http-nio-8006-exec-20] DEBUG c.r.s.m.S.selectUserById - [debug,135] - <==      Total: 1
23:07:08.262 [http-nio-8006-exec-20] DEBUG c.r.h.m.T.selectTcmPatientList - [debug,135] - ==>  Preparing: select id, name, first_name, last_name, email, phone, practitioner_id, is_active, consent_signed, consent_signed_at, consent_token, consent_token_expires, merged_into, deleted_at, payload, create_time, update_time from tcm_patient
23:07:08.263 [http-nio-8006-exec-20] DEBUG c.r.h.m.T.selectTcmPatientList - [debug,135] - ==> Parameters: 
23:07:08.265 [http-nio-8006-exec-20] DEBUG c.r.h.m.T.selectTcmPatientList - [debug,135] - <==      Total: 3
23:07:08.266 [http-nio-8006-exec-20] DEBUG c.r.h.m.T.selectTcmAppointmentList - [debug,135] - ==>  Preparing: select id, patient_id, practitioner_id, room_id, service_type, start_time, end_time, status, branch_id, intake_token, intake_submitted, payload, create_time, update_time from tcm_appointment
23:07:08.266 [http-nio-8006-exec-20] DEBUG c.r.h.m.T.selectTcmAppointmentList - [debug,135] - ==> Parameters: 
23:07:08.267 [http-nio-8006-exec-20] DEBUG c.r.h.m.T.selectTcmAppointmentList - [debug,135] - <==      Total: 2
23:07:08.267 [http-nio-8006-exec-20] DEBUG c.r.h.m.T.selectTcmConsultationList - [debug,135] - ==>  Preparing: select id, consultation_id, patient_id, practitioner_id, consult_date, status, branch_id, locked_at, version, deleted_at, payload, create_time, update_time from tcm_consultation
23:07:08.268 [http-nio-8006-exec-20] DEBUG c.r.h.m.T.selectTcmConsultationList - [debug,135] - ==> Parameters: 
23:07:08.269 [http-nio-8006-exec-20] DEBUG c.r.h.m.T.selectTcmConsultationList - [debug,135] - <==      Total: 9
23:07:08.270 [http-nio-8006-exec-20] DEBUG c.r.h.m.T.selectTcmInventoryItemList - [debug,135] - ==>  Preparing: select id, name, category, unit, quantity, price_per_unit, min_stock_level, supplier, supplier_id, grams_per_packet, branch_id, is_active, deleted_at, herb_dict_id, payload, create_time, update_time from tcm_inventory_item WHERE deleted_at IS NULL
23:07:08.270 [http-nio-8006-exec-20] DEBUG c.r.h.m.T.selectTcmInventoryItemList - [debug,135] - ==> Parameters: 
23:07:08.272 [http-nio-8006-exec-20] DEBUG c.r.h.m.T.selectTcmInventoryItemList - [debug,135] - <==      Total: 13
23:07:08.272 [http-nio-8006-exec-20] DEBUG c.r.h.m.T.selectTcmBranchList - [debug,135] - ==>  Preparing: select id, name, code, address, phone, email, manager_id, is_active, is_main, room_ids, create_time, update_time from tcm_branch
23:07:08.273 [http-nio-8006-exec-20] DEBUG c.r.h.m.T.selectTcmBranchList - [debug,135] - ==> Parameters: 
23:07:08.273 [http-nio-8006-exec-20] DEBUG c.r.h.m.T.selectTcmBranchList - [debug,135] - <==      Total: 3
23:07:08.274 [http-nio-8006-exec-20] DEBUG c.r.h.m.T.selectAllSettings - [debug,135] - ==>  Preparing: select setting_key, setting_value, update_time from tcm_clinic_setting order by setting_key
23:07:08.274 [http-nio-8006-exec-20] DEBUG c.r.h.m.T.selectAllSettings - [debug,135] - ==> Parameters: 
23:07:08.275 [http-nio-8006-exec-20] DEBUG c.r.h.m.T.selectAllSettings - [debug,135] - <==      Total: 6
23:07:08.275 [http-nio-8006-exec-20] DEBUG c.r.h.m.T.selectTcmRoomList - [debug,135] - ==>  Preparing: select id, name, branch_id, is_active, create_time, update_time from tcm_room
23:07:08.275 [http-nio-8006-exec-20] DEBUG c.r.h.m.T.selectTcmRoomList - [debug,135] - ==> Parameters: 
23:07:08.276 [http-nio-8006-exec-20] DEBUG c.r.h.m.T.selectTcmRoomList - [debug,135] - <==      Total: 3
23:07:08.276 [http-nio-8006-exec-20] DEBUG c.r.h.m.T.selectTcmServiceTypeList - [debug,135] - ==>  Preparing: select service_key, label, duration, practitioner_time, room_required, default_price, update_time from tcm_service_type
23:07:08.277 [http-nio-8006-exec-20] DEBUG c.r.h.m.T.selectTcmServiceTypeList - [debug,135] - ==> Parameters: 
23:07:08.278 [http-nio-8006-exec-20] DEBUG c.r.h.m.T.selectTcmServiceTypeList - [debug,135] - <==      Total: 3
23:07:08.278 [http-nio-8006-exec-20] DEBUG c.r.h.m.T.selectTcmPriceListList - [debug,135] - ==>  Preparing: select id, name, effective_date, is_active, items_json, create_time, update_time from tcm_price_list
23:07:08.278 [http-nio-8006-exec-20] DEBUG c.r.h.m.T.selectTcmPriceListList - [debug,135] - ==> Parameters: 
23:07:08.279 [http-nio-8006-exec-20] DEBUG c.r.h.m.T.selectTcmPriceListList - [debug,135] - <==      Total: 1
23:07:08.280 [http-nio-8006-exec-20] DEBUG c.r.h.m.T.selectTcmEmailLogList - [debug,135] - ==>  Preparing: select id, to_email, subject, email_type, body, sent_at, payload, create_time from tcm_email_log order by id desc
23:07:08.280 [http-nio-8006-exec-20] DEBUG c.r.h.m.T.selectTcmEmailLogList - [debug,135] - ==> Parameters: 
23:07:08.281 [http-nio-8006-exec-20] DEBUG c.r.h.m.T.selectTcmEmailLogList - [debug,135] - <==      Total: 0
23:07:08.281 [http-nio-8006-exec-20] DEBUG c.r.h.m.T.selectTcmFormulaList - [debug,135] - ==>  Preparing: select id, name, category, description, source, is_active, deleted_at, create_time, update_time from tcm_formula WHERE deleted_at IS NULL order by create_time desc
23:07:08.281 [http-nio-8006-exec-20] DEBUG c.r.h.m.T.selectTcmFormulaList - [debug,135] - ==> Parameters: 
23:07:08.283 [http-nio-8006-exec-20] DEBUG c.r.h.m.T.selectTcmFormulaList - [debug,135] - <==      Total: 51
23:07:08.283 [http-nio-8006-exec-20] DEBUG c.r.h.m.T.selectByFormulaId - [debug,135] - ==>  Preparing: select id, formula_id, herb_name, dosage, unit, sort_order, notes, herb_dict_id from tcm_formula_item where formula_id = ? order by sort_order asc
23:07:08.283 [http-nio-8006-exec-20] DEBUG c.r.h.m.T.selectByFormulaId - [debug,135] - ==> Parameters: ecf8c626-94c4-4825-97d3-21c67adf9366(String)
23:07:08.283 [http-nio-8006-exec-20] DEBUG c.r.h.m.T.selectByFormulaId - [debug,135] - <==      Total: 1
23:07:08.284 [http-nio-8006-exec-20] DEBUG c.r.h.m.T.selectByFormulaId - [debug,135] - ==>  Preparing: select id, formula_id, herb_name, dosage, unit, sort_order, notes, herb_dict_id from tcm_formula_item where formula_id = ? order by sort_order asc
23:07:08.284 [http-nio-8006-exec-20] DEBUG c.r.h.m.T.selectByFormulaId - [debug,135] - ==> Parameters: formula-1(String)
23:07:08.285 [http-nio-8006-exec-20] DEBUG c.r.h.m.T.selectByFormulaId - [debug,135] - <==      Total: 4
23:07:08.285 [http-nio-8006-exec-20] DEBUG c.r.h.m.T.selectByFormulaId - [debug,135] - ==>  Preparing: select id, formula_id, herb_name, dosage, unit, sort_order, notes, herb_dict_id from tcm_formula_item where formula_id = ? order by sort_order asc
23:07:08.286 [http-nio-8006-exec-20] DEBUG c.r.h.m.T.selectByFormulaId - [debug,135] - ==> Parameters: formula-10(String)
23:07:08.287 [http-nio-8006-exec-20] DEBUG c.r.h.m.T.selectByFormulaId - [debug,135] - <==      Total: 5
23:07:08.287 [http-nio-8006-exec-20] DEBUG c.r.h.m.T.selectByFormulaId - [debug,135] - ==>  Preparing: select id, formula_id, herb_name, dosage, unit, sort_order, notes, herb_dict_id from tcm_formula_item where formula_id = ? order by sort_order asc
23:07:08.287 [http-nio-8006-exec-20] DEBUG c.r.h.m.T.selectByFormulaId - [debug,135] - ==> Parameters: formula-11(String)
23:07:08.288 [http-nio-8006-exec-20] DEBUG c.r.h.m.T.selectByFormulaId - [debug,135] - <==      Total: 4
23:07:08.288 [http-nio-8006-exec-20] DEBUG c.r.h.m.T.selectByFormulaId - [debug,135] - ==>  Preparing: select id, formula_id, herb_name, dosage, unit, sort_order, notes, herb_dict_id from tcm_formula_item where formula_id = ? order by sort_order asc
23:07:08.288 [http-nio-8006-exec-20] DEBUG c.r.h.m.T.selectByFormulaId - [debug,135] - ==> Parameters: formula-12(String)
23:07:08.289 [http-nio-8006-exec-20] DEBUG c.r.h.m.T.selectByFormulaId - [debug,135] - <==      Total: 0
23:07:08.290 [http-nio-8006-exec-20] DEBUG c.r.h.m.T.selectByFormulaId - [debug,135] - ==>  Preparing: select id, formula_id, herb_name, dosage, unit, sort_order, notes, herb_dict_id from tcm_formula_item where formula_id = ? order by sort_order asc
23:07:08.290 [http-nio-8006-exec-20] DEBUG c.r.h.m.T.selectByFormulaId - [debug,135] - ==> Parameters: formula-13(String)
23:07:08.290 [http-nio-8006-exec-20] DEBUG c.r.h.m.T.selectByFormulaId - [debug,135] - <==      Total: 0
23:07:08.291 [http-nio-8006-exec-20] DEBUG c.r.h.m.T.selectByFormulaId - [debug,135] - ==>  Preparing: select id, formula_id, herb_name, dosage, unit, sort_order, notes, herb_dict_id from tcm_formula_item where formula_id = ? order by sort_order asc
23:07:08.291 [http-nio-8006-exec-20] DEBUG c.r.h.m.T.selectByFormulaId - [debug,135] - ==> Parameters: formula-14(String)
23:07:08.291 [http-nio-8006-exec-20] DEBUG c.r.h.m.T.selectByFormulaId - [debug,135] - <==      Total: 0
23:07:08.292 [http-nio-8006-exec-20] DEBUG c.r.h.m.T.selectByFormulaId - [debug,135] - ==>  Preparing: select id, formula_id, herb_name, dosage, unit, sort_order, notes, herb_dict_id from tcm_formula_item where formula_id = ? order by sort_order asc
23:07:08.292 [http-nio-8006-exec-20] DEBUG c.r.h.m.T.selectByFormulaId - [debug,135] - ==> Parameters: formula-15(String)
23:07:08.293 [http-nio-8006-exec-20] DEBUG c.r.h.m.T.selectByFormulaId - [debug,135] - <==      Total: 7
23:07:08.293 [http-nio-8006-exec-20] DEBUG c.r.h.m.T.selectByFormulaId - [debug,135] - ==>  Preparing: select id, formula_id, herb_name, dosage, unit, sort_order, notes, herb_dict_id from tcm_formula_item where formula_id = ? order by sort_order asc
23:07:08.294 [http-nio-8006-exec-20] DEBUG c.r.h.m.T.selectByFormulaId - [debug,135] - ==> Parameters: formula-16(String)
23:07:08.294 [http-nio-8006-exec-20] DEBUG c.r.h.m.T.selectByFormulaId - [debug,135] - <==      Total: 0
23:07:08.294 [http-nio-8006-exec-20] DEBUG c.r.h.m.T.selectByFormulaId - [debug,135] - ==>  Preparing: select id, formula_id, herb_name, dosage, unit, sort_order, notes, herb_dict_id from tcm_formula_item where formula_id = ? order by sort_order asc
23:07:08.295 [http-nio-8006-exec-20] DEBUG c.r.h.m.T.selectByFormulaId - [debug,135] - ==> Parameters: formula-17(String)
23:07:08.295 [http-nio-8006-exec-20] DEBUG c.r.h.m.T.selectByFormulaId - [debug,135] - <==      Total: 4
23:07:08.296 [http-nio-8006-exec-20] DEBUG c.r.h.m.T.selectByFormulaId - [debug,135] - ==>  Preparing: select id, formula_id, herb_name, dosage, unit, sort_order, notes, herb_dict_id from tcm_formula_item where formula_id = ? order by sort_order asc
23:07:08.296 [http-nio-8006-exec-20] DEBUG c.r.h.m.T.selectByFormulaId - [debug,135] - ==> Parameters: formula-18(String)
23:07:08.296 [http-nio-8006-exec-20] DEBUG c.r.h.m.T.selectByFormulaId - [debug,135] - <==      Total: 3
23:07:08.296 [http-nio-8006-exec-20] DEBUG c.r.h.m.T.selectByFormulaId - [debug,135] - ==>  Preparing: select id, formula_id, herb_name, dosage, unit, sort_order, notes, herb_dict_id from tcm_formula_item where formula_id = ? order by sort_order asc
23:07:08.297 [http-nio-8006-exec-20] DEBUG c.r.h.m.T.selectByFormulaId - [debug,135] - ==> Parameters: formula-19(String)
23:07:08.298 [http-nio-8006-exec-20] DEBUG c.r.h.m.T.selectByFormulaId - [debug,135] - <==      Total: 0
23:07:08.298 [http-nio-8006-exec-20] DEBUG c.r.h.m.T.selectByFormulaId - [debug,135] - ==>  Preparing: select id, formula_id, herb_name, dosage, unit, sort_order, notes, herb_dict_id from tcm_formula_item where formula_id = ? order by sort_order asc
23:07:08.298 [http-nio-8006-exec-20] DEBUG c.r.h.m.T.selectByFormulaId - [debug,135] - ==> Parameters: formula-2(String)
23:07:08.299 [http-nio-8006-exec-20] DEBUG c.r.h.m.T.selectByFormulaId - [debug,135] - <==      Total: 6
23:07:08.299 [http-nio-8006-exec-20] DEBUG c.r.h.m.T.selectByFormulaId - [debug,135] - ==>  Preparing: select id, formula_id, herb_name, dosage, unit, sort_order, notes, herb_dict_id from tcm_formula_item where formula_id = ? order by sort_order asc
23:07:08.299 [http-nio-8006-exec-20] DEBUG c.r.h.m.T.selectByFormulaId - [debug,135] - ==> Parameters: formula-20(String)
23:07:08.300 [http-nio-8006-exec-20] DEBUG c.r.h.m.T.selectByFormulaId - [debug,135] - <==      Total: 0
23:07:08.301 [http-nio-8006-exec-20] DEBUG c.r.h.m.T.selectByFormulaId - [debug,135] - ==>  Preparing: select id, formula_id, herb_name, dosage, unit, sort_order, notes, herb_dict_id from tcm_formula_item where formula_id = ? order by sort_order asc
23:07:08.301 [http-nio-8006-exec-20] DEBUG c.r.h.m.T.selectByFormulaId - [debug,135] - ==> Parameters: formula-21(String)
23:07:08.301 [http-nio-8006-exec-20] DEBUG c.r.h.m.T.selectByFormulaId - [debug,135] - <==      Total: 4
23:07:08.301 [http-nio-8006-exec-20] DEBUG c.r.h.m.T.selectByFormulaId - [debug,135] - ==>  Preparing: select id, formula_id, herb_name, dosage, unit, sort_order, notes, herb_dict_id from tcm_formula_item where formula_id = ? order by sort_order asc
23:07:08.302 [http-nio-8006-exec-20] DEBUG c.r.h.m.T.selectByFormulaId - [debug,135] - ==> Parameters: formula-22(String)
23:07:08.302 [http-nio-8006-exec-20] DEBUG c.r.h.m.T.selectByFormulaId - [debug,135] - <==      Total: 0
23:07:08.302 [http-nio-8006-exec-20] DEBUG c.r.h.m.T.selectByFormulaId - [debug,135] - ==>  Preparing: select id, formula_id, herb_name, dosage, unit, sort_order, notes, herb_dict_id from tcm_formula_item where formula_id = ? order by sort_order asc
23:07:08.303 [http-nio-8006-exec-20] DEBUG c.r.h.m.T.selectByFormulaId - [debug,135] - ==> Parameters: formula-23(String)
23:07:08.303 [http-nio-8006-exec-20] DEBUG c.r.h.m.T.selectByFormulaId - [debug,135] - <==      Total: 0
23:07:08.303 [http-nio-8006-exec-20] DEBUG c.r.h.m.T.selectByFormulaId - [debug,135] - ==>  Preparing: select id, formula_id, herb_name, dosage, unit, sort_order, notes, herb_dict_id from tcm_formula_item where formula_id = ? order by sort_order asc
23:07:08.304 [http-nio-8006-exec-20] DEBUG c.r.h.m.T.selectByFormulaId - [debug,135] - ==> Parameters: formula-24(String)
23:07:08.305 [http-nio-8006-exec-20] DEBUG c.r.h.m.T.selectByFormulaId - [debug,135] - <==      Total: 5
23:07:08.305 [http-nio-8006-exec-20] DEBUG c.r.h.m.T.selectByFormulaId - [debug,135] - ==>  Preparing: select id, formula_id, herb_name, dosage, unit, sort_order, notes, herb_dict_id from tcm_formula_item where formula_id = ? order by sort_order asc
23:07:08.306 [http-nio-8006-exec-20] DEBUG c.r.h.m.T.selectByFormulaId - [debug,135] - ==> Parameters: formula-25(String)
23:07:08.306 [http-nio-8006-exec-20] DEBUG c.r.h.m.T.selectByFormulaId - [debug,135] - <==      Total: 0
23:07:08.306 [http-nio-8006-exec-20] DEBUG c.r.h.m.T.selectByFormulaId - [debug,135] - ==>  Preparing: select id, formula_id, herb_name, dosage, unit, sort_order, notes, herb_dict_id from tcm_formula_item where formula_id = ? order by sort_order asc
23:07:08.307 [http-nio-8006-exec-20] DEBUG c.r.h.m.T.selectByFormulaId - [debug,135] - ==> Parameters: formula-26(String)
23:07:08.308 [http-nio-8006-exec-20] DEBUG c.r.h.m.T.selectByFormulaId - [debug,135] - <==      Total: 0
23:07:08.308 [http-nio-8006-exec-20] DEBUG c.r.h.m.T.selectByFormulaId - [debug,135] - ==>  Preparing: select id, formula_id, herb_name, dosage, unit, sort_order, notes, herb_dict_id from tcm_formula_item where formula_id = ? order by sort_order asc
23:07:08.308 [http-nio-8006-exec-20] DEBUG c.r.h.m.T.selectByFormulaId - [debug,135] - ==> Parameters: formula-27(String)
23:07:08.309 [http-nio-8006-exec-20] DEBUG c.r.h.m.T.selectByFormulaId - [debug,135] - <==      Total: 0
23:07:08.309 [http-nio-8006-exec-20] DEBUG c.r.h.m.T.selectByFormulaId - [debug,135] - ==>  Preparing: select id, formula_id, herb_name, dosage, unit, sort_order, notes, herb_dict_id from tcm_formula_item where formula_id = ? order by sort_order asc
23:07:08.309 [http-nio-8006-exec-20] DEBUG c.r.h.m.T.selectByFormulaId - [debug,135] - ==> Parameters: formula-28(String)
23:07:08.310 [http-nio-8006-exec-20] DEBUG c.r.h.m.T.selectByFormulaId - [debug,135] - <==      Total: 0
23:07:08.310 [http-nio-8006-exec-20] DEBUG c.r.h.m.T.selectByFormulaId - [debug,135] - ==>  Preparing: select id, formula_id, herb_name, dosage, unit, sort_order, notes, herb_dict_id from tcm_formula_item where formula_id = ? order by sort_order asc
23:07:08.310 [http-nio-8006-exec-20] DEBUG c.r.h.m.T.selectByFormulaId - [debug,135] - ==> Parameters: formula-29(String)
23:07:08.311 [http-nio-8006-exec-20] DEBUG c.r.h.m.T.selectByFormulaId - [debug,135] - <==      Total: 8
23:07:08.311 [http-nio-8006-exec-20] DEBUG c.r.h.m.T.selectByFormulaId - [debug,135] - ==>  Preparing: select id, formula_id, herb_name, dosage, unit, sort_order, notes, herb_dict_id from tcm_formula_item where formula_id = ? order by sort_order asc
23:07:08.311 [http-nio-8006-exec-20] DEBUG c.r.h.m.T.selectByFormulaId - [debug,135] - ==> Parameters: formula-3(String)
23:07:08.313 [http-nio-8006-exec-20] DEBUG c.r.h.m.T.selectByFormulaId - [debug,135] - <==      Total: 8
23:07:08.313 [http-nio-8006-exec-20] DEBUG c.r.h.m.T.selectByFormulaId - [debug,135] - ==>  Preparing: select id, formula_id, herb_name, dosage, unit, sort_order, notes, herb_dict_id from tcm_formula_item where formula_id = ? order by sort_order asc
23:07:08.313 [http-nio-8006-exec-20] DEBUG c.r.h.m.T.selectByFormulaId - [debug,135] - ==> Parameters: formula-30(String)
23:07:08.314 [http-nio-8006-exec-20] DEBUG c.r.h.m.T.selectByFormulaId - [debug,135] - <==      Total: 0
23:07:08.314 [http-nio-8006-exec-20] DEBUG c.r.h.m.T.selectByFormulaId - [debug,135] - ==>  Preparing: select id, formula_id, herb_name, dosage, unit, sort_order, notes, herb_dict_id from tcm_formula_item where formula_id = ? order by sort_order asc
23:07:08.315 [http-nio-8006-exec-20] DEBUG c.r.h.m.T.selectByFormulaId - [debug,135] - ==> Parameters: formula-31(String)
23:07:08.315 [http-nio-8006-exec-20] DEBUG c.r.h.m.T.selectByFormulaId - [debug,135] - <==      Total: 5
23:07:08.316 [http-nio-8006-exec-20] DEBUG c.r.h.m.T.selectByFormulaId - [debug,135] - ==>  Preparing: select id, formula_id, herb_name, dosage, unit, sort_order, notes, herb_dict_id from tcm_formula_item where formula_id = ? order by sort_order asc
23:07:08.316 [http-nio-8006-exec-20] DEBUG c.r.h.m.T.selectByFormulaId - [debug,135] - ==> Parameters: formula-32(String)
23:07:08.316 [http-nio-8006-exec-20] DEBUG c.r.h.m.T.selectByFormulaId - [debug,135] - <==      Total: 0
23:07:08.317 [http-nio-8006-exec-20] DEBUG c.r.h.m.T.selectByFormulaId - [debug,135] - ==>  Preparing: select id, formula_id, herb_name, dosage, unit, sort_order, notes, herb_dict_id from tcm_formula_item where formula_id = ? order by sort_order asc
23:07:08.317 [http-nio-8006-exec-20] DEBUG c.r.h.m.T.selectByFormulaId - [debug,135] - ==> Parameters: formula-33(String)
23:07:08.318 [http-nio-8006-exec-20] DEBUG c.r.h.m.T.selectByFormulaId - [debug,135] - <==      Total: 3
23:07:08.318 [http-nio-8006-exec-20] DEBUG c.r.h.m.T.selectByFormulaId - [debug,135] - ==>  Preparing: select id, formula_id, herb_name, dosage, unit, sort_order, notes, herb_dict_id from tcm_formula_item where formula_id = ? order by sort_order asc
23:07:08.318 [http-nio-8006-exec-20] DEBUG c.r.h.m.T.selectByFormulaId - [debug,135] - ==> Parameters: formula-34(String)
23:07:08.319 [http-nio-8006-exec-20] DEBUG c.r.h.m.T.selectByFormulaId - [debug,135] - <==      Total: 3
23:07:08.320 [http-nio-8006-exec-20] DEBUG c.r.h.m.T.selectByFormulaId - [debug,135] - ==>  Preparing: select id, formula_id, herb_name, dosage, unit, sort_order, notes, herb_dict_id from tcm_formula_item where formula_id = ? order by sort_order asc
23:07:08.320 [http-nio-8006-exec-20] DEBUG c.r.h.m.T.selectByFormulaId - [debug,135] - ==> Parameters: formula-35(String)
23:07:08.320 [http-nio-8006-exec-20] DEBUG c.r.h.m.T.selectByFormulaId - [debug,135] - <==      Total: 4
23:07:08.320 [http-nio-8006-exec-20] DEBUG c.r.h.m.T.selectByFormulaId - [debug,135] - ==>  Preparing: select id, formula_id, herb_name, dosage, unit, sort_order, notes, herb_dict_id from tcm_formula_item where formula_id = ? order by sort_order asc
23:07:08.321 [http-nio-8006-exec-20] DEBUG c.r.h.m.T.selectByFormulaId - [debug,135] - ==> Parameters: formula-36(String)
23:07:08.321 [http-nio-8006-exec-20] DEBUG c.r.h.m.T.selectByFormulaId - [debug,135] - <==      Total: 0
23:07:08.322 [http-nio-8006-exec-20] DEBUG c.r.h.m.T.selectByFormulaId - [debug,135] - ==>  Preparing: select id, formula_id, herb_name, dosage, unit, sort_order, notes, herb_dict_id from tcm_formula_item where formula_id = ? order by sort_order asc
23:07:08.322 [http-nio-8006-exec-20] DEBUG c.r.h.m.T.selectByFormulaId - [debug,135] - ==> Parameters: formula-37(String)
23:07:08.323 [http-nio-8006-exec-20] DEBUG c.r.h.m.T.selectByFormulaId - [debug,135] - <==      Total: 6
23:07:08.323 [http-nio-8006-exec-20] DEBUG c.r.h.m.T.selectByFormulaId - [debug,135] - ==>  Preparing: select id, formula_id, herb_name, dosage, unit, sort_order, notes, herb_dict_id from tcm_formula_item where formula_id = ? order by sort_order asc
23:07:08.324 [http-nio-8006-exec-20] DEBUG c.r.h.m.T.selectByFormulaId - [debug,135] - ==> Parameters: formula-38(String)
23:07:08.324 [http-nio-8006-exec-20] DEBUG c.r.h.m.T.selectByFormulaId - [debug,135] - <==      Total: 0
23:07:08.325 [http-nio-8006-exec-20] DEBUG c.r.h.m.T.selectByFormulaId - [debug,135] - ==>  Preparing: select id, formula_id, herb_name, dosage, unit, sort_order, notes, herb_dict_id from tcm_formula_item where formula_id = ? order by sort_order asc
23:07:08.325 [http-nio-8006-exec-20] DEBUG c.r.h.m.T.selectByFormulaId - [debug,135] - ==> Parameters: formula-39(String)
23:07:08.325 [http-nio-8006-exec-20] DEBUG c.r.h.m.T.selectByFormulaId - [debug,135] - <==      Total: 0
23:07:08.326 [http-nio-8006-exec-20] DEBUG c.r.h.m.T.selectByFormulaId - [debug,135] - ==>  Preparing: select id, formula_id, herb_name, dosage, unit, sort_order, notes, herb_dict_id from tcm_formula_item where formula_id = ? order by sort_order asc
23:07:08.326 [http-nio-8006-exec-20] DEBUG c.r.h.m.T.selectByFormulaId - [debug,135] - ==> Parameters: formula-4(String)
23:07:08.327 [http-nio-8006-exec-20] DEBUG c.r.h.m.T.selectByFormulaId - [debug,135] - <==      Total: 8
23:07:08.327 [http-nio-8006-exec-20] DEBUG c.r.h.m.T.selectByFormulaId - [debug,135] - ==>  Preparing: select id, formula_id, herb_name, dosage, unit, sort_order, notes, herb_dict_id from tcm_formula_item where formula_id = ? order by sort_order asc
23:07:08.327 [http-nio-8006-exec-20] DEBUG c.r.h.m.T.selectByFormulaId - [debug,135] - ==> Parameters: formula-40(String)
23:07:08.327 [http-nio-8006-exec-20] DEBUG c.r.h.m.T.selectByFormulaId - [debug,135] - <==      Total: 0
23:07:08.328 [http-nio-8006-exec-20] DEBUG c.r.h.m.T.selectByFormulaId - [debug,135] - ==>  Preparing: select id, formula_id, herb_name, dosage, unit, sort_order, notes, herb_dict_id from tcm_formula_item where formula_id = ? order by sort_order asc
23:07:08.328 [http-nio-8006-exec-20] DEBUG c.r.h.m.T.selectByFormulaId - [debug,135] - ==> Parameters: formula-41(String)
23:07:08.329 [http-nio-8006-exec-20] DEBUG c.r.h.m.T.selectByFormulaId - [debug,135] - <==      Total: 0
23:07:08.329 [http-nio-8006-exec-20] DEBUG c.r.h.m.T.selectByFormulaId - [debug,135] - ==>  Preparing: select id, formula_id, herb_name, dosage, unit, sort_order, notes, herb_dict_id from tcm_formula_item where formula_id = ? order by sort_order asc
23:07:08.329 [http-nio-8006-exec-20] DEBUG c.r.h.m.T.selectByFormulaId - [debug,135] - ==> Parameters: formula-42(String)
23:07:08.330 [http-nio-8006-exec-20] DEBUG c.r.h.m.T.selectByFormulaId - [debug,135] - <==      Total: 0
23:07:08.330 [http-nio-8006-exec-20] DEBUG c.r.h.m.T.selectByFormulaId - [debug,135] - ==>  Preparing: select id, formula_id, herb_name, dosage, unit, sort_order, notes, herb_dict_id from tcm_formula_item where formula_id = ? order by sort_order asc
23:07:08.330 [http-nio-8006-exec-20] DEBUG c.r.h.m.T.selectByFormulaId - [debug,135] - ==> Parameters: formula-43(String)
23:07:08.331 [http-nio-8006-exec-20] DEBUG c.r.h.m.T.selectByFormulaId - [debug,135] - <==      Total: 0
23:07:08.331 [http-nio-8006-exec-20] DEBUG c.r.h.m.T.selectByFormulaId - [debug,135] - ==>  Preparing: select id, formula_id, herb_name, dosage, unit, sort_order, notes, herb_dict_id from tcm_formula_item where formula_id = ? order by sort_order asc
23:07:08.331 [http-nio-8006-exec-20] DEBUG c.r.h.m.T.selectByFormulaId - [debug,135] - ==> Parameters: formula-44(String)
23:07:08.332 [http-nio-8006-exec-20] DEBUG c.r.h.m.T.selectByFormulaId - [debug,135] - <==      Total: 0
23:07:08.333 [http-nio-8006-exec-20] DEBUG c.r.h.m.T.selectByFormulaId - [debug,135] - ==>  Preparing: select id, formula_id, herb_name, dosage, unit, sort_order, notes, herb_dict_id from tcm_formula_item where formula_id = ? order by sort_order asc
23:07:08.333 [http-nio-8006-exec-20] DEBUG c.r.h.m.T.selectByFormulaId - [debug,135] - ==> Parameters: formula-45(String)
23:07:08.334 [http-nio-8006-exec-20] DEBUG c.r.h.m.T.selectByFormulaId - [debug,135] - <==      Total: 0
23:07:08.334 [http-nio-8006-exec-20] DEBUG c.r.h.m.T.selectByFormulaId - [debug,135] - ==>  Preparing: select id, formula_id, herb_name, dosage, unit, sort_order, notes, herb_dict_id from tcm_formula_item where formula_id = ? order by sort_order asc
23:07:08.334 [http-nio-8006-exec-20] DEBUG c.r.h.m.T.selectByFormulaId - [debug,135] - ==> Parameters: formula-46(String)
23:07:08.335 [http-nio-8006-exec-20] DEBUG c.r.h.m.T.selectByFormulaId - [debug,135] - <==      Total: 0
23:07:08.335 [http-nio-8006-exec-20] DEBUG c.r.h.m.T.selectByFormulaId - [debug,135] - ==>  Preparing: select id, formula_id, herb_name, dosage, unit, sort_order, notes, herb_dict_id from tcm_formula_item where formula_id = ? order by sort_order asc
23:07:08.335 [http-nio-8006-exec-20] DEBUG c.r.h.m.T.selectByFormulaId - [debug,135] - ==> Parameters: formula-47(String)
23:07:08.336 [http-nio-8006-exec-20] DEBUG c.r.h.m.T.selectByFormulaId - [debug,135] - <==      Total: 0
23:07:08.336 [http-nio-8006-exec-20] DEBUG c.r.h.m.T.selectByFormulaId - [debug,135] - ==>  Preparing: select id, formula_id, herb_name, dosage, unit, sort_order, notes, herb_dict_id from tcm_formula_item where formula_id = ? order by sort_order asc
23:07:08.336 [http-nio-8006-exec-20] DEBUG c.r.h.m.T.selectByFormulaId - [debug,135] - ==> Parameters: formula-48(String)
23:07:08.337 [http-nio-8006-exec-20] DEBUG c.r.h.m.T.selectByFormulaId - [debug,135] - <==      Total: 0
23:07:08.337 [http-nio-8006-exec-20] DEBUG c.r.h.m.T.selectByFormulaId - [debug,135] - ==>  Preparing: select id, formula_id, herb_name, dosage, unit, sort_order, notes, herb_dict_id from tcm_formula_item where formula_id = ? order by sort_order asc
23:07:08.337 [http-nio-8006-exec-20] DEBUG c.r.h.m.T.selectByFormulaId - [debug,135] - ==> Parameters: formula-49(String)
23:07:08.338 [http-nio-8006-exec-20] DEBUG c.r.h.m.T.selectByFormulaId - [debug,135] - <==      Total: 0
23:07:08.338 [http-nio-8006-exec-20] DEBUG c.r.h.m.T.selectByFormulaId - [debug,135] - ==>  Preparing: select id, formula_id, herb_name, dosage, unit, sort_order, notes, herb_dict_id from tcm_formula_item where formula_id = ? order by sort_order asc
23:07:08.339 [http-nio-8006-exec-20] DEBUG c.r.h.m.T.selectByFormulaId - [debug,135] - ==> Parameters: formula-5(String)
23:07:08.339 [http-nio-8006-exec-20] DEBUG c.r.h.m.T.selectByFormulaId - [debug,135] - <==      Total: 8
23:07:08.340 [http-nio-8006-exec-20] DEBUG c.r.h.m.T.selectByFormulaId - [debug,135] - ==>  Preparing: select id, formula_id, herb_name, dosage, unit, sort_order, notes, herb_dict_id from tcm_formula_item where formula_id = ? order by sort_order asc
23:07:08.340 [http-nio-8006-exec-20] DEBUG c.r.h.m.T.selectByFormulaId - [debug,135] - ==> Parameters: formula-50(String)
23:07:08.340 [http-nio-8006-exec-20] DEBUG c.r.h.m.T.selectByFormulaId - [debug,135] - <==      Total: 7
23:07:08.341 [http-nio-8006-exec-20] DEBUG c.r.h.m.T.selectByFormulaId - [debug,135] - ==>  Preparing: select id, formula_id, herb_name, dosage, unit, sort_order, notes, herb_dict_id from tcm_formula_item where formula_id = ? order by sort_order asc
23:07:08.341 [http-nio-8006-exec-20] DEBUG c.r.h.m.T.selectByFormulaId - [debug,135] - ==> Parameters: formula-6(String)
23:07:08.342 [http-nio-8006-exec-20] DEBUG c.r.h.m.T.selectByFormulaId - [debug,135] - <==      Total: 7
23:07:08.342 [http-nio-8006-exec-20] DEBUG c.r.h.m.T.selectByFormulaId - [debug,135] - ==>  Preparing: select id, formula_id, herb_name, dosage, unit, sort_order, notes, herb_dict_id from tcm_formula_item where formula_id = ? order by sort_order asc
23:07:08.342 [http-nio-8006-exec-20] DEBUG c.r.h.m.T.selectByFormulaId - [debug,135] - ==> Parameters: formula-7(String)
23:07:08.342 [http-nio-8006-exec-20] DEBUG c.r.h.m.T.selectByFormulaId - [debug,135] - <==      Total: 5
23:07:08.344 [http-nio-8006-exec-20] DEBUG c.r.h.m.T.selectByFormulaId - [debug,135] - ==>  Preparing: select id, formula_id, herb_name, dosage, unit, sort_order, notes, herb_dict_id from tcm_formula_item where formula_id = ? order by sort_order asc
23:07:08.344 [http-nio-8006-exec-20] DEBUG c.r.h.m.T.selectByFormulaId - [debug,135] - ==> Parameters: formula-8(String)
23:07:08.345 [http-nio-8006-exec-20] DEBUG c.r.h.m.T.selectByFormulaId - [debug,135] - <==      Total: 8
23:07:08.345 [http-nio-8006-exec-20] DEBUG c.r.h.m.T.selectByFormulaId - [debug,135] - ==>  Preparing: select id, formula_id, herb_name, dosage, unit, sort_order, notes, herb_dict_id from tcm_formula_item where formula_id = ? order by sort_order asc
23:07:08.345 [http-nio-8006-exec-20] DEBUG c.r.h.m.T.selectByFormulaId - [debug,135] - ==> Parameters: formula-9(String)
23:07:08.346 [http-nio-8006-exec-20] DEBUG c.r.h.m.T.selectByFormulaId - [debug,135] - <==      Total: 4
23:07:08.347 [http-nio-8006-exec-20] DEBUG c.r.h.m.T.selectTcmSupplierList - [debug,135] - ==>  Preparing: select id, name, contact_person, phone, email, address, notes, is_active, deleted_at, create_time, update_time from tcm_supplier WHERE deleted_at IS NULL order by create_time desc
23:07:08.347 [http-nio-8006-exec-20] DEBUG c.r.h.m.T.selectTcmSupplierList - [debug,135] - ==> Parameters: 
23:07:08.349 [http-nio-8006-exec-20] DEBUG c.r.h.m.T.selectTcmSupplierList - [debug,135] - <==      Total: 4
23:07:08.349 [http-nio-8006-exec-20] DEBUG c.r.h.m.T.selectTcmAcupointList - [debug,135] - ==>  Preparing: select id, name, pinyin, english_name, meridian, location, indication, method, notes, is_active, deleted_at, create_time, update_time from tcm_acupoint WHERE deleted_at IS NULL order by name asc
23:07:08.349 [http-nio-8006-exec-20] DEBUG c.r.h.m.T.selectTcmAcupointList - [debug,135] - ==> Parameters: 
23:07:08.352 [http-nio-8006-exec-20] DEBUG c.r.h.m.T.selectTcmAcupointList - [debug,135] - <==      Total: 100
23:07:08.353 [http-nio-8006-exec-20] DEBUG c.r.h.m.T.selectAll - [debug,135] - ==>  Preparing: select id, from_unit, to_unit, factor, notes, create_time from tcm_unit_conversion order by from_unit, to_unit
23:07:08.354 [http-nio-8006-exec-20] DEBUG c.r.h.m.T.selectAll - [debug,135] - ==> Parameters: 
23:07:08.355 [http-nio-8006-exec-20] DEBUG c.r.h.m.T.selectAll - [debug,135] - <==      Total: 16
23:07:08.355 [http-nio-8006-exec-20] DEBUG c.r.h.m.T.selectTcmHerbDictList - [debug,135] - ==>  Preparing: select id, name, alias, pinyin, category, nature, taste, meridian_tropism, efficacy, indication, dosage_range, contraindication, notes, is_active, deleted_at, create_time, update_time from tcm_herb_dict WHERE deleted_at IS NULL order by category asc, name asc
23:07:08.355 [http-nio-8006-exec-20] DEBUG c.r.h.m.T.selectTcmHerbDictList - [debug,135] - ==> Parameters: 
23:07:08.359 [http-nio-8006-exec-20] DEBUG c.r.h.m.T.selectTcmHerbDictList - [debug,135] - <==      Total: 80
23:07:08.359 [http-nio-8006-exec-20] DEBUG c.r.h.m.T.selectTcmMeridianList - [debug,135] - ==>  Preparing: select id, name, english_name, abbr, category, organ, pathway, acupoint_count, indication, notes, is_active, deleted_at, create_time, update_time from tcm_meridian WHERE deleted_at IS NULL order by id asc
23:07:08.360 [http-nio-8006-exec-20] DEBUG c.r.h.m.T.selectTcmMeridianList - [debug,135] - ==> Parameters: 
23:07:08.361 [http-nio-8006-exec-20] DEBUG c.r.h.m.T.selectTcmMeridianList - [debug,135] - <==      Total: 14
23:07:08.361 [http-nio-8006-exec-20] DEBUG c.r.h.m.T.selectTcmTreatmentTemplateList - [debug,135] - ==>  Preparing: select id, name, disease, category, description, acupoints_json, formula_ids, advice, notes, is_active, deleted_at, create_time, update_time from tcm_treatment_template WHERE deleted_at IS NULL order by category asc, name asc
23:07:08.361 [http-nio-8006-exec-20] DEBUG c.r.h.m.T.selectTcmTreatmentTemplateList - [debug,135] - ==> Parameters: 
23:07:08.362 [http-nio-8006-exec-20] DEBUG c.r.h.m.T.selectTcmTreatmentTemplateList - [debug,135] - <==      Total: 10
23:07:10.876 [http-nio-8006-exec-21] DEBUG c.r.h.m.T.selectTcmInventoryItemList - [debug,135] - ==>  Preparing: select id, name, category, unit, quantity, price_per_unit, min_stock_level, supplier, supplier_id, grams_per_packet, branch_id, is_active, deleted_at, herb_dict_id, payload, create_time, update_time from tcm_inventory_item WHERE deleted_at IS NULL
23:07:10.878 [http-nio-8006-exec-21] DEBUG c.r.h.m.T.selectTcmInventoryItemList - [debug,135] - ==> Parameters: 
23:07:10.879 [http-nio-8006-exec-21] DEBUG c.r.h.m.T.selectTcmInventoryItemList - [debug,135] - <==      Total: 13
23:07:10.983 [http-nio-8006-exec-22] DEBUG c.r.s.m.S.selectUserList - [debug,135] - ==>  Preparing: select u.user_id, u.dept_id, u.nick_name, u.user_name, u.email, u.avatar, u.phonenumber, u.sex, u.status, u.del_flag, u.login_ip, u.login_date, u.create_by, u.create_time, u.remark, d.dept_name, d.leader from sys_user u left join sys_dept d on u.dept_id = d.dept_id where u.del_flag = '0'
23:07:10.985 [http-nio-8006-exec-22] DEBUG c.r.s.m.S.selectUserList - [debug,135] - ==> Parameters: 
23:07:10.987 [http-nio-8006-exec-22] DEBUG c.r.s.m.S.selectUserList - [debug,135] - <==      Total: 8
23:07:10.987 [http-nio-8006-exec-22] DEBUG c.r.s.m.S.selectUserById - [debug,135] - ==>  Preparing: select u.user_id, u.dept_id, u.user_name, u.nick_name, u.email, u.avatar, u.phonenumber, u.password, u.sex, u.status, u.del_flag, u.login_ip, u.login_date, u.pwd_update_date, u.create_by, u.create_time, u.remark, d.dept_id, d.parent_id, d.ancestors, d.dept_name, d.order_num, d.leader, d.status as dept_status, r.role_id, r.role_name, r.role_key, r.role_sort, r.data_scope, r.status as role_status from sys_user u left join sys_dept d on u.dept_id = d.dept_id left join sys_user_role ur on u.user_id = ur.user_id left join sys_role r on r.role_id = ur.role_id where u.user_id = ? and u.del_flag = '0'
23:07:10.987 [http-nio-8006-exec-22] DEBUG c.r.s.m.S.selectUserById - [debug,135] - ==> Parameters: 1(Long)
23:07:10.989 [http-nio-8006-exec-22] DEBUG c.r.s.m.S.selectUserById - [debug,135] - <==      Total: 1
23:07:10.990 [http-nio-8006-exec-22] DEBUG c.r.s.m.S.selectUserById - [debug,135] - ==>  Preparing: select u.user_id, u.dept_id, u.user_name, u.nick_name, u.email, u.avatar, u.phonenumber, u.password, u.sex, u.status, u.del_flag, u.login_ip, u.login_date, u.pwd_update_date, u.create_by, u.create_time, u.remark, d.dept_id, d.parent_id, d.ancestors, d.dept_name, d.order_num, d.leader, d.status as dept_status, r.role_id, r.role_name, r.role_key, r.role_sort, r.data_scope, r.status as role_status from sys_user u left join sys_dept d on u.dept_id = d.dept_id left join sys_user_role ur on u.user_id = ur.user_id left join sys_role r on r.role_id = ur.role_id where u.user_id = ? and u.del_flag = '0'
23:07:10.990 [http-nio-8006-exec-22] DEBUG c.r.s.m.S.selectUserById - [debug,135] - ==> Parameters: 2(Long)
23:07:10.991 [http-nio-8006-exec-22] DEBUG c.r.s.m.S.selectUserById - [debug,135] - <==      Total: 1
23:07:10.991 [http-nio-8006-exec-22] DEBUG c.r.s.m.S.selectUserById - [debug,135] - ==>  Preparing: select u.user_id, u.dept_id, u.user_name, u.nick_name, u.email, u.avatar, u.phonenumber, u.password, u.sex, u.status, u.del_flag, u.login_ip, u.login_date, u.pwd_update_date, u.create_by, u.create_time, u.remark, d.dept_id, d.parent_id, d.ancestors, d.dept_name, d.order_num, d.leader, d.status as dept_status, r.role_id, r.role_name, r.role_key, r.role_sort, r.data_scope, r.status as role_status from sys_user u left join sys_dept d on u.dept_id = d.dept_id left join sys_user_role ur on u.user_id = ur.user_id left join sys_role r on r.role_id = ur.role_id where u.user_id = ? and u.del_flag = '0'
23:07:10.991 [http-nio-8006-exec-22] DEBUG c.r.s.m.S.selectUserById - [debug,135] - ==> Parameters: 100(Long)
23:07:10.992 [http-nio-8006-exec-22] DEBUG c.r.s.m.S.selectUserById - [debug,135] - <==      Total: 1
23:07:10.993 [http-nio-8006-exec-22] DEBUG c.r.s.m.S.selectUserById - [debug,135] - ==>  Preparing: select u.user_id, u.dept_id, u.user_name, u.nick_name, u.email, u.avatar, u.phonenumber, u.password, u.sex, u.status, u.del_flag, u.login_ip, u.login_date, u.pwd_update_date, u.create_by, u.create_time, u.remark, d.dept_id, d.parent_id, d.ancestors, d.dept_name, d.order_num, d.leader, d.status as dept_status, r.role_id, r.role_name, r.role_key, r.role_sort, r.data_scope, r.status as role_status from sys_user u left join sys_dept d on u.dept_id = d.dept_id left join sys_user_role ur on u.user_id = ur.user_id left join sys_role r on r.role_id = ur.role_id where u.user_id = ? and u.del_flag = '0'
23:07:10.993 [http-nio-8006-exec-22] DEBUG c.r.s.m.S.selectUserById - [debug,135] - ==> Parameters: 101(Long)
23:07:10.994 [http-nio-8006-exec-22] DEBUG c.r.s.m.S.selectUserById - [debug,135] - <==      Total: 1
23:07:10.995 [http-nio-8006-exec-22] DEBUG c.r.s.m.S.selectUserById - [debug,135] - ==>  Preparing: select u.user_id, u.dept_id, u.user_name, u.nick_name, u.email, u.avatar, u.phonenumber, u.password, u.sex, u.status, u.del_flag, u.login_ip, u.login_date, u.pwd_update_date, u.create_by, u.create_time, u.remark, d.dept_id, d.parent_id, d.ancestors, d.dept_name, d.order_num, d.leader, d.status as dept_status, r.role_id, r.role_name, r.role_key, r.role_sort, r.data_scope, r.status as role_status from sys_user u left join sys_dept d on u.dept_id = d.dept_id left join sys_user_role ur on u.user_id = ur.user_id left join sys_role r on r.role_id = ur.role_id where u.user_id = ? and u.del_flag = '0'
23:07:10.995 [http-nio-8006-exec-22] DEBUG c.r.s.m.S.selectUserById - [debug,135] - ==> Parameters: 102(Long)
23:07:10.996 [http-nio-8006-exec-22] DEBUG c.r.s.m.S.selectUserById - [debug,135] - <==      Total: 1
23:07:10.997 [http-nio-8006-exec-22] DEBUG c.r.s.m.S.selectUserById - [debug,135] - ==>  Preparing: select u.user_id, u.dept_id, u.user_name, u.nick_name, u.email, u.avatar, u.phonenumber, u.password, u.sex, u.status, u.del_flag, u.login_ip, u.login_date, u.pwd_update_date, u.create_by, u.create_time, u.remark, d.dept_id, d.parent_id, d.ancestors, d.dept_name, d.order_num, d.leader, d.status as dept_status, r.role_id, r.role_name, r.role_key, r.role_sort, r.data_scope, r.status as role_status from sys_user u left join sys_dept d on u.dept_id = d.dept_id left join sys_user_role ur on u.user_id = ur.user_id left join sys_role r on r.role_id = ur.role_id where u.user_id = ? and u.del_flag = '0'
23:07:10.997 [http-nio-8006-exec-22] DEBUG c.r.s.m.S.selectUserById - [debug,135] - ==> Parameters: 103(Long)
23:07:10.998 [http-nio-8006-exec-22] DEBUG c.r.s.m.S.selectUserById - [debug,135] - <==      Total: 1
23:07:10.998 [http-nio-8006-exec-22] DEBUG c.r.s.m.S.selectUserById - [debug,135] - ==>  Preparing: select u.user_id, u.dept_id, u.user_name, u.nick_name, u.email, u.avatar, u.phonenumber, u.password, u.sex, u.status, u.del_flag, u.login_ip, u.login_date, u.pwd_update_date, u.create_by, u.create_time, u.remark, d.dept_id, d.parent_id, d.ancestors, d.dept_name, d.order_num, d.leader, d.status as dept_status, r.role_id, r.role_name, r.role_key, r.role_sort, r.data_scope, r.status as role_status from sys_user u left join sys_dept d on u.dept_id = d.dept_id left join sys_user_role ur on u.user_id = ur.user_id left join sys_role r on r.role_id = ur.role_id where u.user_id = ? and u.del_flag = '0'
23:07:10.998 [http-nio-8006-exec-22] DEBUG c.r.s.m.S.selectUserById - [debug,135] - ==> Parameters: 104(Long)
23:07:11.000 [http-nio-8006-exec-22] DEBUG c.r.s.m.S.selectUserById - [debug,135] - <==      Total: 1
23:07:11.000 [http-nio-8006-exec-22] DEBUG c.r.s.m.S.selectUserById - [debug,135] - ==>  Preparing: select u.user_id, u.dept_id, u.user_name, u.nick_name, u.email, u.avatar, u.phonenumber, u.password, u.sex, u.status, u.del_flag, u.login_ip, u.login_date, u.pwd_update_date, u.create_by, u.create_time, u.remark, d.dept_id, d.parent_id, d.ancestors, d.dept_name, d.order_num, d.leader, d.status as dept_status, r.role_id, r.role_name, r.role_key, r.role_sort, r.data_scope, r.status as role_status from sys_user u left join sys_dept d on u.dept_id = d.dept_id left join sys_user_role ur on u.user_id = ur.user_id left join sys_role r on r.role_id = ur.role_id where u.user_id = ? and u.del_flag = '0'
23:07:11.000 [http-nio-8006-exec-22] DEBUG c.r.s.m.S.selectUserById - [debug,135] - ==> Parameters: 105(Long)
23:07:11.001 [http-nio-8006-exec-22] DEBUG c.r.s.m.S.selectUserById - [debug,135] - <==      Total: 1
23:07:11.001 [http-nio-8006-exec-22] DEBUG c.r.h.m.T.selectTcmPatientList - [debug,135] - ==>  Preparing: select id, name, first_name, last_name, email, phone, practitioner_id, is_active, consent_signed, consent_signed_at, consent_token, consent_token_expires, merged_into, deleted_at, payload, create_time, update_time from tcm_patient
23:07:11.001 [http-nio-8006-exec-22] DEBUG c.r.h.m.T.selectTcmPatientList - [debug,135] - ==> Parameters: 
23:07:11.002 [http-nio-8006-exec-22] DEBUG c.r.h.m.T.selectTcmPatientList - [debug,135] - <==      Total: 3
23:07:11.002 [http-nio-8006-exec-22] DEBUG c.r.h.m.T.selectTcmAppointmentList - [debug,135] - ==>  Preparing: select id, patient_id, practitioner_id, room_id, service_type, start_time, end_time, status, branch_id, intake_token, intake_submitted, payload, create_time, update_time from tcm_appointment
23:07:11.003 [http-nio-8006-exec-22] DEBUG c.r.h.m.T.selectTcmAppointmentList - [debug,135] - ==> Parameters: 
23:07:11.003 [http-nio-8006-exec-22] DEBUG c.r.h.m.T.selectTcmAppointmentList - [debug,135] - <==      Total: 2
23:07:11.004 [http-nio-8006-exec-22] DEBUG c.r.h.m.T.selectTcmConsultationList - [debug,135] - ==>  Preparing: select id, consultation_id, patient_id, practitioner_id, consult_date, status, branch_id, locked_at, version, deleted_at, payload, create_time, update_time from tcm_consultation
23:07:11.005 [http-nio-8006-exec-22] DEBUG c.r.h.m.T.selectTcmConsultationList - [debug,135] - ==> Parameters: 
23:07:11.007 [http-nio-8006-exec-22] DEBUG c.r.h.m.T.selectTcmConsultationList - [debug,135] - <==      Total: 9
23:07:11.008 [http-nio-8006-exec-22] DEBUG c.r.h.m.T.selectTcmInventoryItemList - [debug,135] - ==>  Preparing: select id, name, category, unit, quantity, price_per_unit, min_stock_level, supplier, supplier_id, grams_per_packet, branch_id, is_active, deleted_at, herb_dict_id, payload, create_time, update_time from tcm_inventory_item WHERE deleted_at IS NULL
23:07:11.008 [http-nio-8006-exec-22] DEBUG c.r.h.m.T.selectTcmInventoryItemList - [debug,135] - ==> Parameters: 
23:07:11.009 [http-nio-8006-exec-22] DEBUG c.r.h.m.T.selectTcmInventoryItemList - [debug,135] - <==      Total: 13
23:07:11.009 [http-nio-8006-exec-22] DEBUG c.r.h.m.T.selectTcmBranchList - [debug,135] - ==>  Preparing: select id, name, code, address, phone, email, manager_id, is_active, is_main, room_ids, create_time, update_time from tcm_branch
23:07:11.010 [http-nio-8006-exec-22] DEBUG c.r.h.m.T.selectTcmBranchList - [debug,135] - ==> Parameters: 
23:07:11.010 [http-nio-8006-exec-22] DEBUG c.r.h.m.T.selectTcmBranchList - [debug,135] - <==      Total: 3
23:07:11.010 [http-nio-8006-exec-22] DEBUG c.r.h.m.T.selectAllSettings - [debug,135] - ==>  Preparing: select setting_key, setting_value, update_time from tcm_clinic_setting order by setting_key
23:07:11.010 [http-nio-8006-exec-22] DEBUG c.r.h.m.T.selectAllSettings - [debug,135] - ==> Parameters: 
23:07:11.011 [http-nio-8006-exec-22] DEBUG c.r.h.m.T.selectAllSettings - [debug,135] - <==      Total: 6
23:07:11.011 [http-nio-8006-exec-22] DEBUG c.r.h.m.T.selectTcmRoomList - [debug,135] - ==>  Preparing: select id, name, branch_id, is_active, create_time, update_time from tcm_room
23:07:11.011 [http-nio-8006-exec-22] DEBUG c.r.h.m.T.selectTcmRoomList - [debug,135] - ==> Parameters: 
23:07:11.012 [http-nio-8006-exec-22] DEBUG c.r.h.m.T.selectTcmRoomList - [debug,135] - <==      Total: 3
23:07:11.012 [http-nio-8006-exec-22] DEBUG c.r.h.m.T.selectTcmServiceTypeList - [debug,135] - ==>  Preparing: select service_key, label, duration, practitioner_time, room_required, default_price, update_time from tcm_service_type
23:07:11.013 [http-nio-8006-exec-22] DEBUG c.r.h.m.T.selectTcmServiceTypeList - [debug,135] - ==> Parameters: 
23:07:11.013 [http-nio-8006-exec-22] DEBUG c.r.h.m.T.selectTcmServiceTypeList - [debug,135] - <==      Total: 3
23:07:11.013 [http-nio-8006-exec-22] DEBUG c.r.h.m.T.selectTcmPriceListList - [debug,135] - ==>  Preparing: select id, name, effective_date, is_active, items_json, create_time, update_time from tcm_price_list
23:07:11.014 [http-nio-8006-exec-22] DEBUG c.r.h.m.T.selectTcmPriceListList - [debug,135] - ==> Parameters: 
23:07:11.015 [http-nio-8006-exec-22] DEBUG c.r.h.m.T.selectTcmPriceListList - [debug,135] - <==      Total: 1
23:07:11.015 [http-nio-8006-exec-22] DEBUG c.r.h.m.T.selectTcmEmailLogList - [debug,135] - ==>  Preparing: select id, to_email, subject, email_type, body, sent_at, payload, create_time from tcm_email_log order by id desc
23:07:11.016 [http-nio-8006-exec-22] DEBUG c.r.h.m.T.selectTcmEmailLogList - [debug,135] - ==> Parameters: 
23:07:11.016 [http-nio-8006-exec-22] DEBUG c.r.h.m.T.selectTcmEmailLogList - [debug,135] - <==      Total: 0
23:07:11.016 [http-nio-8006-exec-22] DEBUG c.r.h.m.T.selectTcmFormulaList - [debug,135] - ==>  Preparing: select id, name, category, description, source, is_active, deleted_at, create_time, update_time from tcm_formula WHERE deleted_at IS NULL order by create_time desc
23:07:11.017 [http-nio-8006-exec-22] DEBUG c.r.h.m.T.selectTcmFormulaList - [debug,135] - ==> Parameters: 
23:07:11.018 [http-nio-8006-exec-22] DEBUG c.r.h.m.T.selectTcmFormulaList - [debug,135] - <==      Total: 51
23:07:11.018 [http-nio-8006-exec-22] DEBUG c.r.h.m.T.selectByFormulaId - [debug,135] - ==>  Preparing: select id, formula_id, herb_name, dosage, unit, sort_order, notes, herb_dict_id from tcm_formula_item where formula_id = ? order by sort_order asc
23:07:11.018 [http-nio-8006-exec-22] DEBUG c.r.h.m.T.selectByFormulaId - [debug,135] - ==> Parameters: ecf8c626-94c4-4825-97d3-21c67adf9366(String)
23:07:11.018 [http-nio-8006-exec-22] DEBUG c.r.h.m.T.selectByFormulaId - [debug,135] - <==      Total: 1
23:07:11.019 [http-nio-8006-exec-22] DEBUG c.r.h.m.T.selectByFormulaId - [debug,135] - ==>  Preparing: select id, formula_id, herb_name, dosage, unit, sort_order, notes, herb_dict_id from tcm_formula_item where formula_id = ? order by sort_order asc
23:07:11.019 [http-nio-8006-exec-22] DEBUG c.r.h.m.T.selectByFormulaId - [debug,135] - ==> Parameters: formula-1(String)
23:07:11.019 [http-nio-8006-exec-22] DEBUG c.r.h.m.T.selectByFormulaId - [debug,135] - <==      Total: 4
23:07:11.019 [http-nio-8006-exec-22] DEBUG c.r.h.m.T.selectByFormulaId - [debug,135] - ==>  Preparing: select id, formula_id, herb_name, dosage, unit, sort_order, notes, herb_dict_id from tcm_formula_item where formula_id = ? order by sort_order asc
23:07:11.021 [http-nio-8006-exec-22] DEBUG c.r.h.m.T.selectByFormulaId - [debug,135] - ==> Parameters: formula-10(String)
23:07:11.021 [http-nio-8006-exec-22] DEBUG c.r.h.m.T.selectByFormulaId - [debug,135] - <==      Total: 5
23:07:11.021 [http-nio-8006-exec-22] DEBUG c.r.h.m.T.selectByFormulaId - [debug,135] - ==>  Preparing: select id, formula_id, herb_name, dosage, unit, sort_order, notes, herb_dict_id from tcm_formula_item where formula_id = ? order by sort_order asc
23:07:11.022 [http-nio-8006-exec-22] DEBUG c.r.h.m.T.selectByFormulaId - [debug,135] - ==> Parameters: formula-11(String)
23:07:11.022 [http-nio-8006-exec-22] DEBUG c.r.h.m.T.selectByFormulaId - [debug,135] - <==      Total: 4
23:07:11.023 [http-nio-8006-exec-22] DEBUG c.r.h.m.T.selectByFormulaId - [debug,135] - ==>  Preparing: select id, formula_id, herb_name, dosage, unit, sort_order, notes, herb_dict_id from tcm_formula_item where formula_id = ? order by sort_order asc
23:07:11.023 [http-nio-8006-exec-22] DEBUG c.r.h.m.T.selectByFormulaId - [debug,135] - ==> Parameters: formula-12(String)
23:07:11.023 [http-nio-8006-exec-22] DEBUG c.r.h.m.T.selectByFormulaId - [debug,135] - <==      Total: 0
23:07:11.024 [http-nio-8006-exec-22] DEBUG c.r.h.m.T.selectByFormulaId - [debug,135] - ==>  Preparing: select id, formula_id, herb_name, dosage, unit, sort_order, notes, herb_dict_id from tcm_formula_item where formula_id = ? order by sort_order asc
23:07:11.024 [http-nio-8006-exec-22] DEBUG c.r.h.m.T.selectByFormulaId - [debug,135] - ==> Parameters: formula-13(String)
23:07:11.024 [http-nio-8006-exec-22] DEBUG c.r.h.m.T.selectByFormulaId - [debug,135] - <==      Total: 0
23:07:11.024 [http-nio-8006-exec-22] DEBUG c.r.h.m.T.selectByFormulaId - [debug,135] - ==>  Preparing: select id, formula_id, herb_name, dosage, unit, sort_order, notes, herb_dict_id from tcm_formula_item where formula_id = ? order by sort_order asc
23:07:11.024 [http-nio-8006-exec-22] DEBUG c.r.h.m.T.selectByFormulaId - [debug,135] - ==> Parameters: formula-14(String)
23:07:11.025 [http-nio-8006-exec-22] DEBUG c.r.h.m.T.selectByFormulaId - [debug,135] - <==      Total: 0
23:07:11.025 [http-nio-8006-exec-22] DEBUG c.r.h.m.T.selectByFormulaId - [debug,135] - ==>  Preparing: select id, formula_id, herb_name, dosage, unit, sort_order, notes, herb_dict_id from tcm_formula_item where formula_id = ? order by sort_order asc
23:07:11.026 [http-nio-8006-exec-22] DEBUG c.r.h.m.T.selectByFormulaId - [debug,135] - ==> Parameters: formula-15(String)
23:07:11.027 [http-nio-8006-exec-22] DEBUG c.r.h.m.T.selectByFormulaId - [debug,135] - <==      Total: 7
23:07:11.027 [http-nio-8006-exec-22] DEBUG c.r.h.m.T.selectByFormulaId - [debug,135] - ==>  Preparing: select id, formula_id, herb_name, dosage, unit, sort_order, notes, herb_dict_id from tcm_formula_item where formula_id = ? order by sort_order asc
23:07:11.027 [http-nio-8006-exec-22] DEBUG c.r.h.m.T.selectByFormulaId - [debug,135] - ==> Parameters: formula-16(String)
23:07:11.028 [http-nio-8006-exec-22] DEBUG c.r.h.m.T.selectByFormulaId - [debug,135] - <==      Total: 0
23:07:11.028 [http-nio-8006-exec-22] DEBUG c.r.h.m.T.selectByFormulaId - [debug,135] - ==>  Preparing: select id, formula_id, herb_name, dosage, unit, sort_order, notes, herb_dict_id from tcm_formula_item where formula_id = ? order by sort_order asc
23:07:11.028 [http-nio-8006-exec-22] DEBUG c.r.h.m.T.selectByFormulaId - [debug,135] - ==> Parameters: formula-17(String)
23:07:11.029 [http-nio-8006-exec-22] DEBUG c.r.h.m.T.selectByFormulaId - [debug,135] - <==      Total: 4
23:07:11.029 [http-nio-8006-exec-22] DEBUG c.r.h.m.T.selectByFormulaId - [debug,135] - ==>  Preparing: select id, formula_id, herb_name, dosage, unit, sort_order, notes, herb_dict_id from tcm_formula_item where formula_id = ? order by sort_order asc
23:07:11.029 [http-nio-8006-exec-22] DEBUG c.r.h.m.T.selectByFormulaId - [debug,135] - ==> Parameters: formula-18(String)
23:07:11.030 [http-nio-8006-exec-22] DEBUG c.r.h.m.T.selectByFormulaId - [debug,135] - <==      Total: 3
23:07:11.030 [http-nio-8006-exec-22] DEBUG c.r.h.m.T.selectByFormulaId - [debug,135] - ==>  Preparing: select id, formula_id, herb_name, dosage, unit, sort_order, notes, herb_dict_id from tcm_formula_item where formula_id = ? order by sort_order asc
23:07:11.031 [http-nio-8006-exec-22] DEBUG c.r.h.m.T.selectByFormulaId - [debug,135] - ==> Parameters: formula-19(String)
23:07:11.031 [http-nio-8006-exec-22] DEBUG c.r.h.m.T.selectByFormulaId - [debug,135] - <==      Total: 0
23:07:11.031 [http-nio-8006-exec-22] DEBUG c.r.h.m.T.selectByFormulaId - [debug,135] - ==>  Preparing: select id, formula_id, herb_name, dosage, unit, sort_order, notes, herb_dict_id from tcm_formula_item where formula_id = ? order by sort_order asc
23:07:11.032 [http-nio-8006-exec-22] DEBUG c.r.h.m.T.selectByFormulaId - [debug,135] - ==> Parameters: formula-2(String)
23:07:11.032 [http-nio-8006-exec-22] DEBUG c.r.h.m.T.selectByFormulaId - [debug,135] - <==      Total: 6
23:07:11.032 [http-nio-8006-exec-22] DEBUG c.r.h.m.T.selectByFormulaId - [debug,135] - ==>  Preparing: select id, formula_id, herb_name, dosage, unit, sort_order, notes, herb_dict_id from tcm_formula_item where formula_id = ? order by sort_order asc
23:07:11.033 [http-nio-8006-exec-22] DEBUG c.r.h.m.T.selectByFormulaId - [debug,135] - ==> Parameters: formula-20(String)
23:07:11.033 [http-nio-8006-exec-22] DEBUG c.r.h.m.T.selectByFormulaId - [debug,135] - <==      Total: 0
23:07:11.033 [http-nio-8006-exec-22] DEBUG c.r.h.m.T.selectByFormulaId - [debug,135] - ==>  Preparing: select id, formula_id, herb_name, dosage, unit, sort_order, notes, herb_dict_id from tcm_formula_item where formula_id = ? order by sort_order asc
23:07:11.034 [http-nio-8006-exec-22] DEBUG c.r.h.m.T.selectByFormulaId - [debug,135] - ==> Parameters: formula-21(String)
23:07:11.034 [http-nio-8006-exec-22] DEBUG c.r.h.m.T.selectByFormulaId - [debug,135] - <==      Total: 4
23:07:11.034 [http-nio-8006-exec-22] DEBUG c.r.h.m.T.selectByFormulaId - [debug,135] - ==>  Preparing: select id, formula_id, herb_name, dosage, unit, sort_order, notes, herb_dict_id from tcm_formula_item where formula_id = ? order by sort_order asc
23:07:11.034 [http-nio-8006-exec-22] DEBUG c.r.h.m.T.selectByFormulaId - [debug,135] - ==> Parameters: formula-22(String)
23:07:11.035 [http-nio-8006-exec-22] DEBUG c.r.h.m.T.selectByFormulaId - [debug,135] - <==      Total: 0
23:07:11.035 [http-nio-8006-exec-22] DEBUG c.r.h.m.T.selectByFormulaId - [debug,135] - ==>  Preparing: select id, formula_id, herb_name, dosage, unit, sort_order, notes, herb_dict_id from tcm_formula_item where formula_id = ? order by sort_order asc
23:07:11.035 [http-nio-8006-exec-22] DEBUG c.r.h.m.T.selectByFormulaId - [debug,135] - ==> Parameters: formula-23(String)
23:07:11.036 [http-nio-8006-exec-22] DEBUG c.r.h.m.T.selectByFormulaId - [debug,135] - <==      Total: 0
23:07:11.036 [http-nio-8006-exec-22] DEBUG c.r.h.m.T.selectByFormulaId - [debug,135] - ==>  Preparing: select id, formula_id, herb_name, dosage, unit, sort_order, notes, herb_dict_id from tcm_formula_item where formula_id = ? order by sort_order asc
23:07:11.036 [http-nio-8006-exec-22] DEBUG c.r.h.m.T.selectByFormulaId - [debug,135] - ==> Parameters: formula-24(String)
23:07:11.037 [http-nio-8006-exec-22] DEBUG c.r.h.m.T.selectByFormulaId - [debug,135] - <==      Total: 5
23:07:11.037 [http-nio-8006-exec-22] DEBUG c.r.h.m.T.selectByFormulaId - [debug,135] - ==>  Preparing: select id, formula_id, herb_name, dosage, unit, sort_order, notes, herb_dict_id from tcm_formula_item where formula_id = ? order by sort_order asc
23:07:11.038 [http-nio-8006-exec-22] DEBUG c.r.h.m.T.selectByFormulaId - [debug,135] - ==> Parameters: formula-25(String)
23:07:11.038 [http-nio-8006-exec-22] DEBUG c.r.h.m.T.selectByFormulaId - [debug,135] - <==      Total: 0
23:07:11.038 [http-nio-8006-exec-22] DEBUG c.r.h.m.T.selectByFormulaId - [debug,135] - ==>  Preparing: select id, formula_id, herb_name, dosage, unit, sort_order, notes, herb_dict_id from tcm_formula_item where formula_id = ? order by sort_order asc
23:07:11.039 [http-nio-8006-exec-22] DEBUG c.r.h.m.T.selectByFormulaId - [debug,135] - ==> Parameters: formula-26(String)
23:07:11.039 [http-nio-8006-exec-22] DEBUG c.r.h.m.T.selectByFormulaId - [debug,135] - <==      Total: 0
23:07:11.039 [http-nio-8006-exec-22] DEBUG c.r.h.m.T.selectByFormulaId - [debug,135] - ==>  Preparing: select id, formula_id, herb_name, dosage, unit, sort_order, notes, herb_dict_id from tcm_formula_item where formula_id = ? order by sort_order asc
23:07:11.042 [http-nio-8006-exec-22] DEBUG c.r.h.m.T.selectByFormulaId - [debug,135] - ==> Parameters: formula-27(String)
23:07:11.042 [http-nio-8006-exec-22] DEBUG c.r.h.m.T.selectByFormulaId - [debug,135] - <==      Total: 0
23:07:11.043 [http-nio-8006-exec-22] DEBUG c.r.h.m.T.selectByFormulaId - [debug,135] - ==>  Preparing: select id, formula_id, herb_name, dosage, unit, sort_order, notes, herb_dict_id from tcm_formula_item where formula_id = ? order by sort_order asc
23:07:11.044 [http-nio-8006-exec-22] DEBUG c.r.h.m.T.selectByFormulaId - [debug,135] - ==> Parameters: formula-28(String)
23:07:11.046 [http-nio-8006-exec-22] DEBUG c.r.h.m.T.selectByFormulaId - [debug,135] - <==      Total: 0
23:07:11.047 [http-nio-8006-exec-22] DEBUG c.r.h.m.T.selectByFormulaId - [debug,135] - ==>  Preparing: select id, formula_id, herb_name, dosage, unit, sort_order, notes, herb_dict_id from tcm_formula_item where formula_id = ? order by sort_order asc
23:07:11.048 [http-nio-8006-exec-22] DEBUG c.r.h.m.T.selectByFormulaId - [debug,135] - ==> Parameters: formula-29(String)
23:07:11.050 [http-nio-8006-exec-22] DEBUG c.r.h.m.T.selectByFormulaId - [debug,135] - <==      Total: 8
23:07:11.050 [http-nio-8006-exec-22] DEBUG c.r.h.m.T.selectByFormulaId - [debug,135] - ==>  Preparing: select id, formula_id, herb_name, dosage, unit, sort_order, notes, herb_dict_id from tcm_formula_item where formula_id = ? order by sort_order asc
23:07:11.051 [http-nio-8006-exec-22] DEBUG c.r.h.m.T.selectByFormulaId - [debug,135] - ==> Parameters: formula-3(String)
23:07:11.052 [http-nio-8006-exec-22] DEBUG c.r.h.m.T.selectByFormulaId - [debug,135] - <==      Total: 8
23:07:11.052 [http-nio-8006-exec-22] DEBUG c.r.h.m.T.selectByFormulaId - [debug,135] - ==>  Preparing: select id, formula_id, herb_name, dosage, unit, sort_order, notes, herb_dict_id from tcm_formula_item where formula_id = ? order by sort_order asc
23:07:11.052 [http-nio-8006-exec-22] DEBUG c.r.h.m.T.selectByFormulaId - [debug,135] - ==> Parameters: formula-30(String)
23:07:11.052 [http-nio-8006-exec-22] DEBUG c.r.h.m.T.selectByFormulaId - [debug,135] - <==      Total: 0
23:07:11.052 [http-nio-8006-exec-22] DEBUG c.r.h.m.T.selectByFormulaId - [debug,135] - ==>  Preparing: select id, formula_id, herb_name, dosage, unit, sort_order, notes, herb_dict_id from tcm_formula_item where formula_id = ? order by sort_order asc
23:07:11.053 [http-nio-8006-exec-22] DEBUG c.r.h.m.T.selectByFormulaId - [debug,135] - ==> Parameters: formula-31(String)
23:07:11.053 [http-nio-8006-exec-22] DEBUG c.r.h.m.T.selectByFormulaId - [debug,135] - <==      Total: 5
23:07:11.054 [http-nio-8006-exec-22] DEBUG c.r.h.m.T.selectByFormulaId - [debug,135] - ==>  Preparing: select id, formula_id, herb_name, dosage, unit, sort_order, notes, herb_dict_id from tcm_formula_item where formula_id = ? order by sort_order asc
23:07:11.054 [http-nio-8006-exec-22] DEBUG c.r.h.m.T.selectByFormulaId - [debug,135] - ==> Parameters: formula-32(String)
23:07:11.055 [http-nio-8006-exec-22] DEBUG c.r.h.m.T.selectByFormulaId - [debug,135] - <==      Total: 0
23:07:11.056 [http-nio-8006-exec-22] DEBUG c.r.h.m.T.selectByFormulaId - [debug,135] - ==>  Preparing: select id, formula_id, herb_name, dosage, unit, sort_order, notes, herb_dict_id from tcm_formula_item where formula_id = ? order by sort_order asc
23:07:11.056 [http-nio-8006-exec-22] DEBUG c.r.h.m.T.selectByFormulaId - [debug,135] - ==> Parameters: formula-33(String)
23:07:11.057 [http-nio-8006-exec-22] DEBUG c.r.h.m.T.selectByFormulaId - [debug,135] - <==      Total: 3
23:07:11.057 [http-nio-8006-exec-22] DEBUG c.r.h.m.T.selectByFormulaId - [debug,135] - ==>  Preparing: select id, formula_id, herb_name, dosage, unit, sort_order, notes, herb_dict_id from tcm_formula_item where formula_id = ? order by sort_order asc
23:07:11.058 [http-nio-8006-exec-22] DEBUG c.r.h.m.T.selectByFormulaId - [debug,135] - ==> Parameters: formula-34(String)
23:07:11.059 [http-nio-8006-exec-22] DEBUG c.r.h.m.T.selectByFormulaId - [debug,135] - <==      Total: 3
23:07:11.060 [http-nio-8006-exec-22] DEBUG c.r.h.m.T.selectByFormulaId - [debug,135] - ==>  Preparing: select id, formula_id, herb_name, dosage, unit, sort_order, notes, herb_dict_id from tcm_formula_item where formula_id = ? order by sort_order asc
23:07:11.060 [http-nio-8006-exec-22] DEBUG c.r.h.m.T.selectByFormulaId - [debug,135] - ==> Parameters: formula-35(String)
23:07:11.062 [http-nio-8006-exec-22] DEBUG c.r.h.m.T.selectByFormulaId - [debug,135] - <==      Total: 4
23:07:11.062 [http-nio-8006-exec-22] DEBUG c.r.h.m.T.selectByFormulaId - [debug,135] - ==>  Preparing: select id, formula_id, herb_name, dosage, unit, sort_order, notes, herb_dict_id from tcm_formula_item where formula_id = ? order by sort_order asc
23:07:11.063 [http-nio-8006-exec-22] DEBUG c.r.h.m.T.selectByFormulaId - [debug,135] - ==> Parameters: formula-36(String)
23:07:11.063 [http-nio-8006-exec-22] DEBUG c.r.h.m.T.selectByFormulaId - [debug,135] - <==      Total: 0
23:07:11.064 [http-nio-8006-exec-22] DEBUG c.r.h.m.T.selectByFormulaId - [debug,135] - ==>  Preparing: select id, formula_id, herb_name, dosage, unit, sort_order, notes, herb_dict_id from tcm_formula_item where formula_id = ? order by sort_order asc
23:07:11.064 [http-nio-8006-exec-22] DEBUG c.r.h.m.T.selectByFormulaId - [debug,135] - ==> Parameters: formula-37(String)
23:07:11.065 [http-nio-8006-exec-22] DEBUG c.r.h.m.T.selectByFormulaId - [debug,135] - <==      Total: 6
23:07:11.065 [http-nio-8006-exec-22] DEBUG c.r.h.m.T.selectByFormulaId - [debug,135] - ==>  Preparing: select id, formula_id, herb_name, dosage, unit, sort_order, notes, herb_dict_id from tcm_formula_item where formula_id = ? order by sort_order asc
23:07:11.065 [http-nio-8006-exec-22] DEBUG c.r.h.m.T.selectByFormulaId - [debug,135] - ==> Parameters: formula-38(String)
23:07:11.066 [http-nio-8006-exec-22] DEBUG c.r.h.m.T.selectByFormulaId - [debug,135] - <==      Total: 0
23:07:11.066 [http-nio-8006-exec-22] DEBUG c.r.h.m.T.selectByFormulaId - [debug,135] - ==>  Preparing: select id, formula_id, herb_name, dosage, unit, sort_order, notes, herb_dict_id from tcm_formula_item where formula_id = ? order by sort_order asc
23:07:11.067 [http-nio-8006-exec-22] DEBUG c.r.h.m.T.selectByFormulaId - [debug,135] - ==> Parameters: formula-39(String)
23:07:11.067 [http-nio-8006-exec-22] DEBUG c.r.h.m.T.selectByFormulaId - [debug,135] - <==      Total: 0
23:07:11.067 [http-nio-8006-exec-22] DEBUG c.r.h.m.T.selectByFormulaId - [debug,135] - ==>  Preparing: select id, formula_id, herb_name, dosage, unit, sort_order, notes, herb_dict_id from tcm_formula_item where formula_id = ? order by sort_order asc
23:07:11.068 [http-nio-8006-exec-22] DEBUG c.r.h.m.T.selectByFormulaId - [debug,135] - ==> Parameters: formula-4(String)
23:07:11.068 [http-nio-8006-exec-22] DEBUG c.r.h.m.T.selectByFormulaId - [debug,135] - <==      Total: 8
23:07:11.068 [http-nio-8006-exec-22] DEBUG c.r.h.m.T.selectByFormulaId - [debug,135] - ==>  Preparing: select id, formula_id, herb_name, dosage, unit, sort_order, notes, herb_dict_id from tcm_formula_item where formula_id = ? order by sort_order asc
23:07:11.069 [http-nio-8006-exec-22] DEBUG c.r.h.m.T.selectByFormulaId - [debug,135] - ==> Parameters: formula-40(String)
23:07:11.069 [http-nio-8006-exec-22] DEBUG c.r.h.m.T.selectByFormulaId - [debug,135] - <==      Total: 0
23:07:11.069 [http-nio-8006-exec-22] DEBUG c.r.h.m.T.selectByFormulaId - [debug,135] - ==>  Preparing: select id, formula_id, herb_name, dosage, unit, sort_order, notes, herb_dict_id from tcm_formula_item where formula_id = ? order by sort_order asc
23:07:11.070 [http-nio-8006-exec-22] DEBUG c.r.h.m.T.selectByFormulaId - [debug,135] - ==> Parameters: formula-41(String)
23:07:11.070 [http-nio-8006-exec-22] DEBUG c.r.h.m.T.selectByFormulaId - [debug,135] - <==      Total: 0
23:07:11.070 [http-nio-8006-exec-22] DEBUG c.r.h.m.T.selectByFormulaId - [debug,135] - ==>  Preparing: select id, formula_id, herb_name, dosage, unit, sort_order, notes, herb_dict_id from tcm_formula_item where formula_id = ? order by sort_order asc
23:07:11.070 [http-nio-8006-exec-22] DEBUG c.r.h.m.T.selectByFormulaId - [debug,135] - ==> Parameters: formula-42(String)
23:07:11.071 [http-nio-8006-exec-22] DEBUG c.r.h.m.T.selectByFormulaId - [debug,135] - <==      Total: 0
23:07:11.071 [http-nio-8006-exec-22] DEBUG c.r.h.m.T.selectByFormulaId - [debug,135] - ==>  Preparing: select id, formula_id, herb_name, dosage, unit, sort_order, notes, herb_dict_id from tcm_formula_item where formula_id = ? order by sort_order asc
23:07:11.071 [http-nio-8006-exec-22] DEBUG c.r.h.m.T.selectByFormulaId - [debug,135] - ==> Parameters: formula-43(String)
23:07:11.072 [http-nio-8006-exec-22] DEBUG c.r.h.m.T.selectByFormulaId - [debug,135] - <==      Total: 0
23:07:11.072 [http-nio-8006-exec-22] DEBUG c.r.h.m.T.selectByFormulaId - [debug,135] - ==>  Preparing: select id, formula_id, herb_name, dosage, unit, sort_order, notes, herb_dict_id from tcm_formula_item where formula_id = ? order by sort_order asc
23:07:11.072 [http-nio-8006-exec-22] DEBUG c.r.h.m.T.selectByFormulaId - [debug,135] - ==> Parameters: formula-44(String)
23:07:11.072 [http-nio-8006-exec-22] DEBUG c.r.h.m.T.selectByFormulaId - [debug,135] - <==      Total: 0
23:07:11.072 [http-nio-8006-exec-22] DEBUG c.r.h.m.T.selectByFormulaId - [debug,135] - ==>  Preparing: select id, formula_id, herb_name, dosage, unit, sort_order, notes, herb_dict_id from tcm_formula_item where formula_id = ? order by sort_order asc
23:07:11.072 [http-nio-8006-exec-22] DEBUG c.r.h.m.T.selectByFormulaId - [debug,135] - ==> Parameters: formula-45(String)
23:07:11.074 [http-nio-8006-exec-22] DEBUG c.r.h.m.T.selectByFormulaId - [debug,135] - <==      Total: 0
23:07:11.074 [http-nio-8006-exec-22] DEBUG c.r.h.m.T.selectByFormulaId - [debug,135] - ==>  Preparing: select id, formula_id, herb_name, dosage, unit, sort_order, notes, herb_dict_id from tcm_formula_item where formula_id = ? order by sort_order asc
23:07:11.074 [http-nio-8006-exec-22] DEBUG c.r.h.m.T.selectByFormulaId - [debug,135] - ==> Parameters: formula-46(String)
23:07:11.075 [http-nio-8006-exec-22] DEBUG c.r.h.m.T.selectByFormulaId - [debug,135] - <==      Total: 0
23:07:11.075 [http-nio-8006-exec-22] DEBUG c.r.h.m.T.selectByFormulaId - [debug,135] - ==>  Preparing: select id, formula_id, herb_name, dosage, unit, sort_order, notes, herb_dict_id from tcm_formula_item where formula_id = ? order by sort_order asc
23:07:11.076 [http-nio-8006-exec-22] DEBUG c.r.h.m.T.selectByFormulaId - [debug,135] - ==> Parameters: formula-47(String)
23:07:11.076 [http-nio-8006-exec-22] DEBUG c.r.h.m.T.selectByFormulaId - [debug,135] - <==      Total: 0
23:07:11.076 [http-nio-8006-exec-22] DEBUG c.r.h.m.T.selectByFormulaId - [debug,135] - ==>  Preparing: select id, formula_id, herb_name, dosage, unit, sort_order, notes, herb_dict_id from tcm_formula_item where formula_id = ? order by sort_order asc
23:07:11.077 [http-nio-8006-exec-22] DEBUG c.r.h.m.T.selectByFormulaId - [debug,135] - ==> Parameters: formula-48(String)
23:07:11.077 [http-nio-8006-exec-22] DEBUG c.r.h.m.T.selectByFormulaId - [debug,135] - <==      Total: 0
23:07:11.077 [http-nio-8006-exec-22] DEBUG c.r.h.m.T.selectByFormulaId - [debug,135] - ==>  Preparing: select id, formula_id, herb_name, dosage, unit, sort_order, notes, herb_dict_id from tcm_formula_item where formula_id = ? order by sort_order asc
23:07:11.078 [http-nio-8006-exec-22] DEBUG c.r.h.m.T.selectByFormulaId - [debug,135] - ==> Parameters: formula-49(String)
23:07:11.078 [http-nio-8006-exec-22] DEBUG c.r.h.m.T.selectByFormulaId - [debug,135] - <==      Total: 0
23:07:11.078 [http-nio-8006-exec-22] DEBUG c.r.h.m.T.selectByFormulaId - [debug,135] - ==>  Preparing: select id, formula_id, herb_name, dosage, unit, sort_order, notes, herb_dict_id from tcm_formula_item where formula_id = ? order by sort_order asc
23:07:11.079 [http-nio-8006-exec-22] DEBUG c.r.h.m.T.selectByFormulaId - [debug,135] - ==> Parameters: formula-5(String)
23:07:11.079 [http-nio-8006-exec-22] DEBUG c.r.h.m.T.selectByFormulaId - [debug,135] - <==      Total: 8
23:07:11.080 [http-nio-8006-exec-22] DEBUG c.r.h.m.T.selectByFormulaId - [debug,135] - ==>  Preparing: select id, formula_id, herb_name, dosage, unit, sort_order, notes, herb_dict_id from tcm_formula_item where formula_id = ? order by sort_order asc
23:07:11.080 [http-nio-8006-exec-22] DEBUG c.r.h.m.T.selectByFormulaId - [debug,135] - ==> Parameters: formula-50(String)
23:07:11.081 [http-nio-8006-exec-22] DEBUG c.r.h.m.T.selectByFormulaId - [debug,135] - <==      Total: 7
23:07:11.081 [http-nio-8006-exec-22] DEBUG c.r.h.m.T.selectByFormulaId - [debug,135] - ==>  Preparing: select id, formula_id, herb_name, dosage, unit, sort_order, notes, herb_dict_id from tcm_formula_item where formula_id = ? order by sort_order asc
23:07:11.081 [http-nio-8006-exec-22] DEBUG c.r.h.m.T.selectByFormulaId - [debug,135] - ==> Parameters: formula-6(String)
23:07:11.082 [http-nio-8006-exec-22] DEBUG c.r.h.m.T.selectByFormulaId - [debug,135] - <==      Total: 7
23:07:11.082 [http-nio-8006-exec-22] DEBUG c.r.h.m.T.selectByFormulaId - [debug,135] - ==>  Preparing: select id, formula_id, herb_name, dosage, unit, sort_order, notes, herb_dict_id from tcm_formula_item where formula_id = ? order by sort_order asc
23:07:11.082 [http-nio-8006-exec-22] DEBUG c.r.h.m.T.selectByFormulaId - [debug,135] - ==> Parameters: formula-7(String)
23:07:11.083 [http-nio-8006-exec-22] DEBUG c.r.h.m.T.selectByFormulaId - [debug,135] - <==      Total: 5
23:07:11.083 [http-nio-8006-exec-22] DEBUG c.r.h.m.T.selectByFormulaId - [debug,135] - ==>  Preparing: select id, formula_id, herb_name, dosage, unit, sort_order, notes, herb_dict_id from tcm_formula_item where formula_id = ? order by sort_order asc
23:07:11.083 [http-nio-8006-exec-22] DEBUG c.r.h.m.T.selectByFormulaId - [debug,135] - ==> Parameters: formula-8(String)
23:07:11.084 [http-nio-8006-exec-22] DEBUG c.r.h.m.T.selectByFormulaId - [debug,135] - <==      Total: 8
23:07:11.084 [http-nio-8006-exec-22] DEBUG c.r.h.m.T.selectByFormulaId - [debug,135] - ==>  Preparing: select id, formula_id, herb_name, dosage, unit, sort_order, notes, herb_dict_id from tcm_formula_item where formula_id = ? order by sort_order asc
23:07:11.084 [http-nio-8006-exec-22] DEBUG c.r.h.m.T.selectByFormulaId - [debug,135] - ==> Parameters: formula-9(String)
23:07:11.084 [http-nio-8006-exec-22] DEBUG c.r.h.m.T.selectByFormulaId - [debug,135] - <==      Total: 4
23:07:11.085 [http-nio-8006-exec-22] DEBUG c.r.h.m.T.selectTcmSupplierList - [debug,135] - ==>  Preparing: select id, name, contact_person, phone, email, address, notes, is_active, deleted_at, create_time, update_time from tcm_supplier WHERE deleted_at IS NULL order by create_time desc
23:07:11.086 [http-nio-8006-exec-22] DEBUG c.r.h.m.T.selectTcmSupplierList - [debug,135] - ==> Parameters: 
23:07:11.086 [http-nio-8006-exec-22] DEBUG c.r.h.m.T.selectTcmSupplierList - [debug,135] - <==      Total: 4
23:07:11.087 [http-nio-8006-exec-22] DEBUG c.r.h.m.T.selectTcmAcupointList - [debug,135] - ==>  Preparing: select id, name, pinyin, english_name, meridian, location, indication, method, notes, is_active, deleted_at, create_time, update_time from tcm_acupoint WHERE deleted_at IS NULL order by name asc
23:07:11.087 [http-nio-8006-exec-22] DEBUG c.r.h.m.T.selectTcmAcupointList - [debug,135] - ==> Parameters: 
23:07:11.089 [http-nio-8006-exec-22] DEBUG c.r.h.m.T.selectTcmAcupointList - [debug,135] - <==      Total: 100
23:07:11.091 [http-nio-8006-exec-22] DEBUG c.r.h.m.T.selectAll - [debug,135] - ==>  Preparing: select id, from_unit, to_unit, factor, notes, create_time from tcm_unit_conversion order by from_unit, to_unit
23:07:11.092 [http-nio-8006-exec-22] DEBUG c.r.h.m.T.selectAll - [debug,135] - ==> Parameters: 
23:07:11.093 [http-nio-8006-exec-22] DEBUG c.r.h.m.T.selectAll - [debug,135] - <==      Total: 16
23:07:11.093 [http-nio-8006-exec-22] DEBUG c.r.h.m.T.selectTcmHerbDictList - [debug,135] - ==>  Preparing: select id, name, alias, pinyin, category, nature, taste, meridian_tropism, efficacy, indication, dosage_range, contraindication, notes, is_active, deleted_at, create_time, update_time from tcm_herb_dict WHERE deleted_at IS NULL order by category asc, name asc
23:07:11.093 [http-nio-8006-exec-22] DEBUG c.r.h.m.T.selectTcmHerbDictList - [debug,135] - ==> Parameters: 
23:07:11.096 [http-nio-8006-exec-22] DEBUG c.r.h.m.T.selectTcmHerbDictList - [debug,135] - <==      Total: 80
23:07:11.096 [http-nio-8006-exec-22] DEBUG c.r.h.m.T.selectTcmMeridianList - [debug,135] - ==>  Preparing: select id, name, english_name, abbr, category, organ, pathway, acupoint_count, indication, notes, is_active, deleted_at, create_time, update_time from tcm_meridian WHERE deleted_at IS NULL order by id asc
23:07:11.096 [http-nio-8006-exec-22] DEBUG c.r.h.m.T.selectTcmMeridianList - [debug,135] - ==> Parameters: 
23:07:11.097 [http-nio-8006-exec-22] DEBUG c.r.h.m.T.selectTcmMeridianList - [debug,135] - <==      Total: 14
23:07:11.098 [http-nio-8006-exec-22] DEBUG c.r.h.m.T.selectTcmTreatmentTemplateList - [debug,135] - ==>  Preparing: select id, name, disease, category, description, acupoints_json, formula_ids, advice, notes, is_active, deleted_at, create_time, update_time from tcm_treatment_template WHERE deleted_at IS NULL order by category asc, name asc
23:07:11.098 [http-nio-8006-exec-22] DEBUG c.r.h.m.T.selectTcmTreatmentTemplateList - [debug,135] - ==> Parameters: 
23:07:11.100 [http-nio-8006-exec-22] DEBUG c.r.h.m.T.selectTcmTreatmentTemplateList - [debug,135] - <==      Total: 10
23:07:11.117 [http-nio-8006-exec-23] DEBUG c.r.s.m.S.selectUserList - [debug,135] - ==>  Preparing: select u.user_id, u.dept_id, u.nick_name, u.user_name, u.email, u.avatar, u.phonenumber, u.sex, u.status, u.del_flag, u.login_ip, u.login_date, u.create_by, u.create_time, u.remark, d.dept_name, d.leader from sys_user u left join sys_dept d on u.dept_id = d.dept_id where u.del_flag = '0'
23:07:11.117 [http-nio-8006-exec-23] DEBUG c.r.s.m.S.selectUserList - [debug,135] - ==> Parameters: 
23:07:11.119 [http-nio-8006-exec-23] DEBUG c.r.s.m.S.selectUserList - [debug,135] - <==      Total: 8
23:07:11.120 [http-nio-8006-exec-23] DEBUG c.r.s.m.S.selectUserById - [debug,135] - ==>  Preparing: select u.user_id, u.dept_id, u.user_name, u.nick_name, u.email, u.avatar, u.phonenumber, u.password, u.sex, u.status, u.del_flag, u.login_ip, u.login_date, u.pwd_update_date, u.create_by, u.create_time, u.remark, d.dept_id, d.parent_id, d.ancestors, d.dept_name, d.order_num, d.leader, d.status as dept_status, r.role_id, r.role_name, r.role_key, r.role_sort, r.data_scope, r.status as role_status from sys_user u left join sys_dept d on u.dept_id = d.dept_id left join sys_user_role ur on u.user_id = ur.user_id left join sys_role r on r.role_id = ur.role_id where u.user_id = ? and u.del_flag = '0'
23:07:11.120 [http-nio-8006-exec-23] DEBUG c.r.s.m.S.selectUserById - [debug,135] - ==> Parameters: 1(Long)
23:07:11.121 [http-nio-8006-exec-23] DEBUG c.r.s.m.S.selectUserById - [debug,135] - <==      Total: 1
23:07:11.122 [http-nio-8006-exec-23] DEBUG c.r.s.m.S.selectUserById - [debug,135] - ==>  Preparing: select u.user_id, u.dept_id, u.user_name, u.nick_name, u.email, u.avatar, u.phonenumber, u.password, u.sex, u.status, u.del_flag, u.login_ip, u.login_date, u.pwd_update_date, u.create_by, u.create_time, u.remark, d.dept_id, d.parent_id, d.ancestors, d.dept_name, d.order_num, d.leader, d.status as dept_status, r.role_id, r.role_name, r.role_key, r.role_sort, r.data_scope, r.status as role_status from sys_user u left join sys_dept d on u.dept_id = d.dept_id left join sys_user_role ur on u.user_id = ur.user_id left join sys_role r on r.role_id = ur.role_id where u.user_id = ? and u.del_flag = '0'
23:07:11.122 [http-nio-8006-exec-23] DEBUG c.r.s.m.S.selectUserById - [debug,135] - ==> Parameters: 2(Long)
23:07:11.123 [http-nio-8006-exec-23] DEBUG c.r.s.m.S.selectUserById - [debug,135] - <==      Total: 1
23:07:11.123 [http-nio-8006-exec-23] DEBUG c.r.s.m.S.selectUserById - [debug,135] - ==>  Preparing: select u.user_id, u.dept_id, u.user_name, u.nick_name, u.email, u.avatar, u.phonenumber, u.password, u.sex, u.status, u.del_flag, u.login_ip, u.login_date, u.pwd_update_date, u.create_by, u.create_time, u.remark, d.dept_id, d.parent_id, d.ancestors, d.dept_name, d.order_num, d.leader, d.status as dept_status, r.role_id, r.role_name, r.role_key, r.role_sort, r.data_scope, r.status as role_status from sys_user u left join sys_dept d on u.dept_id = d.dept_id left join sys_user_role ur on u.user_id = ur.user_id left join sys_role r on r.role_id = ur.role_id where u.user_id = ? and u.del_flag = '0'
23:07:11.124 [http-nio-8006-exec-23] DEBUG c.r.s.m.S.selectUserById - [debug,135] - ==> Parameters: 100(Long)
23:07:11.125 [http-nio-8006-exec-23] DEBUG c.r.s.m.S.selectUserById - [debug,135] - <==      Total: 1
23:07:11.126 [http-nio-8006-exec-23] DEBUG c.r.s.m.S.selectUserById - [debug,135] - ==>  Preparing: select u.user_id, u.dept_id, u.user_name, u.nick_name, u.email, u.avatar, u.phonenumber, u.password, u.sex, u.status, u.del_flag, u.login_ip, u.login_date, u.pwd_update_date, u.create_by, u.create_time, u.remark, d.dept_id, d.parent_id, d.ancestors, d.dept_name, d.order_num, d.leader, d.status as dept_status, r.role_id, r.role_name, r.role_key, r.role_sort, r.data_scope, r.status as role_status from sys_user u left join sys_dept d on u.dept_id = d.dept_id left join sys_user_role ur on u.user_id = ur.user_id left join sys_role r on r.role_id = ur.role_id where u.user_id = ? and u.del_flag = '0'
23:07:11.127 [http-nio-8006-exec-23] DEBUG c.r.s.m.S.selectUserById - [debug,135] - ==> Parameters: 101(Long)
23:07:11.128 [http-nio-8006-exec-23] DEBUG c.r.s.m.S.selectUserById - [debug,135] - <==      Total: 1
23:07:11.128 [http-nio-8006-exec-23] DEBUG c.r.s.m.S.selectUserById - [debug,135] - ==>  Preparing: select u.user_id, u.dept_id, u.user_name, u.nick_name, u.email, u.avatar, u.phonenumber, u.password, u.sex, u.status, u.del_flag, u.login_ip, u.login_date, u.pwd_update_date, u.create_by, u.create_time, u.remark, d.dept_id, d.parent_id, d.ancestors, d.dept_name, d.order_num, d.leader, d.status as dept_status, r.role_id, r.role_name, r.role_key, r.role_sort, r.data_scope, r.status as role_status from sys_user u left join sys_dept d on u.dept_id = d.dept_id left join sys_user_role ur on u.user_id = ur.user_id left join sys_role r on r.role_id = ur.role_id where u.user_id = ? and u.del_flag = '0'
23:07:11.128 [http-nio-8006-exec-23] DEBUG c.r.s.m.S.selectUserById - [debug,135] - ==> Parameters: 102(Long)
23:07:11.129 [http-nio-8006-exec-23] DEBUG c.r.s.m.S.selectUserById - [debug,135] - <==      Total: 1
23:07:11.130 [http-nio-8006-exec-23] DEBUG c.r.s.m.S.selectUserById - [debug,135] - ==>  Preparing: select u.user_id, u.dept_id, u.user_name, u.nick_name, u.email, u.avatar, u.phonenumber, u.password, u.sex, u.status, u.del_flag, u.login_ip, u.login_date, u.pwd_update_date, u.create_by, u.create_time, u.remark, d.dept_id, d.parent_id, d.ancestors, d.dept_name, d.order_num, d.leader, d.status as dept_status, r.role_id, r.role_name, r.role_key, r.role_sort, r.data_scope, r.status as role_status from sys_user u left join sys_dept d on u.dept_id = d.dept_id left join sys_user_role ur on u.user_id = ur.user_id left join sys_role r on r.role_id = ur.role_id where u.user_id = ? and u.del_flag = '0'
23:07:11.130 [http-nio-8006-exec-23] DEBUG c.r.s.m.S.selectUserById - [debug,135] - ==> Parameters: 103(Long)
23:07:11.131 [http-nio-8006-exec-23] DEBUG c.r.s.m.S.selectUserById - [debug,135] - <==      Total: 1
23:07:11.131 [http-nio-8006-exec-23] DEBUG c.r.s.m.S.selectUserById - [debug,135] - ==>  Preparing: select u.user_id, u.dept_id, u.user_name, u.nick_name, u.email, u.avatar, u.phonenumber, u.password, u.sex, u.status, u.del_flag, u.login_ip, u.login_date, u.pwd_update_date, u.create_by, u.create_time, u.remark, d.dept_id, d.parent_id, d.ancestors, d.dept_name, d.order_num, d.leader, d.status as dept_status, r.role_id, r.role_name, r.role_key, r.role_sort, r.data_scope, r.status as role_status from sys_user u left join sys_dept d on u.dept_id = d.dept_id left join sys_user_role ur on u.user_id = ur.user_id left join sys_role r on r.role_id = ur.role_id where u.user_id = ? and u.del_flag = '0'
23:07:11.131 [http-nio-8006-exec-23] DEBUG c.r.s.m.S.selectUserById - [debug,135] - ==> Parameters: 104(Long)
23:07:11.132 [http-nio-8006-exec-23] DEBUG c.r.s.m.S.selectUserById - [debug,135] - <==      Total: 1
23:07:11.133 [http-nio-8006-exec-23] DEBUG c.r.s.m.S.selectUserById - [debug,135] - ==>  Preparing: select u.user_id, u.dept_id, u.user_name, u.nick_name, u.email, u.avatar, u.phonenumber, u.password, u.sex, u.status, u.del_flag, u.login_ip, u.login_date, u.pwd_update_date, u.create_by, u.create_time, u.remark, d.dept_id, d.parent_id, d.ancestors, d.dept_name, d.order_num, d.leader, d.status as dept_status, r.role_id, r.role_name, r.role_key, r.role_sort, r.data_scope, r.status as role_status from sys_user u left join sys_dept d on u.dept_id = d.dept_id left join sys_user_role ur on u.user_id = ur.user_id left join sys_role r on r.role_id = ur.role_id where u.user_id = ? and u.del_flag = '0'
23:07:11.133 [http-nio-8006-exec-23] DEBUG c.r.s.m.S.selectUserById - [debug,135] - ==> Parameters: 105(Long)
23:07:11.134 [http-nio-8006-exec-23] DEBUG c.r.s.m.S.selectUserById - [debug,135] - <==      Total: 1
23:07:11.135 [http-nio-8006-exec-23] DEBUG c.r.h.m.T.selectTcmPatientList - [debug,135] - ==>  Preparing: select id, name, first_name, last_name, email, phone, practitioner_id, is_active, consent_signed, consent_signed_at, consent_token, consent_token_expires, merged_into, deleted_at, payload, create_time, update_time from tcm_patient
23:07:11.135 [http-nio-8006-exec-23] DEBUG c.r.h.m.T.selectTcmPatientList - [debug,135] - ==> Parameters: 
23:07:11.136 [http-nio-8006-exec-23] DEBUG c.r.h.m.T.selectTcmPatientList - [debug,135] - <==      Total: 3
23:07:11.137 [http-nio-8006-exec-23] DEBUG c.r.h.m.T.selectTcmAppointmentList - [debug,135] - ==>  Preparing: select id, patient_id, practitioner_id, room_id, service_type, start_time, end_time, status, branch_id, intake_token, intake_submitted, payload, create_time, update_time from tcm_appointment
23:07:11.137 [http-nio-8006-exec-23] DEBUG c.r.h.m.T.selectTcmAppointmentList - [debug,135] - ==> Parameters: 
23:07:11.138 [http-nio-8006-exec-23] DEBUG c.r.h.m.T.selectTcmAppointmentList - [debug,135] - <==      Total: 2
23:07:11.138 [http-nio-8006-exec-23] DEBUG c.r.h.m.T.selectTcmConsultationList - [debug,135] - ==>  Preparing: select id, consultation_id, patient_id, practitioner_id, consult_date, status, branch_id, locked_at, version, deleted_at, payload, create_time, update_time from tcm_consultation
23:07:11.138 [http-nio-8006-exec-23] DEBUG c.r.h.m.T.selectTcmConsultationList - [debug,135] - ==> Parameters: 
23:07:11.140 [http-nio-8006-exec-23] DEBUG c.r.h.m.T.selectTcmConsultationList - [debug,135] - <==      Total: 9
23:07:11.141 [http-nio-8006-exec-23] DEBUG c.r.h.m.T.selectTcmInventoryItemList - [debug,135] - ==>  Preparing: select id, name, category, unit, quantity, price_per_unit, min_stock_level, supplier, supplier_id, grams_per_packet, branch_id, is_active, deleted_at, herb_dict_id, payload, create_time, update_time from tcm_inventory_item WHERE deleted_at IS NULL
23:07:11.141 [http-nio-8006-exec-23] DEBUG c.r.h.m.T.selectTcmInventoryItemList - [debug,135] - ==> Parameters: 
23:07:11.143 [http-nio-8006-exec-23] DEBUG c.r.h.m.T.selectTcmInventoryItemList - [debug,135] - <==      Total: 13
23:07:11.144 [http-nio-8006-exec-23] DEBUG c.r.h.m.T.selectTcmBranchList - [debug,135] - ==>  Preparing: select id, name, code, address, phone, email, manager_id, is_active, is_main, room_ids, create_time, update_time from tcm_branch
23:07:11.144 [http-nio-8006-exec-23] DEBUG c.r.h.m.T.selectTcmBranchList - [debug,135] - ==> Parameters: 
23:07:11.146 [http-nio-8006-exec-23] DEBUG c.r.h.m.T.selectTcmBranchList - [debug,135] - <==      Total: 3
23:07:11.147 [http-nio-8006-exec-23] DEBUG c.r.h.m.T.selectAllSettings - [debug,135] - ==>  Preparing: select setting_key, setting_value, update_time from tcm_clinic_setting order by setting_key
23:07:11.147 [http-nio-8006-exec-23] DEBUG c.r.h.m.T.selectAllSettings - [debug,135] - ==> Parameters: 
23:07:11.147 [http-nio-8006-exec-23] DEBUG c.r.h.m.T.selectAllSettings - [debug,135] - <==      Total: 6
23:07:11.148 [http-nio-8006-exec-23] DEBUG c.r.h.m.T.selectTcmRoomList - [debug,135] - ==>  Preparing: select id, name, branch_id, is_active, create_time, update_time from tcm_room
23:07:11.148 [http-nio-8006-exec-23] DEBUG c.r.h.m.T.selectTcmRoomList - [debug,135] - ==> Parameters: 
23:07:11.149 [http-nio-8006-exec-23] DEBUG c.r.h.m.T.selectTcmRoomList - [debug,135] - <==      Total: 3
23:07:11.149 [http-nio-8006-exec-23] DEBUG c.r.h.m.T.selectTcmServiceTypeList - [debug,135] - ==>  Preparing: select service_key, label, duration, practitioner_time, room_required, default_price, update_time from tcm_service_type
23:07:11.150 [http-nio-8006-exec-23] DEBUG c.r.h.m.T.selectTcmServiceTypeList - [debug,135] - ==> Parameters: 
23:07:11.151 [http-nio-8006-exec-23] DEBUG c.r.h.m.T.selectTcmServiceTypeList - [debug,135] - <==      Total: 3
23:07:11.151 [http-nio-8006-exec-23] DEBUG c.r.h.m.T.selectTcmPriceListList - [debug,135] - ==>  Preparing: select id, name, effective_date, is_active, items_json, create_time, update_time from tcm_price_list
23:07:11.152 [http-nio-8006-exec-23] DEBUG c.r.h.m.T.selectTcmPriceListList - [debug,135] - ==> Parameters: 
23:07:11.152 [http-nio-8006-exec-23] DEBUG c.r.h.m.T.selectTcmPriceListList - [debug,135] - <==      Total: 1
23:07:11.153 [http-nio-8006-exec-23] DEBUG c.r.h.m.T.selectTcmEmailLogList - [debug,135] - ==>  Preparing: select id, to_email, subject, email_type, body, sent_at, payload, create_time from tcm_email_log order by id desc
23:07:11.153 [http-nio-8006-exec-23] DEBUG c.r.h.m.T.selectTcmEmailLogList - [debug,135] - ==> Parameters: 
23:07:11.154 [http-nio-8006-exec-23] DEBUG c.r.h.m.T.selectTcmEmailLogList - [debug,135] - <==      Total: 0
23:07:11.154 [http-nio-8006-exec-23] DEBUG c.r.h.m.T.selectTcmFormulaList - [debug,135] - ==>  Preparing: select id, name, category, description, source, is_active, deleted_at, create_time, update_time from tcm_formula WHERE deleted_at IS NULL order by create_time desc
23:07:11.154 [http-nio-8006-exec-23] DEBUG c.r.h.m.T.selectTcmFormulaList - [debug,135] - ==> Parameters: 
23:07:11.156 [http-nio-8006-exec-23] DEBUG c.r.h.m.T.selectTcmFormulaList - [debug,135] - <==      Total: 51
23:07:11.156 [http-nio-8006-exec-23] DEBUG c.r.h.m.T.selectByFormulaId - [debug,135] - ==>  Preparing: select id, formula_id, herb_name, dosage, unit, sort_order, notes, herb_dict_id from tcm_formula_item where formula_id = ? order by sort_order asc
23:07:11.156 [http-nio-8006-exec-23] DEBUG c.r.h.m.T.selectByFormulaId - [debug,135] - ==> Parameters: ecf8c626-94c4-4825-97d3-21c67adf9366(String)
23:07:11.157 [http-nio-8006-exec-23] DEBUG c.r.h.m.T.selectByFormulaId - [debug,135] - <==      Total: 1
23:07:11.157 [http-nio-8006-exec-23] DEBUG c.r.h.m.T.selectByFormulaId - [debug,135] - ==>  Preparing: select id, formula_id, herb_name, dosage, unit, sort_order, notes, herb_dict_id from tcm_formula_item where formula_id = ? order by sort_order asc
23:07:11.158 [http-nio-8006-exec-23] DEBUG c.r.h.m.T.selectByFormulaId - [debug,135] - ==> Parameters: formula-1(String)
23:07:11.158 [http-nio-8006-exec-23] DEBUG c.r.h.m.T.selectByFormulaId - [debug,135] - <==      Total: 4
23:07:11.158 [http-nio-8006-exec-23] DEBUG c.r.h.m.T.selectByFormulaId - [debug,135] - ==>  Preparing: select id, formula_id, herb_name, dosage, unit, sort_order, notes, herb_dict_id from tcm_formula_item where formula_id = ? order by sort_order asc
23:07:11.158 [http-nio-8006-exec-23] DEBUG c.r.h.m.T.selectByFormulaId - [debug,135] - ==> Parameters: formula-10(String)
23:07:11.160 [http-nio-8006-exec-23] DEBUG c.r.h.m.T.selectByFormulaId - [debug,135] - <==      Total: 5
23:07:11.160 [http-nio-8006-exec-23] DEBUG c.r.h.m.T.selectByFormulaId - [debug,135] - ==>  Preparing: select id, formula_id, herb_name, dosage, unit, sort_order, notes, herb_dict_id from tcm_formula_item where formula_id = ? order by sort_order asc
23:07:11.160 [http-nio-8006-exec-23] DEBUG c.r.h.m.T.selectByFormulaId - [debug,135] - ==> Parameters: formula-11(String)
23:07:11.161 [http-nio-8006-exec-23] DEBUG c.r.h.m.T.selectByFormulaId - [debug,135] - <==      Total: 4
23:07:11.161 [http-nio-8006-exec-23] DEBUG c.r.h.m.T.selectByFormulaId - [debug,135] - ==>  Preparing: select id, formula_id, herb_name, dosage, unit, sort_order, notes, herb_dict_id from tcm_formula_item where formula_id = ? order by sort_order asc
23:07:11.161 [http-nio-8006-exec-23] DEBUG c.r.h.m.T.selectByFormulaId - [debug,135] - ==> Parameters: formula-12(String)
23:07:11.161 [http-nio-8006-exec-23] DEBUG c.r.h.m.T.selectByFormulaId - [debug,135] - <==      Total: 0
23:07:11.162 [http-nio-8006-exec-23] DEBUG c.r.h.m.T.selectByFormulaId - [debug,135] - ==>  Preparing: select id, formula_id, herb_name, dosage, unit, sort_order, notes, herb_dict_id from tcm_formula_item where formula_id = ? order by sort_order asc
23:07:11.162 [http-nio-8006-exec-23] DEBUG c.r.h.m.T.selectByFormulaId - [debug,135] - ==> Parameters: formula-13(String)
23:07:11.163 [http-nio-8006-exec-23] DEBUG c.r.h.m.T.selectByFormulaId - [debug,135] - <==      Total: 0
23:07:11.163 [http-nio-8006-exec-23] DEBUG c.r.h.m.T.selectByFormulaId - [debug,135] - ==>  Preparing: select id, formula_id, herb_name, dosage, unit, sort_order, notes, herb_dict_id from tcm_formula_item where formula_id = ? order by sort_order asc
23:07:11.163 [http-nio-8006-exec-23] DEBUG c.r.h.m.T.selectByFormulaId - [debug,135] - ==> Parameters: formula-14(String)
23:07:11.163 [http-nio-8006-exec-23] DEBUG c.r.h.m.T.selectByFormulaId - [debug,135] - <==      Total: 0
23:07:11.163 [http-nio-8006-exec-23] DEBUG c.r.h.m.T.selectByFormulaId - [debug,135] - ==>  Preparing: select id, formula_id, herb_name, dosage, unit, sort_order, notes, herb_dict_id from tcm_formula_item where formula_id = ? order by sort_order asc
23:07:11.164 [http-nio-8006-exec-23] DEBUG c.r.h.m.T.selectByFormulaId - [debug,135] - ==> Parameters: formula-15(String)
23:07:11.165 [http-nio-8006-exec-23] DEBUG c.r.h.m.T.selectByFormulaId - [debug,135] - <==      Total: 7
23:07:11.165 [http-nio-8006-exec-23] DEBUG c.r.h.m.T.selectByFormulaId - [debug,135] - ==>  Preparing: select id, formula_id, herb_name, dosage, unit, sort_order, notes, herb_dict_id from tcm_formula_item where formula_id = ? order by sort_order asc
23:07:11.165 [http-nio-8006-exec-23] DEBUG c.r.h.m.T.selectByFormulaId - [debug,135] - ==> Parameters: formula-16(String)
23:07:11.166 [http-nio-8006-exec-23] DEBUG c.r.h.m.T.selectByFormulaId - [debug,135] - <==      Total: 0
23:07:11.166 [http-nio-8006-exec-23] DEBUG c.r.h.m.T.selectByFormulaId - [debug,135] - ==>  Preparing: select id, formula_id, herb_name, dosage, unit, sort_order, notes, herb_dict_id from tcm_formula_item where formula_id = ? order by sort_order asc
23:07:11.167 [http-nio-8006-exec-23] DEBUG c.r.h.m.T.selectByFormulaId - [debug,135] - ==> Parameters: formula-17(String)
23:07:11.167 [http-nio-8006-exec-23] DEBUG c.r.h.m.T.selectByFormulaId - [debug,135] - <==      Total: 4
23:07:11.168 [http-nio-8006-exec-23] DEBUG c.r.h.m.T.selectByFormulaId - [debug,135] - ==>  Preparing: select id, formula_id, herb_name, dosage, unit, sort_order, notes, herb_dict_id from tcm_formula_item where formula_id = ? order by sort_order asc
23:07:11.168 [http-nio-8006-exec-23] DEBUG c.r.h.m.T.selectByFormulaId - [debug,135] - ==> Parameters: formula-18(String)
23:07:11.168 [http-nio-8006-exec-23] DEBUG c.r.h.m.T.selectByFormulaId - [debug,135] - <==      Total: 3
23:07:11.168 [http-nio-8006-exec-23] DEBUG c.r.h.m.T.selectByFormulaId - [debug,135] - ==>  Preparing: select id, formula_id, herb_name, dosage, unit, sort_order, notes, herb_dict_id from tcm_formula_item where formula_id = ? order by sort_order asc
23:07:11.168 [http-nio-8006-exec-23] DEBUG c.r.h.m.T.selectByFormulaId - [debug,135] - ==> Parameters: formula-19(String)
23:07:11.169 [http-nio-8006-exec-23] DEBUG c.r.h.m.T.selectByFormulaId - [debug,135] - <==      Total: 0
23:07:11.169 [http-nio-8006-exec-23] DEBUG c.r.h.m.T.selectByFormulaId - [debug,135] - ==>  Preparing: select id, formula_id, herb_name, dosage, unit, sort_order, notes, herb_dict_id from tcm_formula_item where formula_id = ? order by sort_order asc
23:07:11.170 [http-nio-8006-exec-23] DEBUG c.r.h.m.T.selectByFormulaId - [debug,135] - ==> Parameters: formula-2(String)
23:07:11.170 [http-nio-8006-exec-23] DEBUG c.r.h.m.T.selectByFormulaId - [debug,135] - <==      Total: 6
23:07:11.171 [http-nio-8006-exec-23] DEBUG c.r.h.m.T.selectByFormulaId - [debug,135] - ==>  Preparing: select id, formula_id, herb_name, dosage, unit, sort_order, notes, herb_dict_id from tcm_formula_item where formula_id = ? order by sort_order asc
23:07:11.171 [http-nio-8006-exec-23] DEBUG c.r.h.m.T.selectByFormulaId - [debug,135] - ==> Parameters: formula-20(String)
23:07:11.172 [http-nio-8006-exec-23] DEBUG c.r.h.m.T.selectByFormulaId - [debug,135] - <==      Total: 0
23:07:11.172 [http-nio-8006-exec-23] DEBUG c.r.h.m.T.selectByFormulaId - [debug,135] - ==>  Preparing: select id, formula_id, herb_name, dosage, unit, sort_order, notes, herb_dict_id from tcm_formula_item where formula_id = ? order by sort_order asc
23:07:11.172 [http-nio-8006-exec-23] DEBUG c.r.h.m.T.selectByFormulaId - [debug,135] - ==> Parameters: formula-21(String)
23:07:11.173 [http-nio-8006-exec-23] DEBUG c.r.h.m.T.selectByFormulaId - [debug,135] - <==      Total: 4
23:07:11.173 [http-nio-8006-exec-23] DEBUG c.r.h.m.T.selectByFormulaId - [debug,135] - ==>  Preparing: select id, formula_id, herb_name, dosage, unit, sort_order, notes, herb_dict_id from tcm_formula_item where formula_id = ? order by sort_order asc
23:07:11.173 [http-nio-8006-exec-23] DEBUG c.r.h.m.T.selectByFormulaId - [debug,135] - ==> Parameters: formula-22(String)
23:07:11.174 [http-nio-8006-exec-23] DEBUG c.r.h.m.T.selectByFormulaId - [debug,135] - <==      Total: 0
23:07:11.174 [http-nio-8006-exec-23] DEBUG c.r.h.m.T.selectByFormulaId - [debug,135] - ==>  Preparing: select id, formula_id, herb_name, dosage, unit, sort_order, notes, herb_dict_id from tcm_formula_item where formula_id = ? order by sort_order asc
23:07:11.175 [http-nio-8006-exec-23] DEBUG c.r.h.m.T.selectByFormulaId - [debug,135] - ==> Parameters: formula-23(String)
23:07:11.175 [http-nio-8006-exec-23] DEBUG c.r.h.m.T.selectByFormulaId - [debug,135] - <==      Total: 0
23:07:11.175 [http-nio-8006-exec-23] DEBUG c.r.h.m.T.selectByFormulaId - [debug,135] - ==>  Preparing: select id, formula_id, herb_name, dosage, unit, sort_order, notes, herb_dict_id from tcm_formula_item where formula_id = ? order by sort_order asc
23:07:11.176 [http-nio-8006-exec-23] DEBUG c.r.h.m.T.selectByFormulaId - [debug,135] - ==> Parameters: formula-24(String)
23:07:11.177 [http-nio-8006-exec-23] DEBUG c.r.h.m.T.selectByFormulaId - [debug,135] - <==      Total: 5
23:07:11.177 [http-nio-8006-exec-23] DEBUG c.r.h.m.T.selectByFormulaId - [debug,135] - ==>  Preparing: select id, formula_id, herb_name, dosage, unit, sort_order, notes, herb_dict_id from tcm_formula_item where formula_id = ? order by sort_order asc
23:07:11.177 [http-nio-8006-exec-23] DEBUG c.r.h.m.T.selectByFormulaId - [debug,135] - ==> Parameters: formula-25(String)
23:07:11.177 [http-nio-8006-exec-23] DEBUG c.r.h.m.T.selectByFormulaId - [debug,135] - <==      Total: 0
23:07:11.178 [http-nio-8006-exec-23] DEBUG c.r.h.m.T.selectByFormulaId - [debug,135] - ==>  Preparing: select id, formula_id, herb_name, dosage, unit, sort_order, notes, herb_dict_id from tcm_formula_item where formula_id = ? order by sort_order asc
23:07:11.178 [http-nio-8006-exec-23] DEBUG c.r.h.m.T.selectByFormulaId - [debug,135] - ==> Parameters: formula-26(String)
23:07:11.179 [http-nio-8006-exec-23] DEBUG c.r.h.m.T.selectByFormulaId - [debug,135] - <==      Total: 0
23:07:11.179 [http-nio-8006-exec-23] DEBUG c.r.h.m.T.selectByFormulaId - [debug,135] - ==>  Preparing: select id, formula_id, herb_name, dosage, unit, sort_order, notes, herb_dict_id from tcm_formula_item where formula_id = ? order by sort_order asc
23:07:11.179 [http-nio-8006-exec-23] DEBUG c.r.h.m.T.selectByFormulaId - [debug,135] - ==> Parameters: formula-27(String)
23:07:11.179 [http-nio-8006-exec-23] DEBUG c.r.h.m.T.selectByFormulaId - [debug,135] - <==      Total: 0
23:07:11.179 [http-nio-8006-exec-23] DEBUG c.r.h.m.T.selectByFormulaId - [debug,135] - ==>  Preparing: select id, formula_id, herb_name, dosage, unit, sort_order, notes, herb_dict_id from tcm_formula_item where formula_id = ? order by sort_order asc
23:07:11.180 [http-nio-8006-exec-23] DEBUG c.r.h.m.T.selectByFormulaId - [debug,135] - ==> Parameters: formula-28(String)
23:07:11.180 [http-nio-8006-exec-23] DEBUG c.r.h.m.T.selectByFormulaId - [debug,135] - <==      Total: 0
23:07:11.181 [http-nio-8006-exec-23] DEBUG c.r.h.m.T.selectByFormulaId - [debug,135] - ==>  Preparing: select id, formula_id, herb_name, dosage, unit, sort_order, notes, herb_dict_id from tcm_formula_item where formula_id = ? order by sort_order asc
23:07:11.181 [http-nio-8006-exec-23] DEBUG c.r.h.m.T.selectByFormulaId - [debug,135] - ==> Parameters: formula-29(String)
23:07:11.181 [http-nio-8006-exec-23] DEBUG c.r.h.m.T.selectByFormulaId - [debug,135] - <==      Total: 8
23:07:11.182 [http-nio-8006-exec-23] DEBUG c.r.h.m.T.selectByFormulaId - [debug,135] - ==>  Preparing: select id, formula_id, herb_name, dosage, unit, sort_order, notes, herb_dict_id from tcm_formula_item where formula_id = ? order by sort_order asc
23:07:11.182 [http-nio-8006-exec-23] DEBUG c.r.h.m.T.selectByFormulaId - [debug,135] - ==> Parameters: formula-3(String)
23:07:11.183 [http-nio-8006-exec-23] DEBUG c.r.h.m.T.selectByFormulaId - [debug,135] - <==      Total: 8
23:07:11.183 [http-nio-8006-exec-23] DEBUG c.r.h.m.T.selectByFormulaId - [debug,135] - ==>  Preparing: select id, formula_id, herb_name, dosage, unit, sort_order, notes, herb_dict_id from tcm_formula_item where formula_id = ? order by sort_order asc
23:07:11.183 [http-nio-8006-exec-23] DEBUG c.r.h.m.T.selectByFormulaId - [debug,135] - ==> Parameters: formula-30(String)
23:07:11.184 [http-nio-8006-exec-23] DEBUG c.r.h.m.T.selectByFormulaId - [debug,135] - <==      Total: 0
23:07:11.184 [http-nio-8006-exec-23] DEBUG c.r.h.m.T.selectByFormulaId - [debug,135] - ==>  Preparing: select id, formula_id, herb_name, dosage, unit, sort_order, notes, herb_dict_id from tcm_formula_item where formula_id = ? order by sort_order asc
23:07:11.184 [http-nio-8006-exec-23] DEBUG c.r.h.m.T.selectByFormulaId - [debug,135] - ==> Parameters: formula-31(String)
23:07:11.185 [http-nio-8006-exec-23] DEBUG c.r.h.m.T.selectByFormulaId - [debug,135] - <==      Total: 5
23:07:11.185 [http-nio-8006-exec-23] DEBUG c.r.h.m.T.selectByFormulaId - [debug,135] - ==>  Preparing: select id, formula_id, herb_name, dosage, unit, sort_order, notes, herb_dict_id from tcm_formula_item where formula_id = ? order by sort_order asc
23:07:11.185 [http-nio-8006-exec-23] DEBUG c.r.h.m.T.selectByFormulaId - [debug,135] - ==> Parameters: formula-32(String)
23:07:11.185 [http-nio-8006-exec-23] DEBUG c.r.h.m.T.selectByFormulaId - [debug,135] - <==      Total: 0
23:07:11.185 [http-nio-8006-exec-23] DEBUG c.r.h.m.T.selectByFormulaId - [debug,135] - ==>  Preparing: select id, formula_id, herb_name, dosage, unit, sort_order, notes, herb_dict_id from tcm_formula_item where formula_id = ? order by sort_order asc
23:07:11.185 [http-nio-8006-exec-23] DEBUG c.r.h.m.T.selectByFormulaId - [debug,135] - ==> Parameters: formula-33(String)
23:07:11.187 [http-nio-8006-exec-23] DEBUG c.r.h.m.T.selectByFormulaId - [debug,135] - <==      Total: 3
23:07:11.187 [http-nio-8006-exec-23] DEBUG c.r.h.m.T.selectByFormulaId - [debug,135] - ==>  Preparing: select id, formula_id, herb_name, dosage, unit, sort_order, notes, herb_dict_id from tcm_formula_item where formula_id = ? order by sort_order asc
23:07:11.187 [http-nio-8006-exec-23] DEBUG c.r.h.m.T.selectByFormulaId - [debug,135] - ==> Parameters: formula-34(String)
23:07:11.188 [http-nio-8006-exec-23] DEBUG c.r.h.m.T.selectByFormulaId - [debug,135] - <==      Total: 3
23:07:11.188 [http-nio-8006-exec-23] DEBUG c.r.h.m.T.selectByFormulaId - [debug,135] - ==>  Preparing: select id, formula_id, herb_name, dosage, unit, sort_order, notes, herb_dict_id from tcm_formula_item where formula_id = ? order by sort_order asc
23:07:11.188 [http-nio-8006-exec-23] DEBUG c.r.h.m.T.selectByFormulaId - [debug,135] - ==> Parameters: formula-35(String)
23:07:11.189 [http-nio-8006-exec-23] DEBUG c.r.h.m.T.selectByFormulaId - [debug,135] - <==      Total: 4
23:07:11.189 [http-nio-8006-exec-23] DEBUG c.r.h.m.T.selectByFormulaId - [debug,135] - ==>  Preparing: select id, formula_id, herb_name, dosage, unit, sort_order, notes, herb_dict_id from tcm_formula_item where formula_id = ? order by sort_order asc
23:07:11.190 [http-nio-8006-exec-23] DEBUG c.r.h.m.T.selectByFormulaId - [debug,135] - ==> Parameters: formula-36(String)
23:07:11.190 [http-nio-8006-exec-23] DEBUG c.r.h.m.T.selectByFormulaId - [debug,135] - <==      Total: 0
23:07:11.190 [http-nio-8006-exec-23] DEBUG c.r.h.m.T.selectByFormulaId - [debug,135] - ==>  Preparing: select id, formula_id, herb_name, dosage, unit, sort_order, notes, herb_dict_id from tcm_formula_item where formula_id = ? order by sort_order asc
23:07:11.190 [http-nio-8006-exec-23] DEBUG c.r.h.m.T.selectByFormulaId - [debug,135] - ==> Parameters: formula-37(String)
23:07:11.191 [http-nio-8006-exec-23] DEBUG c.r.h.m.T.selectByFormulaId - [debug,135] - <==      Total: 6
23:07:11.191 [http-nio-8006-exec-23] DEBUG c.r.h.m.T.selectByFormulaId - [debug,135] - ==>  Preparing: select id, formula_id, herb_name, dosage, unit, sort_order, notes, herb_dict_id from tcm_formula_item where formula_id = ? order by sort_order asc
23:07:11.192 [http-nio-8006-exec-23] DEBUG c.r.h.m.T.selectByFormulaId - [debug,135] - ==> Parameters: formula-38(String)
23:07:11.192 [http-nio-8006-exec-23] DEBUG c.r.h.m.T.selectByFormulaId - [debug,135] - <==      Total: 0
23:07:11.192 [http-nio-8006-exec-23] DEBUG c.r.h.m.T.selectByFormulaId - [debug,135] - ==>  Preparing: select id, formula_id, herb_name, dosage, unit, sort_order, notes, herb_dict_id from tcm_formula_item where formula_id = ? order by sort_order asc
23:07:11.193 [http-nio-8006-exec-23] DEBUG c.r.h.m.T.selectByFormulaId - [debug,135] - ==> Parameters: formula-39(String)
23:07:11.193 [http-nio-8006-exec-23] DEBUG c.r.h.m.T.selectByFormulaId - [debug,135] - <==      Total: 0
23:07:11.193 [http-nio-8006-exec-23] DEBUG c.r.h.m.T.selectByFormulaId - [debug,135] - ==>  Preparing: select id, formula_id, herb_name, dosage, unit, sort_order, notes, herb_dict_id from tcm_formula_item where formula_id = ? order by sort_order asc
23:07:11.194 [http-nio-8006-exec-23] DEBUG c.r.h.m.T.selectByFormulaId - [debug,135] - ==> Parameters: formula-4(String)
23:07:11.194 [http-nio-8006-exec-23] DEBUG c.r.h.m.T.selectByFormulaId - [debug,135] - <==      Total: 8
23:07:11.194 [http-nio-8006-exec-23] DEBUG c.r.h.m.T.selectByFormulaId - [debug,135] - ==>  Preparing: select id, formula_id, herb_name, dosage, unit, sort_order, notes, herb_dict_id from tcm_formula_item where formula_id = ? order by sort_order asc
23:07:11.194 [http-nio-8006-exec-23] DEBUG c.r.h.m.T.selectByFormulaId - [debug,135] - ==> Parameters: formula-40(String)
23:07:11.195 [http-nio-8006-exec-23] DEBUG c.r.h.m.T.selectByFormulaId - [debug,135] - <==      Total: 0
23:07:11.195 [http-nio-8006-exec-23] DEBUG c.r.h.m.T.selectByFormulaId - [debug,135] - ==>  Preparing: select id, formula_id, herb_name, dosage, unit, sort_order, notes, herb_dict_id from tcm_formula_item where formula_id = ? order by sort_order asc
23:07:11.195 [http-nio-8006-exec-23] DEBUG c.r.h.m.T.selectByFormulaId - [debug,135] - ==> Parameters: formula-41(String)
23:07:11.196 [http-nio-8006-exec-23] DEBUG c.r.h.m.T.selectByFormulaId - [debug,135] - <==      Total: 0
23:07:11.197 [http-nio-8006-exec-23] DEBUG c.r.h.m.T.selectByFormulaId - [debug,135] - ==>  Preparing: select id, formula_id, herb_name, dosage, unit, sort_order, notes, herb_dict_id from tcm_formula_item where formula_id = ? order by sort_order asc
23:07:11.197 [http-nio-8006-exec-23] DEBUG c.r.h.m.T.selectByFormulaId - [debug,135] - ==> Parameters: formula-42(String)
23:07:11.198 [http-nio-8006-exec-23] DEBUG c.r.h.m.T.selectByFormulaId - [debug,135] - <==      Total: 0
23:07:11.198 [http-nio-8006-exec-23] DEBUG c.r.h.m.T.selectByFormulaId - [debug,135] - ==>  Preparing: select id, formula_id, herb_name, dosage, unit, sort_order, notes, herb_dict_id from tcm_formula_item where formula_id = ? order by sort_order asc
23:07:11.199 [http-nio-8006-exec-23] DEBUG c.r.h.m.T.selectByFormulaId - [debug,135] - ==> Parameters: formula-43(String)
23:07:11.199 [http-nio-8006-exec-23] DEBUG c.r.h.m.T.selectByFormulaId - [debug,135] - <==      Total: 0
23:07:11.199 [http-nio-8006-exec-23] DEBUG c.r.h.m.T.selectByFormulaId - [debug,135] - ==>  Preparing: select id, formula_id, herb_name, dosage, unit, sort_order, notes, herb_dict_id from tcm_formula_item where formula_id = ? order by sort_order asc
23:07:11.200 [http-nio-8006-exec-23] DEBUG c.r.h.m.T.selectByFormulaId - [debug,135] - ==> Parameters: formula-44(String)
23:07:11.200 [http-nio-8006-exec-23] DEBUG c.r.h.m.T.selectByFormulaId - [debug,135] - <==      Total: 0
23:07:11.200 [http-nio-8006-exec-23] DEBUG c.r.h.m.T.selectByFormulaId - [debug,135] - ==>  Preparing: select id, formula_id, herb_name, dosage, unit, sort_order, notes, herb_dict_id from tcm_formula_item where formula_id = ? order by sort_order asc
23:07:11.200 [http-nio-8006-exec-23] DEBUG c.r.h.m.T.selectByFormulaId - [debug,135] - ==> Parameters: formula-45(String)
23:07:11.201 [http-nio-8006-exec-23] DEBUG c.r.h.m.T.selectByFormulaId - [debug,135] - <==      Total: 0
23:07:11.201 [http-nio-8006-exec-23] DEBUG c.r.h.m.T.selectByFormulaId - [debug,135] - ==>  Preparing: select id, formula_id, herb_name, dosage, unit, sort_order, notes, herb_dict_id from tcm_formula_item where formula_id = ? order by sort_order asc
23:07:11.201 [http-nio-8006-exec-23] DEBUG c.r.h.m.T.selectByFormulaId - [debug,135] - ==> Parameters: formula-46(String)
23:07:11.202 [http-nio-8006-exec-23] DEBUG c.r.h.m.T.selectByFormulaId - [debug,135] - <==      Total: 0
23:07:11.202 [http-nio-8006-exec-23] DEBUG c.r.h.m.T.selectByFormulaId - [debug,135] - ==>  Preparing: select id, formula_id, herb_name, dosage, unit, sort_order, notes, herb_dict_id from tcm_formula_item where formula_id = ? order by sort_order asc
23:07:11.202 [http-nio-8006-exec-23] DEBUG c.r.h.m.T.selectByFormulaId - [debug,135] - ==> Parameters: formula-47(String)
23:07:11.203 [http-nio-8006-exec-23] DEBUG c.r.h.m.T.selectByFormulaId - [debug,135] - <==      Total: 0
23:07:11.203 [http-nio-8006-exec-23] DEBUG c.r.h.m.T.selectByFormulaId - [debug,135] - ==>  Preparing: select id, formula_id, herb_name, dosage, unit, sort_order, notes, herb_dict_id from tcm_formula_item where formula_id = ? order by sort_order asc
23:07:11.203 [http-nio-8006-exec-23] DEBUG c.r.h.m.T.selectByFormulaId - [debug,135] - ==> Parameters: formula-48(String)
23:07:11.204 [http-nio-8006-exec-23] DEBUG c.r.h.m.T.selectByFormulaId - [debug,135] - <==      Total: 0
23:07:11.205 [http-nio-8006-exec-23] DEBUG c.r.h.m.T.selectByFormulaId - [debug,135] - ==>  Preparing: select id, formula_id, herb_name, dosage, unit, sort_order, notes, herb_dict_id from tcm_formula_item where formula_id = ? order by sort_order asc
23:07:11.205 [http-nio-8006-exec-23] DEBUG c.r.h.m.T.selectByFormulaId - [debug,135] - ==> Parameters: formula-49(String)
23:07:11.205 [http-nio-8006-exec-23] DEBUG c.r.h.m.T.selectByFormulaId - [debug,135] - <==      Total: 0
23:07:11.206 [http-nio-8006-exec-23] DEBUG c.r.h.m.T.selectByFormulaId - [debug,135] - ==>  Preparing: select id, formula_id, herb_name, dosage, unit, sort_order, notes, herb_dict_id from tcm_formula_item where formula_id = ? order by sort_order asc
23:07:11.206 [http-nio-8006-exec-23] DEBUG c.r.h.m.T.selectByFormulaId - [debug,135] - ==> Parameters: formula-5(String)
23:07:11.207 [http-nio-8006-exec-23] DEBUG c.r.h.m.T.selectByFormulaId - [debug,135] - <==      Total: 8
23:07:11.207 [http-nio-8006-exec-23] DEBUG c.r.h.m.T.selectByFormulaId - [debug,135] - ==>  Preparing: select id, formula_id, herb_name, dosage, unit, sort_order, notes, herb_dict_id from tcm_formula_item where formula_id = ? order by sort_order asc
23:07:11.207 [http-nio-8006-exec-23] DEBUG c.r.h.m.T.selectByFormulaId - [debug,135] - ==> Parameters: formula-50(String)
23:07:11.208 [http-nio-8006-exec-23] DEBUG c.r.h.m.T.selectByFormulaId - [debug,135] - <==      Total: 7
23:07:11.208 [http-nio-8006-exec-23] DEBUG c.r.h.m.T.selectByFormulaId - [debug,135] - ==>  Preparing: select id, formula_id, herb_name, dosage, unit, sort_order, notes, herb_dict_id from tcm_formula_item where formula_id = ? order by sort_order asc
23:07:11.208 [http-nio-8006-exec-23] DEBUG c.r.h.m.T.selectByFormulaId - [debug,135] - ==> Parameters: formula-6(String)
23:07:11.209 [http-nio-8006-exec-23] DEBUG c.r.h.m.T.selectByFormulaId - [debug,135] - <==      Total: 7
23:07:11.209 [http-nio-8006-exec-23] DEBUG c.r.h.m.T.selectByFormulaId - [debug,135] - ==>  Preparing: select id, formula_id, herb_name, dosage, unit, sort_order, notes, herb_dict_id from tcm_formula_item where formula_id = ? order by sort_order asc
23:07:11.209 [http-nio-8006-exec-23] DEBUG c.r.h.m.T.selectByFormulaId - [debug,135] - ==> Parameters: formula-7(String)
23:07:11.210 [http-nio-8006-exec-23] DEBUG c.r.h.m.T.selectByFormulaId - [debug,135] - <==      Total: 5
23:07:11.210 [http-nio-8006-exec-23] DEBUG c.r.h.m.T.selectByFormulaId - [debug,135] - ==>  Preparing: select id, formula_id, herb_name, dosage, unit, sort_order, notes, herb_dict_id from tcm_formula_item where formula_id = ? order by sort_order asc
23:07:11.210 [http-nio-8006-exec-23] DEBUG c.r.h.m.T.selectByFormulaId - [debug,135] - ==> Parameters: formula-8(String)
23:07:11.211 [http-nio-8006-exec-23] DEBUG c.r.h.m.T.selectByFormulaId - [debug,135] - <==      Total: 8
23:07:11.211 [http-nio-8006-exec-23] DEBUG c.r.h.m.T.selectByFormulaId - [debug,135] - ==>  Preparing: select id, formula_id, herb_name, dosage, unit, sort_order, notes, herb_dict_id from tcm_formula_item where formula_id = ? order by sort_order asc
23:07:11.212 [http-nio-8006-exec-23] DEBUG c.r.h.m.T.selectByFormulaId - [debug,135] - ==> Parameters: formula-9(String)
23:07:11.212 [http-nio-8006-exec-23] DEBUG c.r.h.m.T.selectByFormulaId - [debug,135] - <==      Total: 4
23:07:11.213 [http-nio-8006-exec-23] DEBUG c.r.h.m.T.selectTcmSupplierList - [debug,135] - ==>  Preparing: select id, name, contact_person, phone, email, address, notes, is_active, deleted_at, create_time, update_time from tcm_supplier WHERE deleted_at IS NULL order by create_time desc
23:07:11.213 [http-nio-8006-exec-23] DEBUG c.r.h.m.T.selectTcmSupplierList - [debug,135] - ==> Parameters: 
23:07:11.214 [http-nio-8006-exec-23] DEBUG c.r.h.m.T.selectTcmSupplierList - [debug,135] - <==      Total: 4
23:07:11.215 [http-nio-8006-exec-23] DEBUG c.r.h.m.T.selectTcmAcupointList - [debug,135] - ==>  Preparing: select id, name, pinyin, english_name, meridian, location, indication, method, notes, is_active, deleted_at, create_time, update_time from tcm_acupoint WHERE deleted_at IS NULL order by name asc
23:07:11.215 [http-nio-8006-exec-23] DEBUG c.r.h.m.T.selectTcmAcupointList - [debug,135] - ==> Parameters: 
23:07:11.219 [http-nio-8006-exec-23] DEBUG c.r.h.m.T.selectTcmAcupointList - [debug,135] - <==      Total: 100
23:07:11.220 [http-nio-8006-exec-23] DEBUG c.r.h.m.T.selectAll - [debug,135] - ==>  Preparing: select id, from_unit, to_unit, factor, notes, create_time from tcm_unit_conversion order by from_unit, to_unit
23:07:11.220 [http-nio-8006-exec-23] DEBUG c.r.h.m.T.selectAll - [debug,135] - ==> Parameters: 
23:07:11.220 [http-nio-8006-exec-23] DEBUG c.r.h.m.T.selectAll - [debug,135] - <==      Total: 16
23:07:11.221 [http-nio-8006-exec-23] DEBUG c.r.h.m.T.selectTcmHerbDictList - [debug,135] - ==>  Preparing: select id, name, alias, pinyin, category, nature, taste, meridian_tropism, efficacy, indication, dosage_range, contraindication, notes, is_active, deleted_at, create_time, update_time from tcm_herb_dict WHERE deleted_at IS NULL order by category asc, name asc
23:07:11.221 [http-nio-8006-exec-23] DEBUG c.r.h.m.T.selectTcmHerbDictList - [debug,135] - ==> Parameters: 
23:07:11.224 [http-nio-8006-exec-23] DEBUG c.r.h.m.T.selectTcmHerbDictList - [debug,135] - <==      Total: 80
23:07:11.224 [http-nio-8006-exec-23] DEBUG c.r.h.m.T.selectTcmMeridianList - [debug,135] - ==>  Preparing: select id, name, english_name, abbr, category, organ, pathway, acupoint_count, indication, notes, is_active, deleted_at, create_time, update_time from tcm_meridian WHERE deleted_at IS NULL order by id asc
23:07:11.225 [http-nio-8006-exec-23] DEBUG c.r.h.m.T.selectTcmMeridianList - [debug,135] - ==> Parameters: 
23:07:11.226 [http-nio-8006-exec-23] DEBUG c.r.h.m.T.selectTcmMeridianList - [debug,135] - <==      Total: 14
23:07:11.226 [http-nio-8006-exec-23] DEBUG c.r.h.m.T.selectTcmTreatmentTemplateList - [debug,135] - ==>  Preparing: select id, name, disease, category, description, acupoints_json, formula_ids, advice, notes, is_active, deleted_at, create_time, update_time from tcm_treatment_template WHERE deleted_at IS NULL order by category asc, name asc
23:07:11.226 [http-nio-8006-exec-23] DEBUG c.r.h.m.T.selectTcmTreatmentTemplateList - [debug,135] - ==> Parameters: 
23:07:11.227 [http-nio-8006-exec-23] DEBUG c.r.h.m.T.selectTcmTreatmentTemplateList - [debug,135] - <==      Total: 10
23:07:12.218 [http-nio-8006-exec-24] DEBUG c.r.h.m.T.selectTcmInventoryItemList - [debug,135] - ==>  Preparing: select id, name, category, unit, quantity, price_per_unit, min_stock_level, supplier, supplier_id, grams_per_packet, branch_id, is_active, deleted_at, herb_dict_id, payload, create_time, update_time from tcm_inventory_item WHERE deleted_at IS NULL
23:07:12.219 [http-nio-8006-exec-24] DEBUG c.r.h.m.T.selectTcmInventoryItemList - [debug,135] - ==> Parameters: 
23:07:12.221 [http-nio-8006-exec-24] DEBUG c.r.h.m.T.selectTcmInventoryItemList - [debug,135] - <==      Total: 13
23:07:12.553 [http-nio-8006-exec-25] DEBUG c.r.h.m.T.selectTcmConsultationById - [debug,135] - ==>  Preparing: select id, consultation_id, patient_id, practitioner_id, consult_date, status, branch_id, locked_at, version, deleted_at, payload, create_time, update_time from tcm_consultation where id = ?
23:07:12.554 [http-nio-8006-exec-25] DEBUG c.r.h.m.T.selectTcmConsultationById - [debug,135] - ==> Parameters: consult-e2e-20260328230641(String)
23:07:12.555 [http-nio-8006-exec-25] DEBUG c.r.h.m.T.selectTcmConsultationById - [debug,135] - <==      Total: 1
23:07:12.556 [http-nio-8006-exec-25] DEBUG c.r.h.m.T.selectTcmPatientList - [debug,135] - ==>  Preparing: select id, name, first_name, last_name, email, phone, practitioner_id, is_active, consent_signed, consent_signed_at, consent_token, consent_token_expires, merged_into, deleted_at, payload, create_time, update_time from tcm_patient WHERE deleted_at IS NULL
23:07:12.556 [http-nio-8006-exec-25] DEBUG c.r.h.m.T.selectTcmPatientList - [debug,135] - ==> Parameters: 
23:07:12.557 [http-nio-8006-exec-25] DEBUG c.r.h.m.T.selectTcmPatientList - [debug,135] - <==      Total: 3
23:07:12.558 [http-nio-8006-exec-25] DEBUG c.r.h.m.T.selectTcmConsultationList - [debug,135] - ==>  Preparing: select id, consultation_id, patient_id, practitioner_id, consult_date, status, branch_id, locked_at, version, deleted_at, payload, create_time, update_time from tcm_consultation WHERE deleted_at IS NULL
23:07:12.558 [http-nio-8006-exec-25] DEBUG c.r.h.m.T.selectTcmConsultationList - [debug,135] - ==> Parameters: 
23:07:12.560 [http-nio-8006-exec-25] DEBUG c.r.h.m.T.selectTcmConsultationList - [debug,135] - <==      Total: 9
23:07:12.561 [http-nio-8006-exec-25] DEBUG c.r.h.m.T.selectTcmConsultationById - [debug,135] - ==>  Preparing: select id, consultation_id, patient_id, practitioner_id, consult_date, status, branch_id, locked_at, version, deleted_at, payload, create_time, update_time from tcm_consultation where id = ?
23:07:12.561 [http-nio-8006-exec-25] DEBUG c.r.h.m.T.selectTcmConsultationById - [debug,135] - ==> Parameters: consult-e2e-20260328230641(String)
23:07:12.562 [http-nio-8006-exec-25] DEBUG c.r.h.m.T.selectTcmConsultationById - [debug,135] - <==      Total: 1
23:07:12.562 [http-nio-8006-exec-25] DEBUG c.r.h.m.T.selectTcmInventoryItemsByName - [debug,135] - ==>  Preparing: select id, name, category, unit, quantity, price_per_unit, min_stock_level, supplier, supplier_id, grams_per_packet, branch_id, is_active, deleted_at, herb_dict_id, payload, create_time, update_time from tcm_inventory_item where name = ? and category = ? and is_active = 1 and deleted_at is null order by quantity desc
23:07:12.563 [http-nio-8006-exec-25] DEBUG c.r.h.m.T.selectTcmInventoryItemsByName - [debug,135] - ==> Parameters: 黄芪(String), raw_herbs(String)
23:07:12.563 [http-nio-8006-exec-25] DEBUG c.r.h.m.T.selectTcmInventoryItemsByName - [debug,135] - <==      Total: 1
23:07:12.564 [http-nio-8006-exec-25] DEBUG c.r.h.m.T.updateTcmInventoryItem - [debug,135] - ==>  Preparing: update tcm_inventory_item SET name = ?, category = ?, unit = ?, quantity = ?, price_per_unit = ?, min_stock_level = ?, supplier = ?, supplier_id = ?, branch_id = ?, is_active = ?, deleted_at = ?, payload = ?, update_time = sysdate() where id = ?
23:07:12.565 [http-nio-8006-exec-25] DEBUG c.r.h.m.T.updateTcmInventoryItem - [debug,135] - ==> Parameters: 黄芪(String), raw_herbs(String), g(String), 1980.00(BigDecimal), 0.0800(BigDecimal), 500.00(BigDecimal), 本草药材(String), supplier-3(String), branch-main(String), 1(Integer), null, null, inv-4(String)
23:07:12.566 [http-nio-8006-exec-25] DEBUG c.r.h.m.T.updateTcmInventoryItem - [debug,135] - <==    Updates: 1
23:07:12.566 [http-nio-8006-exec-25] DEBUG c.r.h.m.T.updateTcmConsultation - [debug,135] - ==>  Preparing: update tcm_consultation SET consultation_id = ?, patient_id = ?, practitioner_id = ?, consult_date = ?, status = ?, branch_id = ?, locked_at = ?, version = ?, deleted_at = ?, payload = ?, update_time = sysdate() where id = ?
23:07:12.566 [http-nio-8006-exec-25] DEBUG c.r.h.m.T.updateTcmConsultation - [debug,135] - ==> Parameters: ORD-E2E-20260328230641(String), patient-1(String), 101(String), 2026-03-28(String), paid(String), branch-main(String), 2026-03-28 23:07:12(String), 1(Integer), null, {"taxAmount":0,"servicePriceList":"pricelist-default","taxable":false,"formulaName":"E2E库存联动20260328230641","acupuncture":[],"discountType":"none","totalWithoutTax":0.8,"currency":"CAD","prescriptionType":"raw_herbs","services":[],"diff":{},"chiefComplaintDescription":"用于验证库存扣减时机与发药联动","herbals":[{"dosage":10,"name":"黄芪","unit":"g","inventoryId":"inv-4","herbDictId":"herb-053","supplierName":"本草药材"}],"discountValue":0,"summary":"用于验证库存扣减时机与发药联动","comments":"","modifications":[],"documents":[],"differentiation":"气虚","treatment":"补气","previousPrognosisReview":"","prescriptions":[{"quantity":1,"preferredUnit":"g","whereToGet":"In-store 店内取药","id":"rx-e2e-20260328230641","direction":"内服 Oral intake","formulaName":"E2E库存联动20260328230641","items":[{"convertedUnit":"g","dosage":10,"herbDictId":"herb-053","name":"黄芪","supplier":"本草药材","inventoryId":"inv-4","unit":"g","pricePerUnit":0.08,"subtotal":0.8,"supplierName":"本草药材","convertedQty":10}],"subtotal":0.8,"prescriptionType":"raw_herbs","perDoseSubtotal":0.8,"dispensingCompleted":false}],"consultationFee":0,"chiefComplaint":"E2E库存联动","consultationFeeTaxable":false,"includeRxAmount":true,"totalAmount":0.8,"add3rdParty":false,"prognosis":"","feedback":"","historyAndMedicationSourceConsultId":"consult-1","historyAndMedicationSourceConsultDate":"2024-02-01","paidAt":"2026-03-28 23:07:12","paidBy":"100","dispensingCompleted":false,"paymentMethod":"manual","inventoryDeductedAtPayment":true,"inventoryDeductedAt":"2026-03-28 23:07:12","inventoryDeductedBy":"100"}(String), consult-e2e-20260328230641(String)
23:07:12.568 [http-nio-8006-exec-25] DEBUG c.r.h.m.T.updateTcmConsultation - [debug,135] - <==    Updates: 1
23:07:12.568 [http-nio-8006-exec-25] DEBUG c.r.h.m.T.selectTcmConsultationById - [debug,135] - ==>  Preparing: select id, consultation_id, patient_id, practitioner_id, consult_date, status, branch_id, locked_at, version, deleted_at, payload, create_time, update_time from tcm_consultation where id = ?
23:07:12.569 [http-nio-8006-exec-25] DEBUG c.r.h.m.T.selectTcmConsultationById - [debug,135] - ==> Parameters: consult-e2e-20260328230641(String)
23:07:12.569 [http-nio-8006-exec-25] DEBUG c.r.h.m.T.selectTcmConsultationById - [debug,135] - <==      Total: 1
23:07:12.570 [http-nio-8006-exec-25] DEBUG c.r.h.m.T.selectTcmPatientById - [debug,135] - ==>  Preparing: select id, name, first_name, last_name, email, phone, practitioner_id, is_active, consent_signed, consent_signed_at, consent_token, consent_token_expires, merged_into, deleted_at, payload, create_time, update_time from tcm_patient where id = ?
23:07:12.570 [http-nio-8006-exec-25] DEBUG c.r.h.m.T.selectTcmPatientById - [debug,135] - ==> Parameters: patient-1(String)
23:07:12.571 [http-nio-8006-exec-25] DEBUG c.r.h.m.T.selectTcmPatientById - [debug,135] - <==      Total: 1
23:07:12.571 [http-nio-8006-exec-25] DEBUG c.r.h.m.T.selectSettingByKey - [debug,135] - ==>  Preparing: select setting_key, setting_value, update_time from tcm_clinic_setting where setting_key = ?
23:07:12.572 [http-nio-8006-exec-25] DEBUG c.r.h.m.T.selectSettingByKey - [debug,135] - ==> Parameters: clinicName(String)
23:07:12.572 [http-nio-8006-exec-25] DEBUG c.r.h.m.T.selectSettingByKey - [debug,135] - <==      Total: 1
23:07:12.601 [http-nio-8006-exec-25] INFO  c.r.h.s.i.TcmPdfServiceImpl - [generateInvoice,147] - Invoice PDF generated: C:\Users\jiangyi\Desktop\项目\未完成\医院\RuoYi-Vue\ruoyi-admin\runtime\hospital-private\2026\03\28\invoice_5e04129996114c5294ec5fcd5c7e3eef.pdf
23:07:12.602 [http-nio-8006-exec-25] DEBUG c.r.h.m.T.updateTcmConsultation - [debug,135] - ==>  Preparing: update tcm_consultation SET consultation_id = ?, patient_id = ?, practitioner_id = ?, consult_date = ?, status = ?, branch_id = ?, locked_at = ?, version = ?, deleted_at = ?, payload = ?, update_time = sysdate() where id = ?
23:07:12.602 [http-nio-8006-exec-25] DEBUG c.r.h.m.T.updateTcmConsultation - [debug,135] - ==> Parameters: ORD-E2E-20260328230641(String), patient-1(String), 101(String), 2026-03-28(String), paid(String), branch-main(String), 2026-03-28 23:07:12(String), 1(Integer), null, {"taxAmount":0,"servicePriceList":"pricelist-default","taxable":false,"formulaName":"E2E库存联动20260328230641","acupuncture":[],"discountType":"none","totalWithoutTax":0.8,"currency":"CAD","prescriptionType":"raw_herbs","services":[],"diff":{},"chiefComplaintDescription":"用于验证库存扣减时机与发药联动","herbals":[{"dosage":10,"name":"黄芪","unit":"g","inventoryId":"inv-4","herbDictId":"herb-053","supplierName":"本草药材"}],"discountValue":0,"summary":"用于验证库存扣减时机与发药联动","comments":"","modifications":[{"date":"2026-03-28 23:07:12","type":"payment","action":"收款并锁定","userId":"100","changes":"支付方式: manual；收款金额: 0.8；已生成发票；库存已预扣：raw_herbs 1味"}],"documents":[],"differentiation":"气虚","treatment":"补气","previousPrognosisReview":"","prescriptions":[{"quantity":1,"preferredUnit":"g","whereToGet":"In-store 店内取药","id":"rx-e2e-20260328230641","direction":"内服 Oral intake","formulaName":"E2E库存联动20260328230641","items":[{"convertedUnit":"g","dosage":10,"herbDictId":"herb-053","name":"黄芪","supplier":"本草药材","inventoryId":"inv-4","unit":"g","pricePerUnit":0.08,"subtotal":0.8,"supplierName":"本草药材","convertedQty":10}],"subtotal":0.8,"prescriptionType":"raw_herbs","perDoseSubtotal":0.8,"dispensingCompleted":false}],"consultationFee":0,"chiefComplaint":"E2E库存联动","consultationFeeTaxable":false,"includeRxAmount":true,"totalAmount":0.8,"add3rdParty":false,"prognosis":"","feedback":"","historyAndMedicationSourceConsultId":"consult-1","historyAndMedicationSourceConsultDate":"2024-02-01","paidAt":"2026-03-28 23:07:12","paidBy":"100","dispensingCompleted":false,"paymentMethod":"manual","inventoryDeductedAtPayment":true,"inventoryDeductedAt":"2026-03-28 23:07:12","inventoryDeductedBy":"100","invoicePdfUrl":"/api/public/files/access?resource=hospital-private%2F2026%2F03%2F28%2Finvoice_5e04129996114c5294ec5fcd5c7e3eef.pdf&expires=1774710732601&signature=QSX1uTVD_OzCVULR10dDmuVGIc5PTBjETStm8fxAaS4","invoicePdfPath":"hospital-private/2026/03/28/invoice_5e04129996114c5294ec5fcd5c7e3eef.pdf","invoiceGeneratedAt":"2026-03-28 23:07:12"}(String), consult-e2e-20260328230641(String)
23:07:12.603 [http-nio-8006-exec-25] DEBUG c.r.h.m.T.updateTcmConsultation - [debug,135] - <==    Updates: 1
23:07:12.604 [http-nio-8006-exec-25] DEBUG c.r.h.m.T.insertTcmConsultationMod - [debug,135] - ==>  Preparing: insert into tcm_consultation_mod ( consultation_id, mod_date, mod_type, action, user_id, version, changes, create_time )values( ?, ?, ?, ?, ?, ?, ?, sysdate() )
23:07:12.604 [http-nio-8006-exec-25] DEBUG c.r.h.m.T.insertTcmConsultationMod - [debug,135] - ==> Parameters: ORD-E2E-20260328230641(String), 2026-03-28 23:07:12(String), payment(String), Marked as paid(String), 100(String), 1(Integer), 支付方式: manual；收款金额: 0.8；已生成发票；库存已预扣：raw_herbs 1味(String)
23:07:12.605 [http-nio-8006-exec-25] DEBUG c.r.h.m.T.insertTcmConsultationMod - [debug,135] - <==    Updates: 1
23:07:12.606 [http-nio-8006-exec-25] DEBUG c.r.h.m.T.selectTcmConsultationById - [debug,135] - ==>  Preparing: select id, consultation_id, patient_id, practitioner_id, consult_date, status, branch_id, locked_at, version, deleted_at, payload, create_time, update_time from tcm_consultation where id = ?
23:07:12.606 [http-nio-8006-exec-25] DEBUG c.r.h.m.T.selectTcmConsultationById - [debug,135] - ==> Parameters: consult-e2e-20260328230641(String)
23:07:12.607 [http-nio-8006-exec-25] DEBUG c.r.h.m.T.selectTcmConsultationById - [debug,135] - <==      Total: 1
23:07:12.621 [http-nio-8006-exec-26] DEBUG c.r.h.m.T.selectTcmInventoryItemList - [debug,135] - ==>  Preparing: select id, name, category, unit, quantity, price_per_unit, min_stock_level, supplier, supplier_id, grams_per_packet, branch_id, is_active, deleted_at, herb_dict_id, payload, create_time, update_time from tcm_inventory_item WHERE deleted_at IS NULL
23:07:12.622 [http-nio-8006-exec-26] DEBUG c.r.h.m.T.selectTcmInventoryItemList - [debug,135] - ==> Parameters: 
23:07:12.623 [http-nio-8006-exec-26] DEBUG c.r.h.m.T.selectTcmInventoryItemList - [debug,135] - <==      Total: 13
23:07:12.760 [http-nio-8006-exec-27] DEBUG c.r.h.m.T.selectTcmInventoryItemList - [debug,135] - ==>  Preparing: select id, name, category, unit, quantity, price_per_unit, min_stock_level, supplier, supplier_id, grams_per_packet, branch_id, is_active, deleted_at, herb_dict_id, payload, create_time, update_time from tcm_inventory_item WHERE deleted_at IS NULL
23:07:12.761 [http-nio-8006-exec-27] DEBUG c.r.h.m.T.selectTcmInventoryItemList - [debug,135] - ==> Parameters: 
23:07:12.762 [http-nio-8006-exec-27] DEBUG c.r.h.m.T.selectTcmInventoryItemList - [debug,135] - <==      Total: 13
23:07:12.836 [http-nio-8006-exec-28] DEBUG c.r.s.m.S.selectUserList - [debug,135] - ==>  Preparing: select u.user_id, u.dept_id, u.nick_name, u.user_name, u.email, u.avatar, u.phonenumber, u.sex, u.status, u.del_flag, u.login_ip, u.login_date, u.create_by, u.create_time, u.remark, d.dept_name, d.leader from sys_user u left join sys_dept d on u.dept_id = d.dept_id where u.del_flag = '0'
23:07:12.837 [http-nio-8006-exec-28] DEBUG c.r.s.m.S.selectUserList - [debug,135] - ==> Parameters: 
23:07:12.839 [http-nio-8006-exec-28] DEBUG c.r.s.m.S.selectUserList - [debug,135] - <==      Total: 8
23:07:12.839 [http-nio-8006-exec-28] DEBUG c.r.s.m.S.selectUserById - [debug,135] - ==>  Preparing: select u.user_id, u.dept_id, u.user_name, u.nick_name, u.email, u.avatar, u.phonenumber, u.password, u.sex, u.status, u.del_flag, u.login_ip, u.login_date, u.pwd_update_date, u.create_by, u.create_time, u.remark, d.dept_id, d.parent_id, d.ancestors, d.dept_name, d.order_num, d.leader, d.status as dept_status, r.role_id, r.role_name, r.role_key, r.role_sort, r.data_scope, r.status as role_status from sys_user u left join sys_dept d on u.dept_id = d.dept_id left join sys_user_role ur on u.user_id = ur.user_id left join sys_role r on r.role_id = ur.role_id where u.user_id = ? and u.del_flag = '0'
23:07:12.840 [http-nio-8006-exec-28] DEBUG c.r.s.m.S.selectUserById - [debug,135] - ==> Parameters: 1(Long)
23:07:12.841 [http-nio-8006-exec-28] DEBUG c.r.s.m.S.selectUserById - [debug,135] - <==      Total: 1
23:07:12.841 [http-nio-8006-exec-28] DEBUG c.r.s.m.S.selectUserById - [debug,135] - ==>  Preparing: select u.user_id, u.dept_id, u.user_name, u.nick_name, u.email, u.avatar, u.phonenumber, u.password, u.sex, u.status, u.del_flag, u.login_ip, u.login_date, u.pwd_update_date, u.create_by, u.create_time, u.remark, d.dept_id, d.parent_id, d.ancestors, d.dept_name, d.order_num, d.leader, d.status as dept_status, r.role_id, r.role_name, r.role_key, r.role_sort, r.data_scope, r.status as role_status from sys_user u left join sys_dept d on u.dept_id = d.dept_id left join sys_user_role ur on u.user_id = ur.user_id left join sys_role r on r.role_id = ur.role_id where u.user_id = ? and u.del_flag = '0'
23:07:12.841 [http-nio-8006-exec-28] DEBUG c.r.s.m.S.selectUserById - [debug,135] - ==> Parameters: 2(Long)
23:07:12.842 [http-nio-8006-exec-28] DEBUG c.r.s.m.S.selectUserById - [debug,135] - <==      Total: 1
23:07:12.843 [http-nio-8006-exec-28] DEBUG c.r.s.m.S.selectUserById - [debug,135] - ==>  Preparing: select u.user_id, u.dept_id, u.user_name, u.nick_name, u.email, u.avatar, u.phonenumber, u.password, u.sex, u.status, u.del_flag, u.login_ip, u.login_date, u.pwd_update_date, u.create_by, u.create_time, u.remark, d.dept_id, d.parent_id, d.ancestors, d.dept_name, d.order_num, d.leader, d.status as dept_status, r.role_id, r.role_name, r.role_key, r.role_sort, r.data_scope, r.status as role_status from sys_user u left join sys_dept d on u.dept_id = d.dept_id left join sys_user_role ur on u.user_id = ur.user_id left join sys_role r on r.role_id = ur.role_id where u.user_id = ? and u.del_flag = '0'
23:07:12.844 [http-nio-8006-exec-28] DEBUG c.r.s.m.S.selectUserById - [debug,135] - ==> Parameters: 100(Long)
23:07:12.845 [http-nio-8006-exec-28] DEBUG c.r.s.m.S.selectUserById - [debug,135] - <==      Total: 1
23:07:12.846 [http-nio-8006-exec-28] DEBUG c.r.s.m.S.selectUserById - [debug,135] - ==>  Preparing: select u.user_id, u.dept_id, u.user_name, u.nick_name, u.email, u.avatar, u.phonenumber, u.password, u.sex, u.status, u.del_flag, u.login_ip, u.login_date, u.pwd_update_date, u.create_by, u.create_time, u.remark, d.dept_id, d.parent_id, d.ancestors, d.dept_name, d.order_num, d.leader, d.status as dept_status, r.role_id, r.role_name, r.role_key, r.role_sort, r.data_scope, r.status as role_status from sys_user u left join sys_dept d on u.dept_id = d.dept_id left join sys_user_role ur on u.user_id = ur.user_id left join sys_role r on r.role_id = ur.role_id where u.user_id = ? and u.del_flag = '0'
23:07:12.846 [http-nio-8006-exec-28] DEBUG c.r.s.m.S.selectUserById - [debug,135] - ==> Parameters: 101(Long)
23:07:12.847 [http-nio-8006-exec-28] DEBUG c.r.s.m.S.selectUserById - [debug,135] - <==      Total: 1
23:07:12.848 [http-nio-8006-exec-28] DEBUG c.r.s.m.S.selectUserById - [debug,135] - ==>  Preparing: select u.user_id, u.dept_id, u.user_name, u.nick_name, u.email, u.avatar, u.phonenumber, u.password, u.sex, u.status, u.del_flag, u.login_ip, u.login_date, u.pwd_update_date, u.create_by, u.create_time, u.remark, d.dept_id, d.parent_id, d.ancestors, d.dept_name, d.order_num, d.leader, d.status as dept_status, r.role_id, r.role_name, r.role_key, r.role_sort, r.data_scope, r.status as role_status from sys_user u left join sys_dept d on u.dept_id = d.dept_id left join sys_user_role ur on u.user_id = ur.user_id left join sys_role r on r.role_id = ur.role_id where u.user_id = ? and u.del_flag = '0'
23:07:12.848 [http-nio-8006-exec-28] DEBUG c.r.s.m.S.selectUserById - [debug,135] - ==> Parameters: 102(Long)
23:07:12.849 [http-nio-8006-exec-28] DEBUG c.r.s.m.S.selectUserById - [debug,135] - <==      Total: 1
23:07:12.849 [http-nio-8006-exec-28] DEBUG c.r.s.m.S.selectUserById - [debug,135] - ==>  Preparing: select u.user_id, u.dept_id, u.user_name, u.nick_name, u.email, u.avatar, u.phonenumber, u.password, u.sex, u.status, u.del_flag, u.login_ip, u.login_date, u.pwd_update_date, u.create_by, u.create_time, u.remark, d.dept_id, d.parent_id, d.ancestors, d.dept_name, d.order_num, d.leader, d.status as dept_status, r.role_id, r.role_name, r.role_key, r.role_sort, r.data_scope, r.status as role_status from sys_user u left join sys_dept d on u.dept_id = d.dept_id left join sys_user_role ur on u.user_id = ur.user_id left join sys_role r on r.role_id = ur.role_id where u.user_id = ? and u.del_flag = '0'
23:07:12.850 [http-nio-8006-exec-28] DEBUG c.r.s.m.S.selectUserById - [debug,135] - ==> Parameters: 103(Long)
23:07:12.850 [http-nio-8006-exec-28] DEBUG c.r.s.m.S.selectUserById - [debug,135] - <==      Total: 1
23:07:12.850 [http-nio-8006-exec-28] DEBUG c.r.s.m.S.selectUserById - [debug,135] - ==>  Preparing: select u.user_id, u.dept_id, u.user_name, u.nick_name, u.email, u.avatar, u.phonenumber, u.password, u.sex, u.status, u.del_flag, u.login_ip, u.login_date, u.pwd_update_date, u.create_by, u.create_time, u.remark, d.dept_id, d.parent_id, d.ancestors, d.dept_name, d.order_num, d.leader, d.status as dept_status, r.role_id, r.role_name, r.role_key, r.role_sort, r.data_scope, r.status as role_status from sys_user u left join sys_dept d on u.dept_id = d.dept_id left join sys_user_role ur on u.user_id = ur.user_id left join sys_role r on r.role_id = ur.role_id where u.user_id = ? and u.del_flag = '0'
23:07:12.851 [http-nio-8006-exec-28] DEBUG c.r.s.m.S.selectUserById - [debug,135] - ==> Parameters: 104(Long)
23:07:12.851 [http-nio-8006-exec-28] DEBUG c.r.s.m.S.selectUserById - [debug,135] - <==      Total: 1
23:07:12.852 [http-nio-8006-exec-28] DEBUG c.r.s.m.S.selectUserById - [debug,135] - ==>  Preparing: select u.user_id, u.dept_id, u.user_name, u.nick_name, u.email, u.avatar, u.phonenumber, u.password, u.sex, u.status, u.del_flag, u.login_ip, u.login_date, u.pwd_update_date, u.create_by, u.create_time, u.remark, d.dept_id, d.parent_id, d.ancestors, d.dept_name, d.order_num, d.leader, d.status as dept_status, r.role_id, r.role_name, r.role_key, r.role_sort, r.data_scope, r.status as role_status from sys_user u left join sys_dept d on u.dept_id = d.dept_id left join sys_user_role ur on u.user_id = ur.user_id left join sys_role r on r.role_id = ur.role_id where u.user_id = ? and u.del_flag = '0'
23:07:12.852 [http-nio-8006-exec-28] DEBUG c.r.s.m.S.selectUserById - [debug,135] - ==> Parameters: 105(Long)
23:07:12.853 [http-nio-8006-exec-28] DEBUG c.r.s.m.S.selectUserById - [debug,135] - <==      Total: 1
23:07:12.853 [http-nio-8006-exec-28] DEBUG c.r.h.m.T.selectTcmPatientList - [debug,135] - ==>  Preparing: select id, name, first_name, last_name, email, phone, practitioner_id, is_active, consent_signed, consent_signed_at, consent_token, consent_token_expires, merged_into, deleted_at, payload, create_time, update_time from tcm_patient
23:07:12.854 [http-nio-8006-exec-28] DEBUG c.r.h.m.T.selectTcmPatientList - [debug,135] - ==> Parameters: 
23:07:12.855 [http-nio-8006-exec-28] DEBUG c.r.h.m.T.selectTcmPatientList - [debug,135] - <==      Total: 3
23:07:12.856 [http-nio-8006-exec-28] DEBUG c.r.h.m.T.selectTcmAppointmentList - [debug,135] - ==>  Preparing: select id, patient_id, practitioner_id, room_id, service_type, start_time, end_time, status, branch_id, intake_token, intake_submitted, payload, create_time, update_time from tcm_appointment
23:07:12.856 [http-nio-8006-exec-28] DEBUG c.r.h.m.T.selectTcmAppointmentList - [debug,135] - ==> Parameters: 
23:07:12.857 [http-nio-8006-exec-28] DEBUG c.r.h.m.T.selectTcmAppointmentList - [debug,135] - <==      Total: 2
23:07:12.857 [http-nio-8006-exec-28] DEBUG c.r.h.m.T.selectTcmConsultationList - [debug,135] - ==>  Preparing: select id, consultation_id, patient_id, practitioner_id, consult_date, status, branch_id, locked_at, version, deleted_at, payload, create_time, update_time from tcm_consultation
23:07:12.858 [http-nio-8006-exec-28] DEBUG c.r.h.m.T.selectTcmConsultationList - [debug,135] - ==> Parameters: 
23:07:12.859 [http-nio-8006-exec-28] DEBUG c.r.h.m.T.selectTcmConsultationList - [debug,135] - <==      Total: 9
23:07:12.860 [http-nio-8006-exec-28] DEBUG c.r.h.m.T.selectTcmInventoryItemList - [debug,135] - ==>  Preparing: select id, name, category, unit, quantity, price_per_unit, min_stock_level, supplier, supplier_id, grams_per_packet, branch_id, is_active, deleted_at, herb_dict_id, payload, create_time, update_time from tcm_inventory_item WHERE deleted_at IS NULL
23:07:12.860 [http-nio-8006-exec-28] DEBUG c.r.h.m.T.selectTcmInventoryItemList - [debug,135] - ==> Parameters: 
23:07:12.862 [http-nio-8006-exec-28] DEBUG c.r.h.m.T.selectTcmInventoryItemList - [debug,135] - <==      Total: 13
23:07:12.862 [http-nio-8006-exec-28] DEBUG c.r.h.m.T.selectTcmBranchList - [debug,135] - ==>  Preparing: select id, name, code, address, phone, email, manager_id, is_active, is_main, room_ids, create_time, update_time from tcm_branch
23:07:12.862 [http-nio-8006-exec-28] DEBUG c.r.h.m.T.selectTcmBranchList - [debug,135] - ==> Parameters: 
23:07:12.863 [http-nio-8006-exec-28] DEBUG c.r.h.m.T.selectTcmBranchList - [debug,135] - <==      Total: 3
23:07:12.865 [http-nio-8006-exec-28] DEBUG c.r.h.m.T.selectAllSettings - [debug,135] - ==>  Preparing: select setting_key, setting_value, update_time from tcm_clinic_setting order by setting_key
23:07:12.865 [http-nio-8006-exec-28] DEBUG c.r.h.m.T.selectAllSettings - [debug,135] - ==> Parameters: 
23:07:12.866 [http-nio-8006-exec-28] DEBUG c.r.h.m.T.selectAllSettings - [debug,135] - <==      Total: 6
23:07:12.866 [http-nio-8006-exec-28] DEBUG c.r.h.m.T.selectTcmRoomList - [debug,135] - ==>  Preparing: select id, name, branch_id, is_active, create_time, update_time from tcm_room
23:07:12.866 [http-nio-8006-exec-28] DEBUG c.r.h.m.T.selectTcmRoomList - [debug,135] - ==> Parameters: 
23:07:12.867 [http-nio-8006-exec-28] DEBUG c.r.h.m.T.selectTcmRoomList - [debug,135] - <==      Total: 3
23:07:12.867 [http-nio-8006-exec-28] DEBUG c.r.h.m.T.selectTcmServiceTypeList - [debug,135] - ==>  Preparing: select service_key, label, duration, practitioner_time, room_required, default_price, update_time from tcm_service_type
23:07:12.867 [http-nio-8006-exec-28] DEBUG c.r.h.m.T.selectTcmServiceTypeList - [debug,135] - ==> Parameters: 
23:07:12.868 [http-nio-8006-exec-28] DEBUG c.r.h.m.T.selectTcmServiceTypeList - [debug,135] - <==      Total: 3
23:07:12.868 [http-nio-8006-exec-28] DEBUG c.r.h.m.T.selectTcmPriceListList - [debug,135] - ==>  Preparing: select id, name, effective_date, is_active, items_json, create_time, update_time from tcm_price_list
23:07:12.868 [http-nio-8006-exec-28] DEBUG c.r.h.m.T.selectTcmPriceListList - [debug,135] - ==> Parameters: 
23:07:12.869 [http-nio-8006-exec-28] DEBUG c.r.h.m.T.selectTcmPriceListList - [debug,135] - <==      Total: 1
23:07:12.869 [http-nio-8006-exec-28] DEBUG c.r.h.m.T.selectTcmEmailLogList - [debug,135] - ==>  Preparing: select id, to_email, subject, email_type, body, sent_at, payload, create_time from tcm_email_log order by id desc
23:07:12.870 [http-nio-8006-exec-28] DEBUG c.r.h.m.T.selectTcmEmailLogList - [debug,135] - ==> Parameters: 
23:07:12.870 [http-nio-8006-exec-28] DEBUG c.r.h.m.T.selectTcmEmailLogList - [debug,135] - <==      Total: 0
23:07:12.870 [http-nio-8006-exec-28] DEBUG c.r.h.m.T.selectTcmFormulaList - [debug,135] - ==>  Preparing: select id, name, category, description, source, is_active, deleted_at, create_time, update_time from tcm_formula WHERE deleted_at IS NULL order by create_time desc
23:07:12.870 [http-nio-8006-exec-28] DEBUG c.r.h.m.T.selectTcmFormulaList - [debug,135] - ==> Parameters: 
23:07:12.872 [http-nio-8006-exec-28] DEBUG c.r.h.m.T.selectTcmFormulaList - [debug,135] - <==      Total: 51
23:07:12.872 [http-nio-8006-exec-28] DEBUG c.r.h.m.T.selectByFormulaId - [debug,135] - ==>  Preparing: select id, formula_id, herb_name, dosage, unit, sort_order, notes, herb_dict_id from tcm_formula_item where formula_id = ? order by sort_order asc
23:07:12.872 [http-nio-8006-exec-28] DEBUG c.r.h.m.T.selectByFormulaId - [debug,135] - ==> Parameters: ecf8c626-94c4-4825-97d3-21c67adf9366(String)
23:07:12.873 [http-nio-8006-exec-28] DEBUG c.r.h.m.T.selectByFormulaId - [debug,135] - <==      Total: 1
23:07:12.873 [http-nio-8006-exec-28] DEBUG c.r.h.m.T.selectByFormulaId - [debug,135] - ==>  Preparing: select id, formula_id, herb_name, dosage, unit, sort_order, notes, herb_dict_id from tcm_formula_item where formula_id = ? order by sort_order asc
23:07:12.873 [http-nio-8006-exec-28] DEBUG c.r.h.m.T.selectByFormulaId - [debug,135] - ==> Parameters: formula-1(String)
23:07:12.874 [http-nio-8006-exec-28] DEBUG c.r.h.m.T.selectByFormulaId - [debug,135] - <==      Total: 4
23:07:12.874 [http-nio-8006-exec-28] DEBUG c.r.h.m.T.selectByFormulaId - [debug,135] - ==>  Preparing: select id, formula_id, herb_name, dosage, unit, sort_order, notes, herb_dict_id from tcm_formula_item where formula_id = ? order by sort_order asc
23:07:12.875 [http-nio-8006-exec-28] DEBUG c.r.h.m.T.selectByFormulaId - [debug,135] - ==> Parameters: formula-10(String)
23:07:12.875 [http-nio-8006-exec-28] DEBUG c.r.h.m.T.selectByFormulaId - [debug,135] - <==      Total: 5
23:07:12.876 [http-nio-8006-exec-28] DEBUG c.r.h.m.T.selectByFormulaId - [debug,135] - ==>  Preparing: select id, formula_id, herb_name, dosage, unit, sort_order, notes, herb_dict_id from tcm_formula_item where formula_id = ? order by sort_order asc
23:07:12.876 [http-nio-8006-exec-28] DEBUG c.r.h.m.T.selectByFormulaId - [debug,135] - ==> Parameters: formula-11(String)
23:07:12.877 [http-nio-8006-exec-28] DEBUG c.r.h.m.T.selectByFormulaId - [debug,135] - <==      Total: 4
23:07:12.878 [http-nio-8006-exec-28] DEBUG c.r.h.m.T.selectByFormulaId - [debug,135] - ==>  Preparing: select id, formula_id, herb_name, dosage, unit, sort_order, notes, herb_dict_id from tcm_formula_item where formula_id = ? order by sort_order asc
23:07:12.878 [http-nio-8006-exec-28] DEBUG c.r.h.m.T.selectByFormulaId - [debug,135] - ==> Parameters: formula-12(String)
23:07:12.878 [http-nio-8006-exec-28] DEBUG c.r.h.m.T.selectByFormulaId - [debug,135] - <==      Total: 0
23:07:12.879 [http-nio-8006-exec-28] DEBUG c.r.h.m.T.selectByFormulaId - [debug,135] - ==>  Preparing: select id, formula_id, herb_name, dosage, unit, sort_order, notes, herb_dict_id from tcm_formula_item where formula_id = ? order by sort_order asc
23:07:12.879 [http-nio-8006-exec-28] DEBUG c.r.h.m.T.selectByFormulaId - [debug,135] - ==> Parameters: formula-13(String)
23:07:12.879 [http-nio-8006-exec-28] DEBUG c.r.h.m.T.selectByFormulaId - [debug,135] - <==      Total: 0
23:07:12.880 [http-nio-8006-exec-28] DEBUG c.r.h.m.T.selectByFormulaId - [debug,135] - ==>  Preparing: select id, formula_id, herb_name, dosage, unit, sort_order, notes, herb_dict_id from tcm_formula_item where formula_id = ? order by sort_order asc
23:07:12.880 [http-nio-8006-exec-28] DEBUG c.r.h.m.T.selectByFormulaId - [debug,135] - ==> Parameters: formula-14(String)
23:07:12.880 [http-nio-8006-exec-28] DEBUG c.r.h.m.T.selectByFormulaId - [debug,135] - <==      Total: 0
23:07:12.881 [http-nio-8006-exec-28] DEBUG c.r.h.m.T.selectByFormulaId - [debug,135] - ==>  Preparing: select id, formula_id, herb_name, dosage, unit, sort_order, notes, herb_dict_id from tcm_formula_item where formula_id = ? order by sort_order asc
23:07:12.881 [http-nio-8006-exec-28] DEBUG c.r.h.m.T.selectByFormulaId - [debug,135] - ==> Parameters: formula-15(String)
23:07:12.882 [http-nio-8006-exec-28] DEBUG c.r.h.m.T.selectByFormulaId - [debug,135] - <==      Total: 7
23:07:12.882 [http-nio-8006-exec-28] DEBUG c.r.h.m.T.selectByFormulaId - [debug,135] - ==>  Preparing: select id, formula_id, herb_name, dosage, unit, sort_order, notes, herb_dict_id from tcm_formula_item where formula_id = ? order by sort_order asc
23:07:12.882 [http-nio-8006-exec-28] DEBUG c.r.h.m.T.selectByFormulaId - [debug,135] - ==> Parameters: formula-16(String)
23:07:12.883 [http-nio-8006-exec-28] DEBUG c.r.h.m.T.selectByFormulaId - [debug,135] - <==      Total: 0
23:07:12.883 [http-nio-8006-exec-28] DEBUG c.r.h.m.T.selectByFormulaId - [debug,135] - ==>  Preparing: select id, formula_id, herb_name, dosage, unit, sort_order, notes, herb_dict_id from tcm_formula_item where formula_id = ? order by sort_order asc
23:07:12.884 [http-nio-8006-exec-28] DEBUG c.r.h.m.T.selectByFormulaId - [debug,135] - ==> Parameters: formula-17(String)
23:07:12.884 [http-nio-8006-exec-28] DEBUG c.r.h.m.T.selectByFormulaId - [debug,135] - <==      Total: 4
23:07:12.885 [http-nio-8006-exec-28] DEBUG c.r.h.m.T.selectByFormulaId - [debug,135] - ==>  Preparing: select id, formula_id, herb_name, dosage, unit, sort_order, notes, herb_dict_id from tcm_formula_item where formula_id = ? order by sort_order asc
23:07:12.885 [http-nio-8006-exec-28] DEBUG c.r.h.m.T.selectByFormulaId - [debug,135] - ==> Parameters: formula-18(String)
23:07:12.885 [http-nio-8006-exec-28] DEBUG c.r.h.m.T.selectByFormulaId - [debug,135] - <==      Total: 3
23:07:12.885 [http-nio-8006-exec-28] DEBUG c.r.h.m.T.selectByFormulaId - [debug,135] - ==>  Preparing: select id, formula_id, herb_name, dosage, unit, sort_order, notes, herb_dict_id from tcm_formula_item where formula_id = ? order by sort_order asc
23:07:12.885 [http-nio-8006-exec-28] DEBUG c.r.h.m.T.selectByFormulaId - [debug,135] - ==> Parameters: formula-19(String)
23:07:12.886 [http-nio-8006-exec-28] DEBUG c.r.h.m.T.selectByFormulaId - [debug,135] - <==      Total: 0
23:07:12.886 [http-nio-8006-exec-28] DEBUG c.r.h.m.T.selectByFormulaId - [debug,135] - ==>  Preparing: select id, formula_id, herb_name, dosage, unit, sort_order, notes, herb_dict_id from tcm_formula_item where formula_id = ? order by sort_order asc
23:07:12.886 [http-nio-8006-exec-28] DEBUG c.r.h.m.T.selectByFormulaId - [debug,135] - ==> Parameters: formula-2(String)
23:07:12.887 [http-nio-8006-exec-28] DEBUG c.r.h.m.T.selectByFormulaId - [debug,135] - <==      Total: 6
23:07:12.887 [http-nio-8006-exec-28] DEBUG c.r.h.m.T.selectByFormulaId - [debug,135] - ==>  Preparing: select id, formula_id, herb_name, dosage, unit, sort_order, notes, herb_dict_id from tcm_formula_item where formula_id = ? order by sort_order asc
23:07:12.887 [http-nio-8006-exec-28] DEBUG c.r.h.m.T.selectByFormulaId - [debug,135] - ==> Parameters: formula-20(String)
23:07:12.888 [http-nio-8006-exec-28] DEBUG c.r.h.m.T.selectByFormulaId - [debug,135] - <==      Total: 0
23:07:12.888 [http-nio-8006-exec-28] DEBUG c.r.h.m.T.selectByFormulaId - [debug,135] - ==>  Preparing: select id, formula_id, herb_name, dosage, unit, sort_order, notes, herb_dict_id from tcm_formula_item where formula_id = ? order by sort_order asc
23:07:12.888 [http-nio-8006-exec-28] DEBUG c.r.h.m.T.selectByFormulaId - [debug,135] - ==> Parameters: formula-21(String)
23:07:12.889 [http-nio-8006-exec-28] DEBUG c.r.h.m.T.selectByFormulaId - [debug,135] - <==      Total: 4
23:07:12.890 [http-nio-8006-exec-28] DEBUG c.r.h.m.T.selectByFormulaId - [debug,135] - ==>  Preparing: select id, formula_id, herb_name, dosage, unit, sort_order, notes, herb_dict_id from tcm_formula_item where formula_id = ? order by sort_order asc
23:07:12.890 [http-nio-8006-exec-28] DEBUG c.r.h.m.T.selectByFormulaId - [debug,135] - ==> Parameters: formula-22(String)
23:07:12.891 [http-nio-8006-exec-28] DEBUG c.r.h.m.T.selectByFormulaId - [debug,135] - <==      Total: 0
23:07:12.892 [http-nio-8006-exec-28] DEBUG c.r.h.m.T.selectByFormulaId - [debug,135] - ==>  Preparing: select id, formula_id, herb_name, dosage, unit, sort_order, notes, herb_dict_id from tcm_formula_item where formula_id = ? order by sort_order asc
23:07:12.892 [http-nio-8006-exec-28] DEBUG c.r.h.m.T.selectByFormulaId - [debug,135] - ==> Parameters: formula-23(String)
23:07:12.892 [http-nio-8006-exec-28] DEBUG c.r.h.m.T.selectByFormulaId - [debug,135] - <==      Total: 0
23:07:12.893 [http-nio-8006-exec-28] DEBUG c.r.h.m.T.selectByFormulaId - [debug,135] - ==>  Preparing: select id, formula_id, herb_name, dosage, unit, sort_order, notes, herb_dict_id from tcm_formula_item where formula_id = ? order by sort_order asc
23:07:12.893 [http-nio-8006-exec-28] DEBUG c.r.h.m.T.selectByFormulaId - [debug,135] - ==> Parameters: formula-24(String)
23:07:12.893 [http-nio-8006-exec-28] DEBUG c.r.h.m.T.selectByFormulaId - [debug,135] - <==      Total: 5
23:07:12.894 [http-nio-8006-exec-28] DEBUG c.r.h.m.T.selectByFormulaId - [debug,135] - ==>  Preparing: select id, formula_id, herb_name, dosage, unit, sort_order, notes, herb_dict_id from tcm_formula_item where formula_id = ? order by sort_order asc
23:07:12.894 [http-nio-8006-exec-28] DEBUG c.r.h.m.T.selectByFormulaId - [debug,135] - ==> Parameters: formula-25(String)
23:07:12.894 [http-nio-8006-exec-28] DEBUG c.r.h.m.T.selectByFormulaId - [debug,135] - <==      Total: 0
23:07:12.895 [http-nio-8006-exec-28] DEBUG c.r.h.m.T.selectByFormulaId - [debug,135] - ==>  Preparing: select id, formula_id, herb_name, dosage, unit, sort_order, notes, herb_dict_id from tcm_formula_item where formula_id = ? order by sort_order asc
23:07:12.895 [http-nio-8006-exec-28] DEBUG c.r.h.m.T.selectByFormulaId - [debug,135] - ==> Parameters: formula-26(String)
23:07:12.895 [http-nio-8006-exec-28] DEBUG c.r.h.m.T.selectByFormulaId - [debug,135] - <==      Total: 0
23:07:12.896 [http-nio-8006-exec-28] DEBUG c.r.h.m.T.selectByFormulaId - [debug,135] - ==>  Preparing: select id, formula_id, herb_name, dosage, unit, sort_order, notes, herb_dict_id from tcm_formula_item where formula_id = ? order by sort_order asc
23:07:12.896 [http-nio-8006-exec-28] DEBUG c.r.h.m.T.selectByFormulaId - [debug,135] - ==> Parameters: formula-27(String)
23:07:12.896 [http-nio-8006-exec-28] DEBUG c.r.h.m.T.selectByFormulaId - [debug,135] - <==      Total: 0
23:07:12.897 [http-nio-8006-exec-28] DEBUG c.r.h.m.T.selectByFormulaId - [debug,135] - ==>  Preparing: select id, formula_id, herb_name, dosage, unit, sort_order, notes, herb_dict_id from tcm_formula_item where formula_id = ? order by sort_order asc
23:07:12.897 [http-nio-8006-exec-28] DEBUG c.r.h.m.T.selectByFormulaId - [debug,135] - ==> Parameters: formula-28(String)
23:07:12.897 [http-nio-8006-exec-28] DEBUG c.r.h.m.T.selectByFormulaId - [debug,135] - <==      Total: 0
23:07:12.898 [http-nio-8006-exec-28] DEBUG c.r.h.m.T.selectByFormulaId - [debug,135] - ==>  Preparing: select id, formula_id, herb_name, dosage, unit, sort_order, notes, herb_dict_id from tcm_formula_item where formula_id = ? order by sort_order asc
23:07:12.898 [http-nio-8006-exec-28] DEBUG c.r.h.m.T.selectByFormulaId - [debug,135] - ==> Parameters: formula-29(String)
23:07:12.899 [http-nio-8006-exec-28] DEBUG c.r.h.m.T.selectByFormulaId - [debug,135] - <==      Total: 8
23:07:12.899 [http-nio-8006-exec-28] DEBUG c.r.h.m.T.selectByFormulaId - [debug,135] - ==>  Preparing: select id, formula_id, herb_name, dosage, unit, sort_order, notes, herb_dict_id from tcm_formula_item where formula_id = ? order by sort_order asc
23:07:12.900 [http-nio-8006-exec-28] DEBUG c.r.h.m.T.selectByFormulaId - [debug,135] - ==> Parameters: formula-3(String)
23:07:12.900 [http-nio-8006-exec-28] DEBUG c.r.h.m.T.selectByFormulaId - [debug,135] - <==      Total: 8
23:07:12.900 [http-nio-8006-exec-28] DEBUG c.r.h.m.T.selectByFormulaId - [debug,135] - ==>  Preparing: select id, formula_id, herb_name, dosage, unit, sort_order, notes, herb_dict_id from tcm_formula_item where formula_id = ? order by sort_order asc
23:07:12.900 [http-nio-8006-exec-28] DEBUG c.r.h.m.T.selectByFormulaId - [debug,135] - ==> Parameters: formula-30(String)
23:07:12.901 [http-nio-8006-exec-28] DEBUG c.r.h.m.T.selectByFormulaId - [debug,135] - <==      Total: 0
23:07:12.901 [http-nio-8006-exec-28] DEBUG c.r.h.m.T.selectByFormulaId - [debug,135] - ==>  Preparing: select id, formula_id, herb_name, dosage, unit, sort_order, notes, herb_dict_id from tcm_formula_item where formula_id = ? order by sort_order asc
23:07:12.901 [http-nio-8006-exec-28] DEBUG c.r.h.m.T.selectByFormulaId - [debug,135] - ==> Parameters: formula-31(String)
23:07:12.902 [http-nio-8006-exec-28] DEBUG c.r.h.m.T.selectByFormulaId - [debug,135] - <==      Total: 5
23:07:12.902 [http-nio-8006-exec-28] DEBUG c.r.h.m.T.selectByFormulaId - [debug,135] - ==>  Preparing: select id, formula_id, herb_name, dosage, unit, sort_order, notes, herb_dict_id from tcm_formula_item where formula_id = ? order by sort_order asc
23:07:12.902 [http-nio-8006-exec-28] DEBUG c.r.h.m.T.selectByFormulaId - [debug,135] - ==> Parameters: formula-32(String)
23:07:12.903 [http-nio-8006-exec-28] DEBUG c.r.h.m.T.selectByFormulaId - [debug,135] - <==      Total: 0
23:07:12.903 [http-nio-8006-exec-28] DEBUG c.r.h.m.T.selectByFormulaId - [debug,135] - ==>  Preparing: select id, formula_id, herb_name, dosage, unit, sort_order, notes, herb_dict_id from tcm_formula_item where formula_id = ? order by sort_order asc
23:07:12.903 [http-nio-8006-exec-28] DEBUG c.r.h.m.T.selectByFormulaId - [debug,135] - ==> Parameters: formula-33(String)
23:07:12.904 [http-nio-8006-exec-28] DEBUG c.r.h.m.T.selectByFormulaId - [debug,135] - <==      Total: 3
23:07:12.904 [http-nio-8006-exec-28] DEBUG c.r.h.m.T.selectByFormulaId - [debug,135] - ==>  Preparing: select id, formula_id, herb_name, dosage, unit, sort_order, notes, herb_dict_id from tcm_formula_item where formula_id = ? order by sort_order asc
23:07:12.904 [http-nio-8006-exec-28] DEBUG c.r.h.m.T.selectByFormulaId - [debug,135] - ==> Parameters: formula-34(String)
23:07:12.905 [http-nio-8006-exec-28] DEBUG c.r.h.m.T.selectByFormulaId - [debug,135] - <==      Total: 3
23:07:12.906 [http-nio-8006-exec-28] DEBUG c.r.h.m.T.selectByFormulaId - [debug,135] - ==>  Preparing: select id, formula_id, herb_name, dosage, unit, sort_order, notes, herb_dict_id from tcm_formula_item where formula_id = ? order by sort_order asc
23:07:12.906 [http-nio-8006-exec-28] DEBUG c.r.h.m.T.selectByFormulaId - [debug,135] - ==> Parameters: formula-35(String)
23:07:12.907 [http-nio-8006-exec-28] DEBUG c.r.h.m.T.selectByFormulaId - [debug,135] - <==      Total: 4
23:07:12.907 [http-nio-8006-exec-28] DEBUG c.r.h.m.T.selectByFormulaId - [debug,135] - ==>  Preparing: select id, formula_id, herb_name, dosage, unit, sort_order, notes, herb_dict_id from tcm_formula_item where formula_id = ? order by sort_order asc
23:07:12.907 [http-nio-8006-exec-28] DEBUG c.r.h.m.T.selectByFormulaId - [debug,135] - ==> Parameters: formula-36(String)
23:07:12.908 [http-nio-8006-exec-28] DEBUG c.r.h.m.T.selectByFormulaId - [debug,135] - <==      Total: 0
23:07:12.908 [http-nio-8006-exec-28] DEBUG c.r.h.m.T.selectByFormulaId - [debug,135] - ==>  Preparing: select id, formula_id, herb_name, dosage, unit, sort_order, notes, herb_dict_id from tcm_formula_item where formula_id = ? order by sort_order asc
23:07:12.908 [http-nio-8006-exec-28] DEBUG c.r.h.m.T.selectByFormulaId - [debug,135] - ==> Parameters: formula-37(String)
23:07:12.909 [http-nio-8006-exec-28] DEBUG c.r.h.m.T.selectByFormulaId - [debug,135] - <==      Total: 6
23:07:12.909 [http-nio-8006-exec-28] DEBUG c.r.h.m.T.selectByFormulaId - [debug,135] - ==>  Preparing: select id, formula_id, herb_name, dosage, unit, sort_order, notes, herb_dict_id from tcm_formula_item where formula_id = ? order by sort_order asc
23:07:12.909 [http-nio-8006-exec-28] DEBUG c.r.h.m.T.selectByFormulaId - [debug,135] - ==> Parameters: formula-38(String)
23:07:12.910 [http-nio-8006-exec-28] DEBUG c.r.h.m.T.selectByFormulaId - [debug,135] - <==      Total: 0
23:07:12.910 [http-nio-8006-exec-28] DEBUG c.r.h.m.T.selectByFormulaId - [debug,135] - ==>  Preparing: select id, formula_id, herb_name, dosage, unit, sort_order, notes, herb_dict_id from tcm_formula_item where formula_id = ? order by sort_order asc
23:07:12.910 [http-nio-8006-exec-28] DEBUG c.r.h.m.T.selectByFormulaId - [debug,135] - ==> Parameters: formula-39(String)
23:07:12.911 [http-nio-8006-exec-28] DEBUG c.r.h.m.T.selectByFormulaId - [debug,135] - <==      Total: 0
23:07:12.911 [http-nio-8006-exec-28] DEBUG c.r.h.m.T.selectByFormulaId - [debug,135] - ==>  Preparing: select id, formula_id, herb_name, dosage, unit, sort_order, notes, herb_dict_id from tcm_formula_item where formula_id = ? order by sort_order asc
23:07:12.911 [http-nio-8006-exec-28] DEBUG c.r.h.m.T.selectByFormulaId - [debug,135] - ==> Parameters: formula-4(String)
23:07:12.912 [http-nio-8006-exec-28] DEBUG c.r.h.m.T.selectByFormulaId - [debug,135] - <==      Total: 8
23:07:12.912 [http-nio-8006-exec-28] DEBUG c.r.h.m.T.selectByFormulaId - [debug,135] - ==>  Preparing: select id, formula_id, herb_name, dosage, unit, sort_order, notes, herb_dict_id from tcm_formula_item where formula_id = ? order by sort_order asc
23:07:12.913 [http-nio-8006-exec-28] DEBUG c.r.h.m.T.selectByFormulaId - [debug,135] - ==> Parameters: formula-40(String)
23:07:12.913 [http-nio-8006-exec-28] DEBUG c.r.h.m.T.selectByFormulaId - [debug,135] - <==      Total: 0
23:07:12.914 [http-nio-8006-exec-28] DEBUG c.r.h.m.T.selectByFormulaId - [debug,135] - ==>  Preparing: select id, formula_id, herb_name, dosage, unit, sort_order, notes, herb_dict_id from tcm_formula_item where formula_id = ? order by sort_order asc
23:07:12.914 [http-nio-8006-exec-28] DEBUG c.r.h.m.T.selectByFormulaId - [debug,135] - ==> Parameters: formula-41(String)
23:07:12.914 [http-nio-8006-exec-28] DEBUG c.r.h.m.T.selectByFormulaId - [debug,135] - <==      Total: 0
23:07:12.914 [http-nio-8006-exec-28] DEBUG c.r.h.m.T.selectByFormulaId - [debug,135] - ==>  Preparing: select id, formula_id, herb_name, dosage, unit, sort_order, notes, herb_dict_id from tcm_formula_item where formula_id = ? order by sort_order asc
23:07:12.915 [http-nio-8006-exec-28] DEBUG c.r.h.m.T.selectByFormulaId - [debug,135] - ==> Parameters: formula-42(String)
23:07:12.915 [http-nio-8006-exec-28] DEBUG c.r.h.m.T.selectByFormulaId - [debug,135] - <==      Total: 0
23:07:12.915 [http-nio-8006-exec-28] DEBUG c.r.h.m.T.selectByFormulaId - [debug,135] - ==>  Preparing: select id, formula_id, herb_name, dosage, unit, sort_order, notes, herb_dict_id from tcm_formula_item where formula_id = ? order by sort_order asc
23:07:12.916 [http-nio-8006-exec-28] DEBUG c.r.h.m.T.selectByFormulaId - [debug,135] - ==> Parameters: formula-43(String)
23:07:12.917 [http-nio-8006-exec-28] DEBUG c.r.h.m.T.selectByFormulaId - [debug,135] - <==      Total: 0
23:07:12.917 [http-nio-8006-exec-28] DEBUG c.r.h.m.T.selectByFormulaId - [debug,135] - ==>  Preparing: select id, formula_id, herb_name, dosage, unit, sort_order, notes, herb_dict_id from tcm_formula_item where formula_id = ? order by sort_order asc
23:07:12.917 [http-nio-8006-exec-28] DEBUG c.r.h.m.T.selectByFormulaId - [debug,135] - ==> Parameters: formula-44(String)
23:07:12.918 [http-nio-8006-exec-28] DEBUG c.r.h.m.T.selectByFormulaId - [debug,135] - <==      Total: 0
23:07:12.918 [http-nio-8006-exec-28] DEBUG c.r.h.m.T.selectByFormulaId - [debug,135] - ==>  Preparing: select id, formula_id, herb_name, dosage, unit, sort_order, notes, herb_dict_id from tcm_formula_item where formula_id = ? order by sort_order asc
23:07:12.918 [http-nio-8006-exec-28] DEBUG c.r.h.m.T.selectByFormulaId - [debug,135] - ==> Parameters: formula-45(String)
23:07:12.919 [http-nio-8006-exec-28] DEBUG c.r.h.m.T.selectByFormulaId - [debug,135] - <==      Total: 0
23:07:12.919 [http-nio-8006-exec-28] DEBUG c.r.h.m.T.selectByFormulaId - [debug,135] - ==>  Preparing: select id, formula_id, herb_name, dosage, unit, sort_order, notes, herb_dict_id from tcm_formula_item where formula_id = ? order by sort_order asc
23:07:12.919 [http-nio-8006-exec-28] DEBUG c.r.h.m.T.selectByFormulaId - [debug,135] - ==> Parameters: formula-46(String)
23:07:12.920 [http-nio-8006-exec-28] DEBUG c.r.h.m.T.selectByFormulaId - [debug,135] - <==      Total: 0
23:07:12.920 [http-nio-8006-exec-28] DEBUG c.r.h.m.T.selectByFormulaId - [debug,135] - ==>  Preparing: select id, formula_id, herb_name, dosage, unit, sort_order, notes, herb_dict_id from tcm_formula_item where formula_id = ? order by sort_order asc
23:07:12.920 [http-nio-8006-exec-28] DEBUG c.r.h.m.T.selectByFormulaId - [debug,135] - ==> Parameters: formula-47(String)
23:07:12.921 [http-nio-8006-exec-28] DEBUG c.r.h.m.T.selectByFormulaId - [debug,135] - <==      Total: 0
23:07:12.921 [http-nio-8006-exec-28] DEBUG c.r.h.m.T.selectByFormulaId - [debug,135] - ==>  Preparing: select id, formula_id, herb_name, dosage, unit, sort_order, notes, herb_dict_id from tcm_formula_item where formula_id = ? order by sort_order asc
23:07:12.922 [http-nio-8006-exec-28] DEBUG c.r.h.m.T.selectByFormulaId - [debug,135] - ==> Parameters: formula-48(String)
23:07:12.922 [http-nio-8006-exec-28] DEBUG c.r.h.m.T.selectByFormulaId - [debug,135] - <==      Total: 0
23:07:12.923 [http-nio-8006-exec-28] DEBUG c.r.h.m.T.selectByFormulaId - [debug,135] - ==>  Preparing: select id, formula_id, herb_name, dosage, unit, sort_order, notes, herb_dict_id from tcm_formula_item where formula_id = ? order by sort_order asc
23:07:12.923 [http-nio-8006-exec-28] DEBUG c.r.h.m.T.selectByFormulaId - [debug,135] - ==> Parameters: formula-49(String)
23:07:12.923 [http-nio-8006-exec-28] DEBUG c.r.h.m.T.selectByFormulaId - [debug,135] - <==      Total: 0
23:07:12.924 [http-nio-8006-exec-28] DEBUG c.r.h.m.T.selectByFormulaId - [debug,135] - ==>  Preparing: select id, formula_id, herb_name, dosage, unit, sort_order, notes, herb_dict_id from tcm_formula_item where formula_id = ? order by sort_order asc
23:07:12.924 [http-nio-8006-exec-28] DEBUG c.r.h.m.T.selectByFormulaId - [debug,135] - ==> Parameters: formula-5(String)
23:07:12.924 [http-nio-8006-exec-28] DEBUG c.r.h.m.T.selectByFormulaId - [debug,135] - <==      Total: 8
23:07:12.925 [http-nio-8006-exec-28] DEBUG c.r.h.m.T.selectByFormulaId - [debug,135] - ==>  Preparing: select id, formula_id, herb_name, dosage, unit, sort_order, notes, herb_dict_id from tcm_formula_item where formula_id = ? order by sort_order asc
23:07:12.925 [http-nio-8006-exec-28] DEBUG c.r.h.m.T.selectByFormulaId - [debug,135] - ==> Parameters: formula-50(String)
23:07:12.925 [http-nio-8006-exec-28] DEBUG c.r.h.m.T.selectByFormulaId - [debug,135] - <==      Total: 7
23:07:12.926 [http-nio-8006-exec-28] DEBUG c.r.h.m.T.selectByFormulaId - [debug,135] - ==>  Preparing: select id, formula_id, herb_name, dosage, unit, sort_order, notes, herb_dict_id from tcm_formula_item where formula_id = ? order by sort_order asc
23:07:12.926 [http-nio-8006-exec-28] DEBUG c.r.h.m.T.selectByFormulaId - [debug,135] - ==> Parameters: formula-6(String)
23:07:12.927 [http-nio-8006-exec-28] DEBUG c.r.h.m.T.selectByFormulaId - [debug,135] - <==      Total: 7
23:07:12.927 [http-nio-8006-exec-28] DEBUG c.r.h.m.T.selectByFormulaId - [debug,135] - ==>  Preparing: select id, formula_id, herb_name, dosage, unit, sort_order, notes, herb_dict_id from tcm_formula_item where formula_id = ? order by sort_order asc
23:07:12.927 [http-nio-8006-exec-28] DEBUG c.r.h.m.T.selectByFormulaId - [debug,135] - ==> Parameters: formula-7(String)
23:07:12.927 [http-nio-8006-exec-28] DEBUG c.r.h.m.T.selectByFormulaId - [debug,135] - <==      Total: 5
23:07:12.928 [http-nio-8006-exec-28] DEBUG c.r.h.m.T.selectByFormulaId - [debug,135] - ==>  Preparing: select id, formula_id, herb_name, dosage, unit, sort_order, notes, herb_dict_id from tcm_formula_item where formula_id = ? order by sort_order asc
23:07:12.928 [http-nio-8006-exec-28] DEBUG c.r.h.m.T.selectByFormulaId - [debug,135] - ==> Parameters: formula-8(String)
23:07:12.930 [http-nio-8006-exec-28] DEBUG c.r.h.m.T.selectByFormulaId - [debug,135] - <==      Total: 8
23:07:12.930 [http-nio-8006-exec-28] DEBUG c.r.h.m.T.selectByFormulaId - [debug,135] - ==>  Preparing: select id, formula_id, herb_name, dosage, unit, sort_order, notes, herb_dict_id from tcm_formula_item where formula_id = ? order by sort_order asc
23:07:12.930 [http-nio-8006-exec-28] DEBUG c.r.h.m.T.selectByFormulaId - [debug,135] - ==> Parameters: formula-9(String)
23:07:12.931 [http-nio-8006-exec-28] DEBUG c.r.h.m.T.selectByFormulaId - [debug,135] - <==      Total: 4
23:07:12.932 [http-nio-8006-exec-28] DEBUG c.r.h.m.T.selectTcmSupplierList - [debug,135] - ==>  Preparing: select id, name, contact_person, phone, email, address, notes, is_active, deleted_at, create_time, update_time from tcm_supplier WHERE deleted_at IS NULL order by create_time desc
23:07:12.932 [http-nio-8006-exec-28] DEBUG c.r.h.m.T.selectTcmSupplierList - [debug,135] - ==> Parameters: 
23:07:12.933 [http-nio-8006-exec-28] DEBUG c.r.h.m.T.selectTcmSupplierList - [debug,135] - <==      Total: 4
23:07:12.933 [http-nio-8006-exec-28] DEBUG c.r.h.m.T.selectTcmAcupointList - [debug,135] - ==>  Preparing: select id, name, pinyin, english_name, meridian, location, indication, method, notes, is_active, deleted_at, create_time, update_time from tcm_acupoint WHERE deleted_at IS NULL order by name asc
23:07:12.933 [http-nio-8006-exec-28] DEBUG c.r.h.m.T.selectTcmAcupointList - [debug,135] - ==> Parameters: 
23:07:12.937 [http-nio-8006-exec-28] DEBUG c.r.h.m.T.selectTcmAcupointList - [debug,135] - <==      Total: 100
23:07:12.938 [http-nio-8006-exec-28] DEBUG c.r.h.m.T.selectAll - [debug,135] - ==>  Preparing: select id, from_unit, to_unit, factor, notes, create_time from tcm_unit_conversion order by from_unit, to_unit
23:07:12.938 [http-nio-8006-exec-28] DEBUG c.r.h.m.T.selectAll - [debug,135] - ==> Parameters: 
23:07:12.939 [http-nio-8006-exec-28] DEBUG c.r.h.m.T.selectAll - [debug,135] - <==      Total: 16
23:07:12.939 [http-nio-8006-exec-28] DEBUG c.r.h.m.T.selectTcmHerbDictList - [debug,135] - ==>  Preparing: select id, name, alias, pinyin, category, nature, taste, meridian_tropism, efficacy, indication, dosage_range, contraindication, notes, is_active, deleted_at, create_time, update_time from tcm_herb_dict WHERE deleted_at IS NULL order by category asc, name asc
23:07:12.940 [http-nio-8006-exec-28] DEBUG c.r.h.m.T.selectTcmHerbDictList - [debug,135] - ==> Parameters: 
23:07:12.942 [http-nio-8006-exec-28] DEBUG c.r.h.m.T.selectTcmHerbDictList - [debug,135] - <==      Total: 80
23:07:12.942 [http-nio-8006-exec-28] DEBUG c.r.h.m.T.selectTcmMeridianList - [debug,135] - ==>  Preparing: select id, name, english_name, abbr, category, organ, pathway, acupoint_count, indication, notes, is_active, deleted_at, create_time, update_time from tcm_meridian WHERE deleted_at IS NULL order by id asc
23:07:12.943 [http-nio-8006-exec-28] DEBUG c.r.h.m.T.selectTcmMeridianList - [debug,135] - ==> Parameters: 
23:07:12.944 [http-nio-8006-exec-28] DEBUG c.r.h.m.T.selectTcmMeridianList - [debug,135] - <==      Total: 14
23:07:12.944 [http-nio-8006-exec-28] DEBUG c.r.h.m.T.selectTcmTreatmentTemplateList - [debug,135] - ==>  Preparing: select id, name, disease, category, description, acupoints_json, formula_ids, advice, notes, is_active, deleted_at, create_time, update_time from tcm_treatment_template WHERE deleted_at IS NULL order by category asc, name asc
23:07:12.945 [http-nio-8006-exec-28] DEBUG c.r.h.m.T.selectTcmTreatmentTemplateList - [debug,135] - ==> Parameters: 
23:07:12.946 [http-nio-8006-exec-28] DEBUG c.r.h.m.T.selectTcmTreatmentTemplateList - [debug,135] - <==      Total: 10
23:07:12.960 [http-nio-8006-exec-29] DEBUG c.r.s.m.S.selectUserList - [debug,135] - ==>  Preparing: select u.user_id, u.dept_id, u.nick_name, u.user_name, u.email, u.avatar, u.phonenumber, u.sex, u.status, u.del_flag, u.login_ip, u.login_date, u.create_by, u.create_time, u.remark, d.dept_name, d.leader from sys_user u left join sys_dept d on u.dept_id = d.dept_id where u.del_flag = '0'
23:07:12.961 [http-nio-8006-exec-29] DEBUG c.r.s.m.S.selectUserList - [debug,135] - ==> Parameters: 
23:07:12.962 [http-nio-8006-exec-29] DEBUG c.r.s.m.S.selectUserList - [debug,135] - <==      Total: 8
23:07:12.963 [http-nio-8006-exec-29] DEBUG c.r.s.m.S.selectUserById - [debug,135] - ==>  Preparing: select u.user_id, u.dept_id, u.user_name, u.nick_name, u.email, u.avatar, u.phonenumber, u.password, u.sex, u.status, u.del_flag, u.login_ip, u.login_date, u.pwd_update_date, u.create_by, u.create_time, u.remark, d.dept_id, d.parent_id, d.ancestors, d.dept_name, d.order_num, d.leader, d.status as dept_status, r.role_id, r.role_name, r.role_key, r.role_sort, r.data_scope, r.status as role_status from sys_user u left join sys_dept d on u.dept_id = d.dept_id left join sys_user_role ur on u.user_id = ur.user_id left join sys_role r on r.role_id = ur.role_id where u.user_id = ? and u.del_flag = '0'
23:07:12.963 [http-nio-8006-exec-29] DEBUG c.r.s.m.S.selectUserById - [debug,135] - ==> Parameters: 1(Long)
23:07:12.965 [http-nio-8006-exec-29] DEBUG c.r.s.m.S.selectUserById - [debug,135] - <==      Total: 1
23:07:12.965 [http-nio-8006-exec-29] DEBUG c.r.s.m.S.selectUserById - [debug,135] - ==>  Preparing: select u.user_id, u.dept_id, u.user_name, u.nick_name, u.email, u.avatar, u.phonenumber, u.password, u.sex, u.status, u.del_flag, u.login_ip, u.login_date, u.pwd_update_date, u.create_by, u.create_time, u.remark, d.dept_id, d.parent_id, d.ancestors, d.dept_name, d.order_num, d.leader, d.status as dept_status, r.role_id, r.role_name, r.role_key, r.role_sort, r.data_scope, r.status as role_status from sys_user u left join sys_dept d on u.dept_id = d.dept_id left join sys_user_role ur on u.user_id = ur.user_id left join sys_role r on r.role_id = ur.role_id where u.user_id = ? and u.del_flag = '0'
23:07:12.966 [http-nio-8006-exec-29] DEBUG c.r.s.m.S.selectUserById - [debug,135] - ==> Parameters: 2(Long)
23:07:12.967 [http-nio-8006-exec-29] DEBUG c.r.s.m.S.selectUserById - [debug,135] - <==      Total: 1
23:07:12.967 [http-nio-8006-exec-29] DEBUG c.r.s.m.S.selectUserById - [debug,135] - ==>  Preparing: select u.user_id, u.dept_id, u.user_name, u.nick_name, u.email, u.avatar, u.phonenumber, u.password, u.sex, u.status, u.del_flag, u.login_ip, u.login_date, u.pwd_update_date, u.create_by, u.create_time, u.remark, d.dept_id, d.parent_id, d.ancestors, d.dept_name, d.order_num, d.leader, d.status as dept_status, r.role_id, r.role_name, r.role_key, r.role_sort, r.data_scope, r.status as role_status from sys_user u left join sys_dept d on u.dept_id = d.dept_id left join sys_user_role ur on u.user_id = ur.user_id left join sys_role r on r.role_id = ur.role_id where u.user_id = ? and u.del_flag = '0'
23:07:12.967 [http-nio-8006-exec-29] DEBUG c.r.s.m.S.selectUserById - [debug,135] - ==> Parameters: 100(Long)
23:07:12.968 [http-nio-8006-exec-29] DEBUG c.r.s.m.S.selectUserById - [debug,135] - <==      Total: 1
23:07:12.969 [http-nio-8006-exec-29] DEBUG c.r.s.m.S.selectUserById - [debug,135] - ==>  Preparing: select u.user_id, u.dept_id, u.user_name, u.nick_name, u.email, u.avatar, u.phonenumber, u.password, u.sex, u.status, u.del_flag, u.login_ip, u.login_date, u.pwd_update_date, u.create_by, u.create_time, u.remark, d.dept_id, d.parent_id, d.ancestors, d.dept_name, d.order_num, d.leader, d.status as dept_status, r.role_id, r.role_name, r.role_key, r.role_sort, r.data_scope, r.status as role_status from sys_user u left join sys_dept d on u.dept_id = d.dept_id left join sys_user_role ur on u.user_id = ur.user_id left join sys_role r on r.role_id = ur.role_id where u.user_id = ? and u.del_flag = '0'
23:07:12.969 [http-nio-8006-exec-29] DEBUG c.r.s.m.S.selectUserById - [debug,135] - ==> Parameters: 101(Long)
23:07:12.970 [http-nio-8006-exec-29] DEBUG c.r.s.m.S.selectUserById - [debug,135] - <==      Total: 1
23:07:12.970 [http-nio-8006-exec-29] DEBUG c.r.s.m.S.selectUserById - [debug,135] - ==>  Preparing: select u.user_id, u.dept_id, u.user_name, u.nick_name, u.email, u.avatar, u.phonenumber, u.password, u.sex, u.status, u.del_flag, u.login_ip, u.login_date, u.pwd_update_date, u.create_by, u.create_time, u.remark, d.dept_id, d.parent_id, d.ancestors, d.dept_name, d.order_num, d.leader, d.status as dept_status, r.role_id, r.role_name, r.role_key, r.role_sort, r.data_scope, r.status as role_status from sys_user u left join sys_dept d on u.dept_id = d.dept_id left join sys_user_role ur on u.user_id = ur.user_id left join sys_role r on r.role_id = ur.role_id where u.user_id = ? and u.del_flag = '0'
23:07:12.971 [http-nio-8006-exec-29] DEBUG c.r.s.m.S.selectUserById - [debug,135] - ==> Parameters: 102(Long)
23:07:12.972 [http-nio-8006-exec-29] DEBUG c.r.s.m.S.selectUserById - [debug,135] - <==      Total: 1
23:07:12.972 [http-nio-8006-exec-29] DEBUG c.r.s.m.S.selectUserById - [debug,135] - ==>  Preparing: select u.user_id, u.dept_id, u.user_name, u.nick_name, u.email, u.avatar, u.phonenumber, u.password, u.sex, u.status, u.del_flag, u.login_ip, u.login_date, u.pwd_update_date, u.create_by, u.create_time, u.remark, d.dept_id, d.parent_id, d.ancestors, d.dept_name, d.order_num, d.leader, d.status as dept_status, r.role_id, r.role_name, r.role_key, r.role_sort, r.data_scope, r.status as role_status from sys_user u left join sys_dept d on u.dept_id = d.dept_id left join sys_user_role ur on u.user_id = ur.user_id left join sys_role r on r.role_id = ur.role_id where u.user_id = ? and u.del_flag = '0'
23:07:12.973 [http-nio-8006-exec-29] DEBUG c.r.s.m.S.selectUserById - [debug,135] - ==> Parameters: 103(Long)
23:07:12.974 [http-nio-8006-exec-29] DEBUG c.r.s.m.S.selectUserById - [debug,135] - <==      Total: 1
23:07:12.975 [http-nio-8006-exec-29] DEBUG c.r.s.m.S.selectUserById - [debug,135] - ==>  Preparing: select u.user_id, u.dept_id, u.user_name, u.nick_name, u.email, u.avatar, u.phonenumber, u.password, u.sex, u.status, u.del_flag, u.login_ip, u.login_date, u.pwd_update_date, u.create_by, u.create_time, u.remark, d.dept_id, d.parent_id, d.ancestors, d.dept_name, d.order_num, d.leader, d.status as dept_status, r.role_id, r.role_name, r.role_key, r.role_sort, r.data_scope, r.status as role_status from sys_user u left join sys_dept d on u.dept_id = d.dept_id left join sys_user_role ur on u.user_id = ur.user_id left join sys_role r on r.role_id = ur.role_id where u.user_id = ? and u.del_flag = '0'
23:07:12.975 [http-nio-8006-exec-29] DEBUG c.r.s.m.S.selectUserById - [debug,135] - ==> Parameters: 104(Long)
23:07:12.976 [http-nio-8006-exec-29] DEBUG c.r.s.m.S.selectUserById - [debug,135] - <==      Total: 1
23:07:12.977 [http-nio-8006-exec-29] DEBUG c.r.s.m.S.selectUserById - [debug,135] - ==>  Preparing: select u.user_id, u.dept_id, u.user_name, u.nick_name, u.email, u.avatar, u.phonenumber, u.password, u.sex, u.status, u.del_flag, u.login_ip, u.login_date, u.pwd_update_date, u.create_by, u.create_time, u.remark, d.dept_id, d.parent_id, d.ancestors, d.dept_name, d.order_num, d.leader, d.status as dept_status, r.role_id, r.role_name, r.role_key, r.role_sort, r.data_scope, r.status as role_status from sys_user u left join sys_dept d on u.dept_id = d.dept_id left join sys_user_role ur on u.user_id = ur.user_id left join sys_role r on r.role_id = ur.role_id where u.user_id = ? and u.del_flag = '0'
23:07:12.977 [http-nio-8006-exec-29] DEBUG c.r.s.m.S.selectUserById - [debug,135] - ==> Parameters: 105(Long)
23:07:12.978 [http-nio-8006-exec-29] DEBUG c.r.s.m.S.selectUserById - [debug,135] - <==      Total: 1
23:07:12.978 [http-nio-8006-exec-29] DEBUG c.r.h.m.T.selectTcmPatientList - [debug,135] - ==>  Preparing: select id, name, first_name, last_name, email, phone, practitioner_id, is_active, consent_signed, consent_signed_at, consent_token, consent_token_expires, merged_into, deleted_at, payload, create_time, update_time from tcm_patient
23:07:12.979 [http-nio-8006-exec-29] DEBUG c.r.h.m.T.selectTcmPatientList - [debug,135] - ==> Parameters: 
23:07:12.980 [http-nio-8006-exec-29] DEBUG c.r.h.m.T.selectTcmPatientList - [debug,135] - <==      Total: 3
23:07:12.980 [http-nio-8006-exec-29] DEBUG c.r.h.m.T.selectTcmAppointmentList - [debug,135] - ==>  Preparing: select id, patient_id, practitioner_id, room_id, service_type, start_time, end_time, status, branch_id, intake_token, intake_submitted, payload, create_time, update_time from tcm_appointment
23:07:12.980 [http-nio-8006-exec-29] DEBUG c.r.h.m.T.selectTcmAppointmentList - [debug,135] - ==> Parameters: 
23:07:12.982 [http-nio-8006-exec-29] DEBUG c.r.h.m.T.selectTcmAppointmentList - [debug,135] - <==      Total: 2
23:07:12.982 [http-nio-8006-exec-29] DEBUG c.r.h.m.T.selectTcmConsultationList - [debug,135] - ==>  Preparing: select id, consultation_id, patient_id, practitioner_id, consult_date, status, branch_id, locked_at, version, deleted_at, payload, create_time, update_time from tcm_consultation
23:07:12.982 [http-nio-8006-exec-29] DEBUG c.r.h.m.T.selectTcmConsultationList - [debug,135] - ==> Parameters: 
23:07:12.984 [http-nio-8006-exec-29] DEBUG c.r.h.m.T.selectTcmConsultationList - [debug,135] - <==      Total: 9
23:07:12.985 [http-nio-8006-exec-29] DEBUG c.r.h.m.T.selectTcmInventoryItemList - [debug,135] - ==>  Preparing: select id, name, category, unit, quantity, price_per_unit, min_stock_level, supplier, supplier_id, grams_per_packet, branch_id, is_active, deleted_at, herb_dict_id, payload, create_time, update_time from tcm_inventory_item WHERE deleted_at IS NULL
23:07:12.986 [http-nio-8006-exec-29] DEBUG c.r.h.m.T.selectTcmInventoryItemList - [debug,135] - ==> Parameters: 
23:07:12.987 [http-nio-8006-exec-29] DEBUG c.r.h.m.T.selectTcmInventoryItemList - [debug,135] - <==      Total: 13
23:07:12.987 [http-nio-8006-exec-29] DEBUG c.r.h.m.T.selectTcmBranchList - [debug,135] - ==>  Preparing: select id, name, code, address, phone, email, manager_id, is_active, is_main, room_ids, create_time, update_time from tcm_branch
23:07:12.988 [http-nio-8006-exec-29] DEBUG c.r.h.m.T.selectTcmBranchList - [debug,135] - ==> Parameters: 
23:07:12.988 [http-nio-8006-exec-29] DEBUG c.r.h.m.T.selectTcmBranchList - [debug,135] - <==      Total: 3
23:07:12.989 [http-nio-8006-exec-29] DEBUG c.r.h.m.T.selectAllSettings - [debug,135] - ==>  Preparing: select setting_key, setting_value, update_time from tcm_clinic_setting order by setting_key
23:07:12.989 [http-nio-8006-exec-29] DEBUG c.r.h.m.T.selectAllSettings - [debug,135] - ==> Parameters: 
23:07:12.989 [http-nio-8006-exec-29] DEBUG c.r.h.m.T.selectAllSettings - [debug,135] - <==      Total: 6
23:07:12.990 [http-nio-8006-exec-29] DEBUG c.r.h.m.T.selectTcmRoomList - [debug,135] - ==>  Preparing: select id, name, branch_id, is_active, create_time, update_time from tcm_room
23:07:12.990 [http-nio-8006-exec-29] DEBUG c.r.h.m.T.selectTcmRoomList - [debug,135] - ==> Parameters: 
23:07:12.990 [http-nio-8006-exec-29] DEBUG c.r.h.m.T.selectTcmRoomList - [debug,135] - <==      Total: 3
23:07:12.991 [http-nio-8006-exec-29] DEBUG c.r.h.m.T.selectTcmServiceTypeList - [debug,135] - ==>  Preparing: select service_key, label, duration, practitioner_time, room_required, default_price, update_time from tcm_service_type
23:07:12.991 [http-nio-8006-exec-29] DEBUG c.r.h.m.T.selectTcmServiceTypeList - [debug,135] - ==> Parameters: 
23:07:12.991 [http-nio-8006-exec-29] DEBUG c.r.h.m.T.selectTcmServiceTypeList - [debug,135] - <==      Total: 3
23:07:12.992 [http-nio-8006-exec-29] DEBUG c.r.h.m.T.selectTcmPriceListList - [debug,135] - ==>  Preparing: select id, name, effective_date, is_active, items_json, create_time, update_time from tcm_price_list
23:07:12.992 [http-nio-8006-exec-29] DEBUG c.r.h.m.T.selectTcmPriceListList - [debug,135] - ==> Parameters: 
23:07:12.993 [http-nio-8006-exec-29] DEBUG c.r.h.m.T.selectTcmPriceListList - [debug,135] - <==      Total: 1
23:07:12.993 [http-nio-8006-exec-29] DEBUG c.r.h.m.T.selectTcmEmailLogList - [debug,135] - ==>  Preparing: select id, to_email, subject, email_type, body, sent_at, payload, create_time from tcm_email_log order by id desc
23:07:12.993 [http-nio-8006-exec-29] DEBUG c.r.h.m.T.selectTcmEmailLogList - [debug,135] - ==> Parameters: 
23:07:12.994 [http-nio-8006-exec-29] DEBUG c.r.h.m.T.selectTcmEmailLogList - [debug,135] - <==      Total: 0
23:07:12.994 [http-nio-8006-exec-29] DEBUG c.r.h.m.T.selectTcmFormulaList - [debug,135] - ==>  Preparing: select id, name, category, description, source, is_active, deleted_at, create_time, update_time from tcm_formula WHERE deleted_at IS NULL order by create_time desc
23:07:12.994 [http-nio-8006-exec-29] DEBUG c.r.h.m.T.selectTcmFormulaList - [debug,135] - ==> Parameters: 
23:07:12.996 [http-nio-8006-exec-29] DEBUG c.r.h.m.T.selectTcmFormulaList - [debug,135] - <==      Total: 51
23:07:12.996 [http-nio-8006-exec-29] DEBUG c.r.h.m.T.selectByFormulaId - [debug,135] - ==>  Preparing: select id, formula_id, herb_name, dosage, unit, sort_order, notes, herb_dict_id from tcm_formula_item where formula_id = ? order by sort_order asc
23:07:12.996 [http-nio-8006-exec-29] DEBUG c.r.h.m.T.selectByFormulaId - [debug,135] - ==> Parameters: ecf8c626-94c4-4825-97d3-21c67adf9366(String)
23:07:12.997 [http-nio-8006-exec-29] DEBUG c.r.h.m.T.selectByFormulaId - [debug,135] - <==      Total: 1
23:07:12.997 [http-nio-8006-exec-29] DEBUG c.r.h.m.T.selectByFormulaId - [debug,135] - ==>  Preparing: select id, formula_id, herb_name, dosage, unit, sort_order, notes, herb_dict_id from tcm_formula_item where formula_id = ? order by sort_order asc
23:07:12.998 [http-nio-8006-exec-29] DEBUG c.r.h.m.T.selectByFormulaId - [debug,135] - ==> Parameters: formula-1(String)
23:07:12.999 [http-nio-8006-exec-29] DEBUG c.r.h.m.T.selectByFormulaId - [debug,135] - <==      Total: 4
23:07:12.999 [http-nio-8006-exec-29] DEBUG c.r.h.m.T.selectByFormulaId - [debug,135] - ==>  Preparing: select id, formula_id, herb_name, dosage, unit, sort_order, notes, herb_dict_id from tcm_formula_item where formula_id = ? order by sort_order asc
23:07:12.999 [http-nio-8006-exec-29] DEBUG c.r.h.m.T.selectByFormulaId - [debug,135] - ==> Parameters: formula-10(String)
23:07:12.999 [http-nio-8006-exec-29] DEBUG c.r.h.m.T.selectByFormulaId - [debug,135] - <==      Total: 5
23:07:13.000 [http-nio-8006-exec-29] DEBUG c.r.h.m.T.selectByFormulaId - [debug,135] - ==>  Preparing: select id, formula_id, herb_name, dosage, unit, sort_order, notes, herb_dict_id from tcm_formula_item where formula_id = ? order by sort_order asc
23:07:13.000 [http-nio-8006-exec-29] DEBUG c.r.h.m.T.selectByFormulaId - [debug,135] - ==> Parameters: formula-11(String)
23:07:13.001 [http-nio-8006-exec-29] DEBUG c.r.h.m.T.selectByFormulaId - [debug,135] - <==      Total: 4
23:07:13.001 [http-nio-8006-exec-29] DEBUG c.r.h.m.T.selectByFormulaId - [debug,135] - ==>  Preparing: select id, formula_id, herb_name, dosage, unit, sort_order, notes, herb_dict_id from tcm_formula_item where formula_id = ? order by sort_order asc
23:07:13.001 [http-nio-8006-exec-29] DEBUG c.r.h.m.T.selectByFormulaId - [debug,135] - ==> Parameters: formula-12(String)
23:07:13.002 [http-nio-8006-exec-29] DEBUG c.r.h.m.T.selectByFormulaId - [debug,135] - <==      Total: 0
23:07:13.002 [http-nio-8006-exec-29] DEBUG c.r.h.m.T.selectByFormulaId - [debug,135] - ==>  Preparing: select id, formula_id, herb_name, dosage, unit, sort_order, notes, herb_dict_id from tcm_formula_item where formula_id = ? order by sort_order asc
23:07:13.002 [http-nio-8006-exec-29] DEBUG c.r.h.m.T.selectByFormulaId - [debug,135] - ==> Parameters: formula-13(String)
23:07:13.002 [http-nio-8006-exec-29] DEBUG c.r.h.m.T.selectByFormulaId - [debug,135] - <==      Total: 0
23:07:13.004 [http-nio-8006-exec-29] DEBUG c.r.h.m.T.selectByFormulaId - [debug,135] - ==>  Preparing: select id, formula_id, herb_name, dosage, unit, sort_order, notes, herb_dict_id from tcm_formula_item where formula_id = ? order by sort_order asc
23:07:13.004 [http-nio-8006-exec-29] DEBUG c.r.h.m.T.selectByFormulaId - [debug,135] - ==> Parameters: formula-14(String)
23:07:13.004 [http-nio-8006-exec-29] DEBUG c.r.h.m.T.selectByFormulaId - [debug,135] - <==      Total: 0
23:07:13.005 [http-nio-8006-exec-29] DEBUG c.r.h.m.T.selectByFormulaId - [debug,135] - ==>  Preparing: select id, formula_id, herb_name, dosage, unit, sort_order, notes, herb_dict_id from tcm_formula_item where formula_id = ? order by sort_order asc
23:07:13.005 [http-nio-8006-exec-29] DEBUG c.r.h.m.T.selectByFormulaId - [debug,135] - ==> Parameters: formula-15(String)
23:07:13.006 [http-nio-8006-exec-29] DEBUG c.r.h.m.T.selectByFormulaId - [debug,135] - <==      Total: 7
23:07:13.006 [http-nio-8006-exec-29] DEBUG c.r.h.m.T.selectByFormulaId - [debug,135] - ==>  Preparing: select id, formula_id, herb_name, dosage, unit, sort_order, notes, herb_dict_id from tcm_formula_item where formula_id = ? order by sort_order asc
23:07:13.006 [http-nio-8006-exec-29] DEBUG c.r.h.m.T.selectByFormulaId - [debug,135] - ==> Parameters: formula-16(String)
23:07:13.007 [http-nio-8006-exec-29] DEBUG c.r.h.m.T.selectByFormulaId - [debug,135] - <==      Total: 0
23:07:13.007 [http-nio-8006-exec-29] DEBUG c.r.h.m.T.selectByFormulaId - [debug,135] - ==>  Preparing: select id, formula_id, herb_name, dosage, unit, sort_order, notes, herb_dict_id from tcm_formula_item where formula_id = ? order by sort_order asc
23:07:13.007 [http-nio-8006-exec-29] DEBUG c.r.h.m.T.selectByFormulaId - [debug,135] - ==> Parameters: formula-17(String)
23:07:13.008 [http-nio-8006-exec-29] DEBUG c.r.h.m.T.selectByFormulaId - [debug,135] - <==      Total: 4
23:07:13.009 [http-nio-8006-exec-29] DEBUG c.r.h.m.T.selectByFormulaId - [debug,135] - ==>  Preparing: select id, formula_id, herb_name, dosage, unit, sort_order, notes, herb_dict_id from tcm_formula_item where formula_id = ? order by sort_order asc
23:07:13.009 [http-nio-8006-exec-29] DEBUG c.r.h.m.T.selectByFormulaId - [debug,135] - ==> Parameters: formula-18(String)
23:07:13.009 [http-nio-8006-exec-29] DEBUG c.r.h.m.T.selectByFormulaId - [debug,135] - <==      Total: 3
23:07:13.009 [http-nio-8006-exec-29] DEBUG c.r.h.m.T.selectByFormulaId - [debug,135] - ==>  Preparing: select id, formula_id, herb_name, dosage, unit, sort_order, notes, herb_dict_id from tcm_formula_item where formula_id = ? order by sort_order asc
23:07:13.009 [http-nio-8006-exec-29] DEBUG c.r.h.m.T.selectByFormulaId - [debug,135] - ==> Parameters: formula-19(String)
23:07:13.010 [http-nio-8006-exec-29] DEBUG c.r.h.m.T.selectByFormulaId - [debug,135] - <==      Total: 0
23:07:13.010 [http-nio-8006-exec-29] DEBUG c.r.h.m.T.selectByFormulaId - [debug,135] - ==>  Preparing: select id, formula_id, herb_name, dosage, unit, sort_order, notes, herb_dict_id from tcm_formula_item where formula_id = ? order by sort_order asc
23:07:13.011 [http-nio-8006-exec-29] DEBUG c.r.h.m.T.selectByFormulaId - [debug,135] - ==> Parameters: formula-2(String)
23:07:13.012 [http-nio-8006-exec-29] DEBUG c.r.h.m.T.selectByFormulaId - [debug,135] - <==      Total: 6
23:07:13.012 [http-nio-8006-exec-29] DEBUG c.r.h.m.T.selectByFormulaId - [debug,135] - ==>  Preparing: select id, formula_id, herb_name, dosage, unit, sort_order, notes, herb_dict_id from tcm_formula_item where formula_id = ? order by sort_order asc
23:07:13.012 [http-nio-8006-exec-29] DEBUG c.r.h.m.T.selectByFormulaId - [debug,135] - ==> Parameters: formula-20(String)
23:07:13.012 [http-nio-8006-exec-29] DEBUG c.r.h.m.T.selectByFormulaId - [debug,135] - <==      Total: 0
23:07:13.013 [http-nio-8006-exec-29] DEBUG c.r.h.m.T.selectByFormulaId - [debug,135] - ==>  Preparing: select id, formula_id, herb_name, dosage, unit, sort_order, notes, herb_dict_id from tcm_formula_item where formula_id = ? order by sort_order asc
23:07:13.013 [http-nio-8006-exec-29] DEBUG c.r.h.m.T.selectByFormulaId - [debug,135] - ==> Parameters: formula-21(String)
23:07:13.013 [http-nio-8006-exec-29] DEBUG c.r.h.m.T.selectByFormulaId - [debug,135] - <==      Total: 4
23:07:13.013 [http-nio-8006-exec-29] DEBUG c.r.h.m.T.selectByFormulaId - [debug,135] - ==>  Preparing: select id, formula_id, herb_name, dosage, unit, sort_order, notes, herb_dict_id from tcm_formula_item where formula_id = ? order by sort_order asc
23:07:13.014 [http-nio-8006-exec-29] DEBUG c.r.h.m.T.selectByFormulaId - [debug,135] - ==> Parameters: formula-22(String)
23:07:13.015 [http-nio-8006-exec-29] DEBUG c.r.h.m.T.selectByFormulaId - [debug,135] - <==      Total: 0
23:07:13.015 [http-nio-8006-exec-29] DEBUG c.r.h.m.T.selectByFormulaId - [debug,135] - ==>  Preparing: select id, formula_id, herb_name, dosage, unit, sort_order, notes, herb_dict_id from tcm_formula_item where formula_id = ? order by sort_order asc
23:07:13.015 [http-nio-8006-exec-29] DEBUG c.r.h.m.T.selectByFormulaId - [debug,135] - ==> Parameters: formula-23(String)
23:07:13.016 [http-nio-8006-exec-29] DEBUG c.r.h.m.T.selectByFormulaId - [debug,135] - <==      Total: 0
23:07:13.017 [http-nio-8006-exec-29] DEBUG c.r.h.m.T.selectByFormulaId - [debug,135] - ==>  Preparing: select id, formula_id, herb_name, dosage, unit, sort_order, notes, herb_dict_id from tcm_formula_item where formula_id = ? order by sort_order asc
23:07:13.017 [http-nio-8006-exec-29] DEBUG c.r.h.m.T.selectByFormulaId - [debug,135] - ==> Parameters: formula-24(String)
23:07:13.018 [http-nio-8006-exec-29] DEBUG c.r.h.m.T.selectByFormulaId - [debug,135] - <==      Total: 5
23:07:13.018 [http-nio-8006-exec-29] DEBUG c.r.h.m.T.selectByFormulaId - [debug,135] - ==>  Preparing: select id, formula_id, herb_name, dosage, unit, sort_order, notes, herb_dict_id from tcm_formula_item where formula_id = ? order by sort_order asc
23:07:13.018 [http-nio-8006-exec-29] DEBUG c.r.h.m.T.selectByFormulaId - [debug,135] - ==> Parameters: formula-25(String)
23:07:13.019 [http-nio-8006-exec-29] DEBUG c.r.h.m.T.selectByFormulaId - [debug,135] - <==      Total: 0
23:07:13.019 [http-nio-8006-exec-29] DEBUG c.r.h.m.T.selectByFormulaId - [debug,135] - ==>  Preparing: select id, formula_id, herb_name, dosage, unit, sort_order, notes, herb_dict_id from tcm_formula_item where formula_id = ? order by sort_order asc
23:07:13.019 [http-nio-8006-exec-29] DEBUG c.r.h.m.T.selectByFormulaId - [debug,135] - ==> Parameters: formula-26(String)
23:07:13.020 [http-nio-8006-exec-29] DEBUG c.r.h.m.T.selectByFormulaId - [debug,135] - <==      Total: 0
23:07:13.020 [http-nio-8006-exec-29] DEBUG c.r.h.m.T.selectByFormulaId - [debug,135] - ==>  Preparing: select id, formula_id, herb_name, dosage, unit, sort_order, notes, herb_dict_id from tcm_formula_item where formula_id = ? order by sort_order asc
23:07:13.020 [http-nio-8006-exec-29] DEBUG c.r.h.m.T.selectByFormulaId - [debug,135] - ==> Parameters: formula-27(String)
23:07:13.021 [http-nio-8006-exec-29] DEBUG c.r.h.m.T.selectByFormulaId - [debug,135] - <==      Total: 0
23:07:13.021 [http-nio-8006-exec-29] DEBUG c.r.h.m.T.selectByFormulaId - [debug,135] - ==>  Preparing: select id, formula_id, herb_name, dosage, unit, sort_order, notes, herb_dict_id from tcm_formula_item where formula_id = ? order by sort_order asc
23:07:13.021 [http-nio-8006-exec-29] DEBUG c.r.h.m.T.selectByFormulaId - [debug,135] - ==> Parameters: formula-28(String)
23:07:13.021 [http-nio-8006-exec-29] DEBUG c.r.h.m.T.selectByFormulaId - [debug,135] - <==      Total: 0
23:07:13.022 [http-nio-8006-exec-29] DEBUG c.r.h.m.T.selectByFormulaId - [debug,135] - ==>  Preparing: select id, formula_id, herb_name, dosage, unit, sort_order, notes, herb_dict_id from tcm_formula_item where formula_id = ? order by sort_order asc
23:07:13.022 [http-nio-8006-exec-29] DEBUG c.r.h.m.T.selectByFormulaId - [debug,135] - ==> Parameters: formula-29(String)
23:07:13.023 [http-nio-8006-exec-29] DEBUG c.r.h.m.T.selectByFormulaId - [debug,135] - <==      Total: 8
23:07:13.023 [http-nio-8006-exec-29] DEBUG c.r.h.m.T.selectByFormulaId - [debug,135] - ==>  Preparing: select id, formula_id, herb_name, dosage, unit, sort_order, notes, herb_dict_id from tcm_formula_item where formula_id = ? order by sort_order asc
23:07:13.023 [http-nio-8006-exec-29] DEBUG c.r.h.m.T.selectByFormulaId - [debug,135] - ==> Parameters: formula-3(String)
23:07:13.025 [http-nio-8006-exec-29] DEBUG c.r.h.m.T.selectByFormulaId - [debug,135] - <==      Total: 8
23:07:13.025 [http-nio-8006-exec-29] DEBUG c.r.h.m.T.selectByFormulaId - [debug,135] - ==>  Preparing: select id, formula_id, herb_name, dosage, unit, sort_order, notes, herb_dict_id from tcm_formula_item where formula_id = ? order by sort_order asc
23:07:13.025 [http-nio-8006-exec-29] DEBUG c.r.h.m.T.selectByFormulaId - [debug,135] - ==> Parameters: formula-30(String)
23:07:13.026 [http-nio-8006-exec-29] DEBUG c.r.h.m.T.selectByFormulaId - [debug,135] - <==      Total: 0
23:07:13.026 [http-nio-8006-exec-29] DEBUG c.r.h.m.T.selectByFormulaId - [debug,135] - ==>  Preparing: select id, formula_id, herb_name, dosage, unit, sort_order, notes, herb_dict_id from tcm_formula_item where formula_id = ? order by sort_order asc
23:07:13.027 [http-nio-8006-exec-29] DEBUG c.r.h.m.T.selectByFormulaId - [debug,135] - ==> Parameters: formula-31(String)
23:07:13.027 [http-nio-8006-exec-29] DEBUG c.r.h.m.T.selectByFormulaId - [debug,135] - <==      Total: 5
23:07:13.027 [http-nio-8006-exec-29] DEBUG c.r.h.m.T.selectByFormulaId - [debug,135] - ==>  Preparing: select id, formula_id, herb_name, dosage, unit, sort_order, notes, herb_dict_id from tcm_formula_item where formula_id = ? order by sort_order asc
23:07:13.028 [http-nio-8006-exec-29] DEBUG c.r.h.m.T.selectByFormulaId - [debug,135] - ==> Parameters: formula-32(String)
23:07:13.028 [http-nio-8006-exec-29] DEBUG c.r.h.m.T.selectByFormulaId - [debug,135] - <==      Total: 0
23:07:13.028 [http-nio-8006-exec-29] DEBUG c.r.h.m.T.selectByFormulaId - [debug,135] - ==>  Preparing: select id, formula_id, herb_name, dosage, unit, sort_order, notes, herb_dict_id from tcm_formula_item where formula_id = ? order by sort_order asc
23:07:13.029 [http-nio-8006-exec-29] DEBUG c.r.h.m.T.selectByFormulaId - [debug,135] - ==> Parameters: formula-33(String)
23:07:13.029 [http-nio-8006-exec-29] DEBUG c.r.h.m.T.selectByFormulaId - [debug,135] - <==      Total: 3
23:07:13.029 [http-nio-8006-exec-29] DEBUG c.r.h.m.T.selectByFormulaId - [debug,135] - ==>  Preparing: select id, formula_id, herb_name, dosage, unit, sort_order, notes, herb_dict_id from tcm_formula_item where formula_id = ? order by sort_order asc
23:07:13.030 [http-nio-8006-exec-29] DEBUG c.r.h.m.T.selectByFormulaId - [debug,135] - ==> Parameters: formula-34(String)
23:07:13.030 [http-nio-8006-exec-29] DEBUG c.r.h.m.T.selectByFormulaId - [debug,135] - <==      Total: 3
23:07:13.031 [http-nio-8006-exec-29] DEBUG c.r.h.m.T.selectByFormulaId - [debug,135] - ==>  Preparing: select id, formula_id, herb_name, dosage, unit, sort_order, notes, herb_dict_id from tcm_formula_item where formula_id = ? order by sort_order asc
23:07:13.031 [http-nio-8006-exec-29] DEBUG c.r.h.m.T.selectByFormulaId - [debug,135] - ==> Parameters: formula-35(String)
23:07:13.032 [http-nio-8006-exec-29] DEBUG c.r.h.m.T.selectByFormulaId - [debug,135] - <==      Total: 4
23:07:13.032 [http-nio-8006-exec-29] DEBUG c.r.h.m.T.selectByFormulaId - [debug,135] - ==>  Preparing: select id, formula_id, herb_name, dosage, unit, sort_order, notes, herb_dict_id from tcm_formula_item where formula_id = ? order by sort_order asc
23:07:13.032 [http-nio-8006-exec-29] DEBUG c.r.h.m.T.selectByFormulaId - [debug,135] - ==> Parameters: formula-36(String)
23:07:13.034 [http-nio-8006-exec-29] DEBUG c.r.h.m.T.selectByFormulaId - [debug,135] - <==      Total: 0
23:07:13.034 [http-nio-8006-exec-29] DEBUG c.r.h.m.T.selectByFormulaId - [debug,135] - ==>  Preparing: select id, formula_id, herb_name, dosage, unit, sort_order, notes, herb_dict_id from tcm_formula_item where formula_id = ? order by sort_order asc
23:07:13.034 [http-nio-8006-exec-29] DEBUG c.r.h.m.T.selectByFormulaId - [debug,135] - ==> Parameters: formula-37(String)
23:07:13.035 [http-nio-8006-exec-29] DEBUG c.r.h.m.T.selectByFormulaId - [debug,135] - <==      Total: 6
23:07:13.035 [http-nio-8006-exec-29] DEBUG c.r.h.m.T.selectByFormulaId - [debug,135] - ==>  Preparing: select id, formula_id, herb_name, dosage, unit, sort_order, notes, herb_dict_id from tcm_formula_item where formula_id = ? order by sort_order asc
23:07:13.036 [http-nio-8006-exec-29] DEBUG c.r.h.m.T.selectByFormulaId - [debug,135] - ==> Parameters: formula-38(String)
23:07:13.036 [http-nio-8006-exec-29] DEBUG c.r.h.m.T.selectByFormulaId - [debug,135] - <==      Total: 0
23:07:13.037 [http-nio-8006-exec-29] DEBUG c.r.h.m.T.selectByFormulaId - [debug,135] - ==>  Preparing: select id, formula_id, herb_name, dosage, unit, sort_order, notes, herb_dict_id from tcm_formula_item where formula_id = ? order by sort_order asc
23:07:13.037 [http-nio-8006-exec-29] DEBUG c.r.h.m.T.selectByFormulaId - [debug,135] - ==> Parameters: formula-39(String)
23:07:13.037 [http-nio-8006-exec-29] DEBUG c.r.h.m.T.selectByFormulaId - [debug,135] - <==      Total: 0
23:07:13.038 [http-nio-8006-exec-29] DEBUG c.r.h.m.T.selectByFormulaId - [debug,135] - ==>  Preparing: select id, formula_id, herb_name, dosage, unit, sort_order, notes, herb_dict_id from tcm_formula_item where formula_id = ? order by sort_order asc
23:07:13.038 [http-nio-8006-exec-29] DEBUG c.r.h.m.T.selectByFormulaId - [debug,135] - ==> Parameters: formula-4(String)
23:07:13.039 [http-nio-8006-exec-29] DEBUG c.r.h.m.T.selectByFormulaId - [debug,135] - <==      Total: 8
23:07:13.039 [http-nio-8006-exec-29] DEBUG c.r.h.m.T.selectByFormulaId - [debug,135] - ==>  Preparing: select id, formula_id, herb_name, dosage, unit, sort_order, notes, herb_dict_id from tcm_formula_item where formula_id = ? order by sort_order asc
23:07:13.040 [http-nio-8006-exec-29] DEBUG c.r.h.m.T.selectByFormulaId - [debug,135] - ==> Parameters: formula-40(String)
23:07:13.040 [http-nio-8006-exec-29] DEBUG c.r.h.m.T.selectByFormulaId - [debug,135] - <==      Total: 0
23:07:13.040 [http-nio-8006-exec-29] DEBUG c.r.h.m.T.selectByFormulaId - [debug,135] - ==>  Preparing: select id, formula_id, herb_name, dosage, unit, sort_order, notes, herb_dict_id from tcm_formula_item where formula_id = ? order by sort_order asc
23:07:13.041 [http-nio-8006-exec-29] DEBUG c.r.h.m.T.selectByFormulaId - [debug,135] - ==> Parameters: formula-41(String)
23:07:13.041 [http-nio-8006-exec-29] DEBUG c.r.h.m.T.selectByFormulaId - [debug,135] - <==      Total: 0
23:07:13.041 [http-nio-8006-exec-29] DEBUG c.r.h.m.T.selectByFormulaId - [debug,135] - ==>  Preparing: select id, formula_id, herb_name, dosage, unit, sort_order, notes, herb_dict_id from tcm_formula_item where formula_id = ? order by sort_order asc
23:07:13.042 [http-nio-8006-exec-29] DEBUG c.r.h.m.T.selectByFormulaId - [debug,135] - ==> Parameters: formula-42(String)
23:07:13.042 [http-nio-8006-exec-29] DEBUG c.r.h.m.T.selectByFormulaId - [debug,135] - <==      Total: 0
23:07:13.042 [http-nio-8006-exec-29] DEBUG c.r.h.m.T.selectByFormulaId - [debug,135] - ==>  Preparing: select id, formula_id, herb_name, dosage, unit, sort_order, notes, herb_dict_id from tcm_formula_item where formula_id = ? order by sort_order asc
23:07:13.043 [http-nio-8006-exec-29] DEBUG c.r.h.m.T.selectByFormulaId - [debug,135] - ==> Parameters: formula-43(String)
23:07:13.043 [http-nio-8006-exec-29] DEBUG c.r.h.m.T.selectByFormulaId - [debug,135] - <==      Total: 0
23:07:13.043 [http-nio-8006-exec-29] DEBUG c.r.h.m.T.selectByFormulaId - [debug,135] - ==>  Preparing: select id, formula_id, herb_name, dosage, unit, sort_order, notes, herb_dict_id from tcm_formula_item where formula_id = ? order by sort_order asc
23:07:13.044 [http-nio-8006-exec-29] DEBUG c.r.h.m.T.selectByFormulaId - [debug,135] - ==> Parameters: formula-44(String)
23:07:13.045 [http-nio-8006-exec-29] DEBUG c.r.h.m.T.selectByFormulaId - [debug,135] - <==      Total: 0
23:07:13.045 [http-nio-8006-exec-29] DEBUG c.r.h.m.T.selectByFormulaId - [debug,135] - ==>  Preparing: select id, formula_id, herb_name, dosage, unit, sort_order, notes, herb_dict_id from tcm_formula_item where formula_id = ? order by sort_order asc
23:07:13.045 [http-nio-8006-exec-29] DEBUG c.r.h.m.T.selectByFormulaId - [debug,135] - ==> Parameters: formula-45(String)
23:07:13.046 [http-nio-8006-exec-29] DEBUG c.r.h.m.T.selectByFormulaId - [debug,135] - <==      Total: 0
23:07:13.046 [http-nio-8006-exec-29] DEBUG c.r.h.m.T.selectByFormulaId - [debug,135] - ==>  Preparing: select id, formula_id, herb_name, dosage, unit, sort_order, notes, herb_dict_id from tcm_formula_item where formula_id = ? order by sort_order asc
23:07:13.046 [http-nio-8006-exec-29] DEBUG c.r.h.m.T.selectByFormulaId - [debug,135] - ==> Parameters: formula-46(String)
23:07:13.047 [http-nio-8006-exec-29] DEBUG c.r.h.m.T.selectByFormulaId - [debug,135] - <==      Total: 0
23:07:13.047 [http-nio-8006-exec-29] DEBUG c.r.h.m.T.selectByFormulaId - [debug,135] - ==>  Preparing: select id, formula_id, herb_name, dosage, unit, sort_order, notes, herb_dict_id from tcm_formula_item where formula_id = ? order by sort_order asc
23:07:13.047 [http-nio-8006-exec-29] DEBUG c.r.h.m.T.selectByFormulaId - [debug,135] - ==> Parameters: formula-47(String)
23:07:13.048 [http-nio-8006-exec-29] DEBUG c.r.h.m.T.selectByFormulaId - [debug,135] - <==      Total: 0
23:07:13.048 [http-nio-8006-exec-29] DEBUG c.r.h.m.T.selectByFormulaId - [debug,135] - ==>  Preparing: select id, formula_id, herb_name, dosage, unit, sort_order, notes, herb_dict_id from tcm_formula_item where formula_id = ? order by sort_order asc
23:07:13.048 [http-nio-8006-exec-29] DEBUG c.r.h.m.T.selectByFormulaId - [debug,135] - ==> Parameters: formula-48(String)
23:07:13.049 [http-nio-8006-exec-29] DEBUG c.r.h.m.T.selectByFormulaId - [debug,135] - <==      Total: 0
23:07:13.049 [http-nio-8006-exec-29] DEBUG c.r.h.m.T.selectByFormulaId - [debug,135] - ==>  Preparing: select id, formula_id, herb_name, dosage, unit, sort_order, notes, herb_dict_id from tcm_formula_item where formula_id = ? order by sort_order asc
23:07:13.049 [http-nio-8006-exec-29] DEBUG c.r.h.m.T.selectByFormulaId - [debug,135] - ==> Parameters: formula-49(String)
23:07:13.050 [http-nio-8006-exec-29] DEBUG c.r.h.m.T.selectByFormulaId - [debug,135] - <==      Total: 0
23:07:13.050 [http-nio-8006-exec-29] DEBUG c.r.h.m.T.selectByFormulaId - [debug,135] - ==>  Preparing: select id, formula_id, herb_name, dosage, unit, sort_order, notes, herb_dict_id from tcm_formula_item where formula_id = ? order by sort_order asc
23:07:13.050 [http-nio-8006-exec-29] DEBUG c.r.h.m.T.selectByFormulaId - [debug,135] - ==> Parameters: formula-5(String)
23:07:13.051 [http-nio-8006-exec-29] DEBUG c.r.h.m.T.selectByFormulaId - [debug,135] - <==      Total: 8
23:07:13.051 [http-nio-8006-exec-29] DEBUG c.r.h.m.T.selectByFormulaId - [debug,135] - ==>  Preparing: select id, formula_id, herb_name, dosage, unit, sort_order, notes, herb_dict_id from tcm_formula_item where formula_id = ? order by sort_order asc
23:07:13.051 [http-nio-8006-exec-29] DEBUG c.r.h.m.T.selectByFormulaId - [debug,135] - ==> Parameters: formula-50(String)
23:07:13.052 [http-nio-8006-exec-29] DEBUG c.r.h.m.T.selectByFormulaId - [debug,135] - <==      Total: 7
23:07:13.053 [http-nio-8006-exec-29] DEBUG c.r.h.m.T.selectByFormulaId - [debug,135] - ==>  Preparing: select id, formula_id, herb_name, dosage, unit, sort_order, notes, herb_dict_id from tcm_formula_item where formula_id = ? order by sort_order asc
23:07:13.053 [http-nio-8006-exec-29] DEBUG c.r.h.m.T.selectByFormulaId - [debug,135] - ==> Parameters: formula-6(String)
23:07:13.053 [http-nio-8006-exec-29] DEBUG c.r.h.m.T.selectByFormulaId - [debug,135] - <==      Total: 7
23:07:13.053 [http-nio-8006-exec-29] DEBUG c.r.h.m.T.selectByFormulaId - [debug,135] - ==>  Preparing: select id, formula_id, herb_name, dosage, unit, sort_order, notes, herb_dict_id from tcm_formula_item where formula_id = ? order by sort_order asc
23:07:13.053 [http-nio-8006-exec-29] DEBUG c.r.h.m.T.selectByFormulaId - [debug,135] - ==> Parameters: formula-7(String)
23:07:13.055 [http-nio-8006-exec-29] DEBUG c.r.h.m.T.selectByFormulaId - [debug,135] - <==      Total: 5
23:07:13.055 [http-nio-8006-exec-29] DEBUG c.r.h.m.T.selectByFormulaId - [debug,135] - ==>  Preparing: select id, formula_id, herb_name, dosage, unit, sort_order, notes, herb_dict_id from tcm_formula_item where formula_id = ? order by sort_order asc
23:07:13.055 [http-nio-8006-exec-29] DEBUG c.r.h.m.T.selectByFormulaId - [debug,135] - ==> Parameters: formula-8(String)
23:07:13.056 [http-nio-8006-exec-29] DEBUG c.r.h.m.T.selectByFormulaId - [debug,135] - <==      Total: 8
23:07:13.056 [http-nio-8006-exec-29] DEBUG c.r.h.m.T.selectByFormulaId - [debug,135] - ==>  Preparing: select id, formula_id, herb_name, dosage, unit, sort_order, notes, herb_dict_id from tcm_formula_item where formula_id = ? order by sort_order asc
23:07:13.056 [http-nio-8006-exec-29] DEBUG c.r.h.m.T.selectByFormulaId - [debug,135] - ==> Parameters: formula-9(String)
23:07:13.057 [http-nio-8006-exec-29] DEBUG c.r.h.m.T.selectByFormulaId - [debug,135] - <==      Total: 4
23:07:13.058 [http-nio-8006-exec-29] DEBUG c.r.h.m.T.selectTcmSupplierList - [debug,135] - ==>  Preparing: select id, name, contact_person, phone, email, address, notes, is_active, deleted_at, create_time, update_time from tcm_supplier WHERE deleted_at IS NULL order by create_time desc
23:07:13.058 [http-nio-8006-exec-29] DEBUG c.r.h.m.T.selectTcmSupplierList - [debug,135] - ==> Parameters: 
23:07:13.059 [http-nio-8006-exec-29] DEBUG c.r.h.m.T.selectTcmSupplierList - [debug,135] - <==      Total: 4
23:07:13.059 [http-nio-8006-exec-29] DEBUG c.r.h.m.T.selectTcmAcupointList - [debug,135] - ==>  Preparing: select id, name, pinyin, english_name, meridian, location, indication, method, notes, is_active, deleted_at, create_time, update_time from tcm_acupoint WHERE deleted_at IS NULL order by name asc
23:07:13.059 [http-nio-8006-exec-29] DEBUG c.r.h.m.T.selectTcmAcupointList - [debug,135] - ==> Parameters: 
23:07:13.061 [http-nio-8006-exec-29] DEBUG c.r.h.m.T.selectTcmAcupointList - [debug,135] - <==      Total: 100
23:07:13.063 [http-nio-8006-exec-29] DEBUG c.r.h.m.T.selectAll - [debug,135] - ==>  Preparing: select id, from_unit, to_unit, factor, notes, create_time from tcm_unit_conversion order by from_unit, to_unit
23:07:13.063 [http-nio-8006-exec-29] DEBUG c.r.h.m.T.selectAll - [debug,135] - ==> Parameters: 
23:07:13.064 [http-nio-8006-exec-29] DEBUG c.r.h.m.T.selectAll - [debug,135] - <==      Total: 16
23:07:13.065 [http-nio-8006-exec-29] DEBUG c.r.h.m.T.selectTcmHerbDictList - [debug,135] - ==>  Preparing: select id, name, alias, pinyin, category, nature, taste, meridian_tropism, efficacy, indication, dosage_range, contraindication, notes, is_active, deleted_at, create_time, update_time from tcm_herb_dict WHERE deleted_at IS NULL order by category asc, name asc
23:07:13.065 [http-nio-8006-exec-29] DEBUG c.r.h.m.T.selectTcmHerbDictList - [debug,135] - ==> Parameters: 
23:07:13.068 [http-nio-8006-exec-29] DEBUG c.r.h.m.T.selectTcmHerbDictList - [debug,135] - <==      Total: 80
23:07:13.069 [http-nio-8006-exec-29] DEBUG c.r.h.m.T.selectTcmMeridianList - [debug,135] - ==>  Preparing: select id, name, english_name, abbr, category, organ, pathway, acupoint_count, indication, notes, is_active, deleted_at, create_time, update_time from tcm_meridian WHERE deleted_at IS NULL order by id asc
23:07:13.069 [http-nio-8006-exec-29] DEBUG c.r.h.m.T.selectTcmMeridianList - [debug,135] - ==> Parameters: 
23:07:13.070 [http-nio-8006-exec-29] DEBUG c.r.h.m.T.selectTcmMeridianList - [debug,135] - <==      Total: 14
23:07:13.071 [http-nio-8006-exec-29] DEBUG c.r.h.m.T.selectTcmTreatmentTemplateList - [debug,135] - ==>  Preparing: select id, name, disease, category, description, acupoints_json, formula_ids, advice, notes, is_active, deleted_at, create_time, update_time from tcm_treatment_template WHERE deleted_at IS NULL order by category asc, name asc
23:07:13.071 [http-nio-8006-exec-29] DEBUG c.r.h.m.T.selectTcmTreatmentTemplateList - [debug,135] - ==> Parameters: 
23:07:13.072 [http-nio-8006-exec-29] DEBUG c.r.h.m.T.selectTcmTreatmentTemplateList - [debug,135] - <==      Total: 10
23:07:13.919 [http-nio-8006-exec-30] DEBUG c.r.h.m.T.selectTcmConsultationById - [debug,135] - ==>  Preparing: select id, consultation_id, patient_id, practitioner_id, consult_date, status, branch_id, locked_at, version, deleted_at, payload, create_time, update_time from tcm_consultation where id = ?
23:07:13.920 [http-nio-8006-exec-30] DEBUG c.r.h.m.T.selectTcmConsultationById - [debug,135] - ==> Parameters: consult-e2e-20260328230641(String)
23:07:13.920 [http-nio-8006-exec-30] DEBUG c.r.h.m.T.selectTcmConsultationById - [debug,135] - <==      Total: 1
23:07:13.921 [http-nio-8006-exec-30] DEBUG c.r.h.m.T.selectTcmPatientList - [debug,135] - ==>  Preparing: select id, name, first_name, last_name, email, phone, practitioner_id, is_active, consent_signed, consent_signed_at, consent_token, consent_token_expires, merged_into, deleted_at, payload, create_time, update_time from tcm_patient WHERE deleted_at IS NULL
23:07:13.921 [http-nio-8006-exec-30] DEBUG c.r.h.m.T.selectTcmPatientList - [debug,135] - ==> Parameters: 
23:07:13.922 [http-nio-8006-exec-30] DEBUG c.r.h.m.T.selectTcmPatientList - [debug,135] - <==      Total: 3
23:07:13.923 [http-nio-8006-exec-30] DEBUG c.r.h.m.T.selectTcmConsultationList - [debug,135] - ==>  Preparing: select id, consultation_id, patient_id, practitioner_id, consult_date, status, branch_id, locked_at, version, deleted_at, payload, create_time, update_time from tcm_consultation WHERE deleted_at IS NULL
23:07:13.923 [http-nio-8006-exec-30] DEBUG c.r.h.m.T.selectTcmConsultationList - [debug,135] - ==> Parameters: 
23:07:13.926 [http-nio-8006-exec-30] DEBUG c.r.h.m.T.selectTcmConsultationList - [debug,135] - <==      Total: 9
23:07:13.927 [http-nio-8006-exec-30] DEBUG c.r.h.m.T.selectTcmConsultationById - [debug,135] - ==>  Preparing: select id, consultation_id, patient_id, practitioner_id, consult_date, status, branch_id, locked_at, version, deleted_at, payload, create_time, update_time from tcm_consultation where id = ?
23:07:13.927 [http-nio-8006-exec-30] DEBUG c.r.h.m.T.selectTcmConsultationById - [debug,135] - ==> Parameters: consult-e2e-20260328230641(String)
23:07:13.928 [http-nio-8006-exec-30] DEBUG c.r.h.m.T.selectTcmConsultationById - [debug,135] - <==      Total: 1
23:07:13.929 [http-nio-8006-exec-30] DEBUG c.r.h.m.T.updateTcmConsultation - [debug,135] - ==>  Preparing: update tcm_consultation SET consultation_id = ?, patient_id = ?, practitioner_id = ?, consult_date = ?, status = ?, branch_id = ?, locked_at = ?, version = ?, deleted_at = ?, payload = ?, update_time = sysdate() where id = ?
23:07:13.929 [http-nio-8006-exec-30] DEBUG c.r.h.m.T.updateTcmConsultation - [debug,135] - ==> Parameters: ORD-E2E-20260328230641(String), patient-1(String), 101(String), 2026-03-28(String), paid(String), branch-main(String), 2026-03-28 23:07:12(String), 1(Integer), null, {"taxAmount":0,"servicePriceList":"pricelist-default","taxable":false,"formulaName":"E2E库存联动20260328230641","acupuncture":[],"discountType":"none","totalWithoutTax":0.8,"currency":"CAD","prescriptionType":"raw_herbs","services":[],"diff":{},"chiefComplaintDescription":"用于验证库存扣减时机与发药联动","herbals":[{"dosage":10,"name":"黄芪","unit":"g","inventoryId":"inv-4","herbDictId":"herb-053","supplierName":"本草药材"}],"discountValue":0,"summary":"用于验证库存扣减时机与发药联动","comments":"","modifications":[{"date":"2026-03-28 23:07:12","type":"payment","action":"收款并锁定","userId":"100","changes":"支付方式: manual；收款金额: 0.8；已生成发票；库存已预扣：raw_herbs 1味"},{"date":"2026-03-28 23:07:13","type":"dispense","action":"完成发药","userId":"100","changes":"raw_herbs 1味（库存已在收款时预扣）"}],"documents":[],"differentiation":"气虚","treatment":"补气","previousPrognosisReview":"","prescriptions":[{"quantity":1,"preferredUnit":"g","whereToGet":"In-store 店内取药","id":"rx-e2e-20260328230641","direction":"内服 Oral intake","formulaName":"E2E库存联动20260328230641","items":[{"convertedUnit":"g","dosage":10,"herbDictId":"herb-053","name":"黄芪","supplier":"本草药材","inventoryId":"inv-4","unit":"g","pricePerUnit":0.08,"subtotal":0.8,"supplierName":"本草药材","convertedQty":10}],"subtotal":0.8,"prescriptionType":"raw_herbs","perDoseSubtotal":0.8,"dispensingCompleted":false}],"consultationFee":0,"chiefComplaint":"E2E库存联动","consultationFeeTaxable":false,"includeRxAmount":true,"totalAmount":0.8,"add3rdParty":false,"prognosis":"","feedback":"","historyAndMedicationSourceConsultId":"consult-1","historyAndMedicationSourceConsultDate":"2024-02-01","paidAt":"2026-03-28 23:07:12","paidBy":"100","dispensingCompleted":true,"paymentMethod":"manual","inventoryDeductedAtPayment":true,"inventoryDeductedAt":"2026-03-28 23:07:12","inventoryDeductedBy":"100","invoicePdfUrl":"/api/public/files/access?resource=hospital-private%2F2026%2F03%2F28%2Finvoice_5e04129996114c5294ec5fcd5c7e3eef.pdf&expires=1774710732601&signature=QSX1uTVD_OzCVULR10dDmuVGIc5PTBjETStm8fxAaS4","invoicePdfPath":"hospital-private/2026/03/28/invoice_5e04129996114c5294ec5fcd5c7e3eef.pdf","invoiceGeneratedAt":"2026-03-28 23:07:12","dispensingCompletedAt":"2026-03-28 23:07:13","dispensedBy":"100"}(String), consult-e2e-20260328230641(String)
23:07:13.931 [http-nio-8006-exec-30] DEBUG c.r.h.m.T.updateTcmConsultation - [debug,135] - <==    Updates: 1
23:07:13.931 [http-nio-8006-exec-30] DEBUG c.r.h.m.T.insertTcmConsultationMod - [debug,135] - ==>  Preparing: insert into tcm_consultation_mod ( consultation_id, mod_date, mod_type, action, user_id, version, changes, create_time )values( ?, ?, ?, ?, ?, ?, ?, sysdate() )
23:07:13.931 [http-nio-8006-exec-30] DEBUG c.r.h.m.T.insertTcmConsultationMod - [debug,135] - ==> Parameters: ORD-E2E-20260328230641(String), 2026-03-28 23:07:13(String), dispense(String), Dispensing completed(String), 100(String), 1(Integer), raw_herbs 1味（库存已在收款时预扣）(String)
23:07:13.933 [http-nio-8006-exec-30] DEBUG c.r.h.m.T.insertTcmConsultationMod - [debug,135] - <==    Updates: 1
23:07:13.933 [http-nio-8006-exec-30] DEBUG c.r.h.m.T.selectTcmConsultationById - [debug,135] - ==>  Preparing: select id, consultation_id, patient_id, practitioner_id, consult_date, status, branch_id, locked_at, version, deleted_at, payload, create_time, update_time from tcm_consultation where id = ?
23:07:13.933 [http-nio-8006-exec-30] DEBUG c.r.h.m.T.selectTcmConsultationById - [debug,135] - ==> Parameters: consult-e2e-20260328230641(String)
23:07:13.933 [http-nio-8006-exec-30] DEBUG c.r.h.m.T.selectTcmConsultationById - [debug,135] - <==      Total: 1
23:07:15.132 [http-nio-8006-exec-31] DEBUG c.r.h.m.T.selectTcmInventoryItemList - [debug,135] - ==>  Preparing: select id, name, category, unit, quantity, price_per_unit, min_stock_level, supplier, supplier_id, grams_per_packet, branch_id, is_active, deleted_at, herb_dict_id, payload, create_time, update_time from tcm_inventory_item WHERE deleted_at IS NULL
23:07:15.133 [http-nio-8006-exec-31] DEBUG c.r.h.m.T.selectTcmInventoryItemList - [debug,135] - ==> Parameters: 
23:07:15.134 [http-nio-8006-exec-31] DEBUG c.r.h.m.T.selectTcmInventoryItemList - [debug,135] - <==      Total: 13
23:08:11.983 [http-nio-8006-exec-33] DEBUG c.r.s.m.S.selectUserByUserName - [debug,135] - ==>  Preparing: select u.user_id, u.dept_id, u.user_name, u.nick_name, u.email, u.avatar, u.phonenumber, u.password, u.sex, u.status, u.del_flag, u.login_ip, u.login_date, u.pwd_update_date, u.create_by, u.create_time, u.remark, d.dept_id, d.parent_id, d.ancestors, d.dept_name, d.order_num, d.leader, d.status as dept_status, r.role_id, r.role_name, r.role_key, r.role_sort, r.data_scope, r.status as role_status from sys_user u left join sys_dept d on u.dept_id = d.dept_id left join sys_user_role ur on u.user_id = ur.user_id left join sys_role r on r.role_id = ur.role_id where (u.user_name = ? or u.email = ? or u.phonenumber = ?) and u.del_flag = '0'
23:08:11.985 [http-nio-8006-exec-33] DEBUG c.r.s.m.S.selectUserByUserName - [debug,135] - ==> Parameters: admin@clinic.com(String), admin@clinic.com(String), admin@clinic.com(String)
23:08:11.986 [http-nio-8006-exec-33] DEBUG c.r.s.m.S.selectUserByUserName - [debug,135] - <==      Total: 1
23:08:12.108 [http-nio-8006-exec-33] DEBUG c.r.h.m.T.insertTcmConsultationMod - [debug,135] - ==>  Preparing: insert into tcm_consultation_mod ( consultation_id, mod_date, mod_type, action, user_id, version, changes, create_time )values( ?, ?, ?, ?, ?, ?, ?, sysdate() )
23:08:12.110 [http-nio-8006-exec-33] DEBUG c.r.h.m.T.insertTcmConsultationMod - [debug,135] - ==> Parameters: 100(String), 2026-03-28 23:08:12(String), user(String), LOGIN(String), 100(String), 1(Integer), {"targetType":"user","targetId":"100","targetName":"张管理","details":"用户登录成功"}(String)
23:08:12.112 [http-nio-8006-exec-33] DEBUG c.r.h.m.T.insertTcmConsultationMod - [debug,135] - <==    Updates: 1
23:08:12.130 [http-nio-8006-exec-35] DEBUG c.r.h.m.T.selectTcmInventoryItemById - [debug,135] - ==>  Preparing: select id, name, category, unit, quantity, price_per_unit, min_stock_level, supplier, supplier_id, grams_per_packet, branch_id, is_active, deleted_at, herb_dict_id, payload, create_time, update_time from tcm_inventory_item where id = ?
23:08:12.131 [http-nio-8006-exec-35] DEBUG c.r.h.m.T.selectTcmInventoryItemById - [debug,135] - ==> Parameters: inv-4(String)
23:08:12.131 [http-nio-8006-exec-35] DEBUG c.r.h.m.T.selectTcmInventoryItemById - [debug,135] - <==      Total: 1
23:08:12.132 [http-nio-8006-exec-35] DEBUG c.r.h.m.T.updateTcmInventoryItem - [debug,135] - ==>  Preparing: update tcm_inventory_item SET name = ?, category = ?, unit = ?, quantity = ?, price_per_unit = ?, min_stock_level = ?, supplier = ?, supplier_id = ?, branch_id = ?, is_active = ?, deleted_at = ?, payload = ?, update_time = sysdate() where id = ?
23:08:12.132 [http-nio-8006-exec-35] DEBUG c.r.h.m.T.updateTcmInventoryItem - [debug,135] - ==> Parameters: 黄芪(String), raw_herbs(String), g(String), 2000.00(BigDecimal), 0.0800(BigDecimal), 500.00(BigDecimal), 本草药材(String), supplier-3(String), branch-main(String), 1(Integer), null, null, inv-4(String)
23:08:12.133 [http-nio-8006-exec-35] DEBUG c.r.h.m.T.updateTcmInventoryItem - [debug,135] - <==    Updates: 1
23:08:12.143 [http-nio-8006-exec-37] DEBUG c.r.h.m.T.selectTcmConsultationById - [debug,135] - ==>  Preparing: select id, consultation_id, patient_id, practitioner_id, consult_date, status, branch_id, locked_at, version, deleted_at, payload, create_time, update_time from tcm_consultation where id = ?
23:08:12.144 [http-nio-8006-exec-37] DEBUG c.r.h.m.T.selectTcmConsultationById - [debug,135] - ==> Parameters: consult-e2e-20260328225105(String)
23:08:12.145 [http-nio-8006-exec-37] DEBUG c.r.h.m.T.selectTcmConsultationById - [debug,135] - <==      Total: 1
23:08:12.146 [http-nio-8006-exec-37] DEBUG c.r.h.m.T.selectTcmPatientList - [debug,135] - ==>  Preparing: select id, name, first_name, last_name, email, phone, practitioner_id, is_active, consent_signed, consent_signed_at, consent_token, consent_token_expires, merged_into, deleted_at, payload, create_time, update_time from tcm_patient WHERE deleted_at IS NULL
23:08:12.146 [http-nio-8006-exec-37] DEBUG c.r.h.m.T.selectTcmPatientList - [debug,135] - ==> Parameters: 
23:08:12.147 [http-nio-8006-exec-37] DEBUG c.r.h.m.T.selectTcmPatientList - [debug,135] - <==      Total: 3
23:08:12.147 [http-nio-8006-exec-37] DEBUG c.r.h.m.T.selectTcmConsultationList - [debug,135] - ==>  Preparing: select id, consultation_id, patient_id, practitioner_id, consult_date, status, branch_id, locked_at, version, deleted_at, payload, create_time, update_time from tcm_consultation WHERE deleted_at IS NULL
23:08:12.148 [http-nio-8006-exec-37] DEBUG c.r.h.m.T.selectTcmConsultationList - [debug,135] - ==> Parameters: 
23:08:12.149 [http-nio-8006-exec-37] DEBUG c.r.h.m.T.selectTcmConsultationList - [debug,135] - <==      Total: 9
23:08:12.149 [http-nio-8006-exec-37] DEBUG c.r.h.m.T.selectTcmConsultationById - [debug,135] - ==>  Preparing: select id, consultation_id, patient_id, practitioner_id, consult_date, status, branch_id, locked_at, version, deleted_at, payload, create_time, update_time from tcm_consultation where id = ?
23:08:12.149 [http-nio-8006-exec-37] DEBUG c.r.h.m.T.selectTcmConsultationById - [debug,135] - ==> Parameters: consult-e2e-20260328225105(String)
23:08:12.150 [http-nio-8006-exec-37] DEBUG c.r.h.m.T.selectTcmConsultationById - [debug,135] - <==      Total: 1
23:08:12.151 [http-nio-8006-exec-37] ERROR c.r.h.c.TcmExceptionHandler - [handleServiceException,35] - TCM业务异常: 已付款或已锁定的问诊不能删除
23:08:12.155 [http-nio-8006-exec-37] WARN  o.s.w.s.m.m.a.ExceptionHandlerExceptionResolver - [logException,208] - Resolved [com.ruoyi.common.exception.ServiceException: 已付款或已锁定的问诊不能删除]
23:08:12.198 [http-nio-8006-exec-38] DEBUG c.r.h.m.T.selectTcmConsultationById - [debug,135] - ==>  Preparing: select id, consultation_id, patient_id, practitioner_id, consult_date, status, branch_id, locked_at, version, deleted_at, payload, create_time, update_time from tcm_consultation where id = ?
23:08:12.199 [http-nio-8006-exec-38] DEBUG c.r.h.m.T.selectTcmConsultationById - [debug,135] - ==> Parameters: consult-e2e-20260328225516(String)
23:08:12.200 [http-nio-8006-exec-38] DEBUG c.r.h.m.T.selectTcmConsultationById - [debug,135] - <==      Total: 1
23:08:12.200 [http-nio-8006-exec-38] DEBUG c.r.h.m.T.selectTcmPatientList - [debug,135] - ==>  Preparing: select id, name, first_name, last_name, email, phone, practitioner_id, is_active, consent_signed, consent_signed_at, consent_token, consent_token_expires, merged_into, deleted_at, payload, create_time, update_time from tcm_patient WHERE deleted_at IS NULL
23:08:12.200 [http-nio-8006-exec-38] DEBUG c.r.h.m.T.selectTcmPatientList - [debug,135] - ==> Parameters: 
23:08:12.201 [http-nio-8006-exec-38] DEBUG c.r.h.m.T.selectTcmPatientList - [debug,135] - <==      Total: 3
23:08:12.201 [http-nio-8006-exec-38] DEBUG c.r.h.m.T.selectTcmConsultationList - [debug,135] - ==>  Preparing: select id, consultation_id, patient_id, practitioner_id, consult_date, status, branch_id, locked_at, version, deleted_at, payload, create_time, update_time from tcm_consultation WHERE deleted_at IS NULL
23:08:12.202 [http-nio-8006-exec-38] DEBUG c.r.h.m.T.selectTcmConsultationList - [debug,135] - ==> Parameters: 
23:08:12.203 [http-nio-8006-exec-38] DEBUG c.r.h.m.T.selectTcmConsultationList - [debug,135] - <==      Total: 9
23:08:12.204 [http-nio-8006-exec-38] DEBUG c.r.h.m.T.selectTcmConsultationById - [debug,135] - ==>  Preparing: select id, consultation_id, patient_id, practitioner_id, consult_date, status, branch_id, locked_at, version, deleted_at, payload, create_time, update_time from tcm_consultation where id = ?
23:08:12.204 [http-nio-8006-exec-38] DEBUG c.r.h.m.T.selectTcmConsultationById - [debug,135] - ==> Parameters: consult-e2e-20260328225516(String)
23:08:12.204 [http-nio-8006-exec-38] DEBUG c.r.h.m.T.selectTcmConsultationById - [debug,135] - <==      Total: 1
23:08:12.205 [http-nio-8006-exec-38] ERROR c.r.h.c.TcmExceptionHandler - [handleServiceException,35] - TCM业务异常: 已付款或已锁定的问诊不能删除
23:08:12.205 [http-nio-8006-exec-38] WARN  o.s.w.s.m.m.a.ExceptionHandlerExceptionResolver - [logException,208] - Resolved [com.ruoyi.common.exception.ServiceException: 已付款或已锁定的问诊不能删除]
23:08:12.213 [http-nio-8006-exec-39] DEBUG c.r.h.m.T.selectTcmConsultationById - [debug,135] - ==>  Preparing: select id, consultation_id, patient_id, practitioner_id, consult_date, status, branch_id, locked_at, version, deleted_at, payload, create_time, update_time from tcm_consultation where id = ?
23:08:12.213 [http-nio-8006-exec-39] DEBUG c.r.h.m.T.selectTcmConsultationById - [debug,135] - ==> Parameters: consult-e2e-20260328225700(String)
23:08:12.215 [http-nio-8006-exec-39] DEBUG c.r.h.m.T.selectTcmConsultationById - [debug,135] - <==      Total: 1
23:08:12.216 [http-nio-8006-exec-39] DEBUG c.r.h.m.T.selectTcmPatientList - [debug,135] - ==>  Preparing: select id, name, first_name, last_name, email, phone, practitioner_id, is_active, consent_signed, consent_signed_at, consent_token, consent_token_expires, merged_into, deleted_at, payload, create_time, update_time from tcm_patient WHERE deleted_at IS NULL
23:08:12.216 [http-nio-8006-exec-39] DEBUG c.r.h.m.T.selectTcmPatientList - [debug,135] - ==> Parameters: 
23:08:12.216 [http-nio-8006-exec-39] DEBUG c.r.h.m.T.selectTcmPatientList - [debug,135] - <==      Total: 3
23:08:12.217 [http-nio-8006-exec-39] DEBUG c.r.h.m.T.selectTcmConsultationList - [debug,135] - ==>  Preparing: select id, consultation_id, patient_id, practitioner_id, consult_date, status, branch_id, locked_at, version, deleted_at, payload, create_time, update_time from tcm_consultation WHERE deleted_at IS NULL
23:08:12.217 [http-nio-8006-exec-39] DEBUG c.r.h.m.T.selectTcmConsultationList - [debug,135] - ==> Parameters: 
23:08:12.220 [http-nio-8006-exec-39] DEBUG c.r.h.m.T.selectTcmConsultationList - [debug,135] - <==      Total: 9
23:08:12.220 [http-nio-8006-exec-39] DEBUG c.r.h.m.T.selectTcmConsultationById - [debug,135] - ==>  Preparing: select id, consultation_id, patient_id, practitioner_id, consult_date, status, branch_id, locked_at, version, deleted_at, payload, create_time, update_time from tcm_consultation where id = ?
23:08:12.220 [http-nio-8006-exec-39] DEBUG c.r.h.m.T.selectTcmConsultationById - [debug,135] - ==> Parameters: consult-e2e-20260328225700(String)
23:08:12.222 [http-nio-8006-exec-39] DEBUG c.r.h.m.T.selectTcmConsultationById - [debug,135] - <==      Total: 1
23:08:12.222 [http-nio-8006-exec-39] ERROR c.r.h.c.TcmExceptionHandler - [handleServiceException,35] - TCM业务异常: 已付款或已锁定的问诊不能删除
23:08:12.223 [http-nio-8006-exec-39] WARN  o.s.w.s.m.m.a.ExceptionHandlerExceptionResolver - [logException,208] - Resolved [com.ruoyi.common.exception.ServiceException: 已付款或已锁定的问诊不能删除]
23:08:12.228 [http-nio-8006-exec-40] DEBUG c.r.h.m.T.selectTcmConsultationById - [debug,135] - ==>  Preparing: select id, consultation_id, patient_id, practitioner_id, consult_date, status, branch_id, locked_at, version, deleted_at, payload, create_time, update_time from tcm_consultation where id = ?
23:08:12.229 [http-nio-8006-exec-40] DEBUG c.r.h.m.T.selectTcmConsultationById - [debug,135] - ==> Parameters: consult-e2e-20260328230056(String)
23:08:12.231 [http-nio-8006-exec-40] DEBUG c.r.h.m.T.selectTcmConsultationById - [debug,135] - <==      Total: 1
23:08:12.231 [http-nio-8006-exec-40] DEBUG c.r.h.m.T.selectTcmPatientList - [debug,135] - ==>  Preparing: select id, name, first_name, last_name, email, phone, practitioner_id, is_active, consent_signed, consent_signed_at, consent_token, consent_token_expires, merged_into, deleted_at, payload, create_time, update_time from tcm_patient WHERE deleted_at IS NULL
23:08:12.232 [http-nio-8006-exec-40] DEBUG c.r.h.m.T.selectTcmPatientList - [debug,135] - ==> Parameters: 
23:08:12.233 [http-nio-8006-exec-40] DEBUG c.r.h.m.T.selectTcmPatientList - [debug,135] - <==      Total: 3
23:08:12.233 [http-nio-8006-exec-40] DEBUG c.r.h.m.T.selectTcmConsultationList - [debug,135] - ==>  Preparing: select id, consultation_id, patient_id, practitioner_id, consult_date, status, branch_id, locked_at, version, deleted_at, payload, create_time, update_time from tcm_consultation WHERE deleted_at IS NULL
23:08:12.233 [http-nio-8006-exec-40] DEBUG c.r.h.m.T.selectTcmConsultationList - [debug,135] - ==> Parameters: 
23:08:12.235 [http-nio-8006-exec-40] DEBUG c.r.h.m.T.selectTcmConsultationList - [debug,135] - <==      Total: 9
23:08:12.235 [http-nio-8006-exec-40] DEBUG c.r.h.m.T.selectTcmConsultationById - [debug,135] - ==>  Preparing: select id, consultation_id, patient_id, practitioner_id, consult_date, status, branch_id, locked_at, version, deleted_at, payload, create_time, update_time from tcm_consultation where id = ?
23:08:12.235 [http-nio-8006-exec-40] DEBUG c.r.h.m.T.selectTcmConsultationById - [debug,135] - ==> Parameters: consult-e2e-20260328230056(String)
23:08:12.236 [http-nio-8006-exec-40] DEBUG c.r.h.m.T.selectTcmConsultationById - [debug,135] - <==      Total: 1
23:08:12.236 [http-nio-8006-exec-40] ERROR c.r.h.c.TcmExceptionHandler - [handleServiceException,35] - TCM业务异常: 已付款或已锁定的问诊不能删除
23:08:12.238 [http-nio-8006-exec-40] WARN  o.s.w.s.m.m.a.ExceptionHandlerExceptionResolver - [logException,208] - Resolved [com.ruoyi.common.exception.ServiceException: 已付款或已锁定的问诊不能删除]
23:08:12.244 [http-nio-8006-exec-41] DEBUG c.r.h.m.T.selectTcmConsultationById - [debug,135] - ==>  Preparing: select id, consultation_id, patient_id, practitioner_id, consult_date, status, branch_id, locked_at, version, deleted_at, payload, create_time, update_time from tcm_consultation where id = ?
23:08:12.244 [http-nio-8006-exec-41] DEBUG c.r.h.m.T.selectTcmConsultationById - [debug,135] - ==> Parameters: consult-e2e-20260328230350(String)
23:08:12.245 [http-nio-8006-exec-41] DEBUG c.r.h.m.T.selectTcmConsultationById - [debug,135] - <==      Total: 1
23:08:12.246 [http-nio-8006-exec-41] DEBUG c.r.h.m.T.selectTcmPatientList - [debug,135] - ==>  Preparing: select id, name, first_name, last_name, email, phone, practitioner_id, is_active, consent_signed, consent_signed_at, consent_token, consent_token_expires, merged_into, deleted_at, payload, create_time, update_time from tcm_patient WHERE deleted_at IS NULL
23:08:12.246 [http-nio-8006-exec-41] DEBUG c.r.h.m.T.selectTcmPatientList - [debug,135] - ==> Parameters: 
23:08:12.247 [http-nio-8006-exec-41] DEBUG c.r.h.m.T.selectTcmPatientList - [debug,135] - <==      Total: 3
23:08:12.248 [http-nio-8006-exec-41] DEBUG c.r.h.m.T.selectTcmConsultationList - [debug,135] - ==>  Preparing: select id, consultation_id, patient_id, practitioner_id, consult_date, status, branch_id, locked_at, version, deleted_at, payload, create_time, update_time from tcm_consultation WHERE deleted_at IS NULL
23:08:12.248 [http-nio-8006-exec-41] DEBUG c.r.h.m.T.selectTcmConsultationList - [debug,135] - ==> Parameters: 
23:08:12.250 [http-nio-8006-exec-41] DEBUG c.r.h.m.T.selectTcmConsultationList - [debug,135] - <==      Total: 9
23:08:12.250 [http-nio-8006-exec-41] DEBUG c.r.h.m.T.selectTcmConsultationById - [debug,135] - ==>  Preparing: select id, consultation_id, patient_id, practitioner_id, consult_date, status, branch_id, locked_at, version, deleted_at, payload, create_time, update_time from tcm_consultation where id = ?
23:08:12.251 [http-nio-8006-exec-41] DEBUG c.r.h.m.T.selectTcmConsultationById - [debug,135] - ==> Parameters: consult-e2e-20260328230350(String)
23:08:12.251 [http-nio-8006-exec-41] DEBUG c.r.h.m.T.selectTcmConsultationById - [debug,135] - <==      Total: 1
23:08:12.252 [http-nio-8006-exec-41] ERROR c.r.h.c.TcmExceptionHandler - [handleServiceException,35] - TCM业务异常: 已付款或已锁定的问诊不能删除
23:08:12.253 [http-nio-8006-exec-41] WARN  o.s.w.s.m.m.a.ExceptionHandlerExceptionResolver - [logException,208] - Resolved [com.ruoyi.common.exception.ServiceException: 已付款或已锁定的问诊不能删除]
23:08:12.258 [http-nio-8006-exec-43] DEBUG c.r.h.m.T.selectTcmConsultationById - [debug,135] - ==>  Preparing: select id, consultation_id, patient_id, practitioner_id, consult_date, status, branch_id, locked_at, version, deleted_at, payload, create_time, update_time from tcm_consultation where id = ?
23:08:12.259 [http-nio-8006-exec-43] DEBUG c.r.h.m.T.selectTcmConsultationById - [debug,135] - ==> Parameters: consult-e2e-20260328230641(String)
23:08:12.260 [http-nio-8006-exec-43] DEBUG c.r.h.m.T.selectTcmConsultationById - [debug,135] - <==      Total: 1
23:08:12.261 [http-nio-8006-exec-43] DEBUG c.r.h.m.T.selectTcmPatientList - [debug,135] - ==>  Preparing: select id, name, first_name, last_name, email, phone, practitioner_id, is_active, consent_signed, consent_signed_at, consent_token, consent_token_expires, merged_into, deleted_at, payload, create_time, update_time from tcm_patient WHERE deleted_at IS NULL
23:08:12.262 [http-nio-8006-exec-43] DEBUG c.r.h.m.T.selectTcmPatientList - [debug,135] - ==> Parameters: 
23:08:12.262 [http-nio-8006-exec-43] DEBUG c.r.h.m.T.selectTcmPatientList - [debug,135] - <==      Total: 3
23:08:12.263 [http-nio-8006-exec-43] DEBUG c.r.h.m.T.selectTcmConsultationList - [debug,135] - ==>  Preparing: select id, consultation_id, patient_id, practitioner_id, consult_date, status, branch_id, locked_at, version, deleted_at, payload, create_time, update_time from tcm_consultation WHERE deleted_at IS NULL
23:08:12.263 [http-nio-8006-exec-43] DEBUG c.r.h.m.T.selectTcmConsultationList - [debug,135] - ==> Parameters: 
23:08:12.265 [http-nio-8006-exec-43] DEBUG c.r.h.m.T.selectTcmConsultationList - [debug,135] - <==      Total: 9
23:08:12.265 [http-nio-8006-exec-43] DEBUG c.r.h.m.T.selectTcmConsultationById - [debug,135] - ==>  Preparing: select id, consultation_id, patient_id, practitioner_id, consult_date, status, branch_id, locked_at, version, deleted_at, payload, create_time, update_time from tcm_consultation where id = ?
23:08:12.265 [http-nio-8006-exec-43] DEBUG c.r.h.m.T.selectTcmConsultationById - [debug,135] - ==> Parameters: consult-e2e-20260328230641(String)
23:08:12.266 [http-nio-8006-exec-43] DEBUG c.r.h.m.T.selectTcmConsultationById - [debug,135] - <==      Total: 1
23:08:12.267 [http-nio-8006-exec-43] ERROR c.r.h.c.TcmExceptionHandler - [handleServiceException,35] - TCM业务异常: 已付款或已锁定的问诊不能删除
23:08:12.268 [http-nio-8006-exec-43] WARN  o.s.w.s.m.m.a.ExceptionHandlerExceptionResolver - [logException,208] - Resolved [com.ruoyi.common.exception.ServiceException: 已付款或已锁定的问诊不能删除]
23:08:12.273 [http-nio-8006-exec-42] DEBUG c.r.h.m.T.selectTcmConsultationById - [debug,135] - ==>  Preparing: select id, consultation_id, patient_id, practitioner_id, consult_date, status, branch_id, locked_at, version, deleted_at, payload, create_time, update_time from tcm_consultation where id = ?
23:08:12.274 [http-nio-8006-exec-42] DEBUG c.r.h.m.T.selectTcmConsultationById - [debug,135] - ==> Parameters: consult-api-20260328230618(String)
23:08:12.275 [http-nio-8006-exec-42] DEBUG c.r.h.m.T.selectTcmConsultationById - [debug,135] - <==      Total: 1
23:08:12.276 [http-nio-8006-exec-42] DEBUG c.r.h.m.T.selectTcmPatientList - [debug,135] - ==>  Preparing: select id, name, first_name, last_name, email, phone, practitioner_id, is_active, consent_signed, consent_signed_at, consent_token, consent_token_expires, merged_into, deleted_at, payload, create_time, update_time from tcm_patient WHERE deleted_at IS NULL
23:08:12.276 [http-nio-8006-exec-42] DEBUG c.r.h.m.T.selectTcmPatientList - [debug,135] - ==> Parameters: 
23:08:12.277 [http-nio-8006-exec-42] DEBUG c.r.h.m.T.selectTcmPatientList - [debug,135] - <==      Total: 3
23:08:12.277 [http-nio-8006-exec-42] DEBUG c.r.h.m.T.selectTcmConsultationList - [debug,135] - ==>  Preparing: select id, consultation_id, patient_id, practitioner_id, consult_date, status, branch_id, locked_at, version, deleted_at, payload, create_time, update_time from tcm_consultation WHERE deleted_at IS NULL
23:08:12.277 [http-nio-8006-exec-42] DEBUG c.r.h.m.T.selectTcmConsultationList - [debug,135] - ==> Parameters: 
23:08:12.279 [http-nio-8006-exec-42] DEBUG c.r.h.m.T.selectTcmConsultationList - [debug,135] - <==      Total: 9
23:08:12.279 [http-nio-8006-exec-42] DEBUG c.r.h.m.T.selectTcmConsultationById - [debug,135] - ==>  Preparing: select id, consultation_id, patient_id, practitioner_id, consult_date, status, branch_id, locked_at, version, deleted_at, payload, create_time, update_time from tcm_consultation where id = ?
23:08:12.280 [http-nio-8006-exec-42] DEBUG c.r.h.m.T.selectTcmConsultationById - [debug,135] - ==> Parameters: consult-api-20260328230618(String)
23:08:12.280 [http-nio-8006-exec-42] DEBUG c.r.h.m.T.selectTcmConsultationById - [debug,135] - <==      Total: 1
23:08:12.281 [http-nio-8006-exec-42] ERROR c.r.h.c.TcmExceptionHandler - [handleServiceException,35] - TCM业务异常: 已付款或已锁定的问诊不能删除
23:08:12.282 [http-nio-8006-exec-42] WARN  o.s.w.s.m.m.a.ExceptionHandlerExceptionResolver - [logException,208] - Resolved [com.ruoyi.common.exception.ServiceException: 已付款或已锁定的问诊不能删除]
23:08:12.297 [http-nio-8006-exec-44] DEBUG c.r.h.m.T.selectTcmInventoryItemList - [debug,135] - ==>  Preparing: select id, name, category, unit, quantity, price_per_unit, min_stock_level, supplier, supplier_id, grams_per_packet, branch_id, is_active, deleted_at, herb_dict_id, payload, create_time, update_time from tcm_inventory_item WHERE deleted_at IS NULL
23:08:12.297 [http-nio-8006-exec-44] DEBUG c.r.h.m.T.selectTcmInventoryItemList - [debug,135] - ==> Parameters: 
23:08:12.299 [http-nio-8006-exec-44] DEBUG c.r.h.m.T.selectTcmInventoryItemList - [debug,135] - <==      Total: 13
23:08:26.086 [http-nio-8006-exec-46] DEBUG c.r.s.m.S.selectUserByUserName - [debug,135] - ==>  Preparing: select u.user_id, u.dept_id, u.user_name, u.nick_name, u.email, u.avatar, u.phonenumber, u.password, u.sex, u.status, u.del_flag, u.login_ip, u.login_date, u.pwd_update_date, u.create_by, u.create_time, u.remark, d.dept_id, d.parent_id, d.ancestors, d.dept_name, d.order_num, d.leader, d.status as dept_status, r.role_id, r.role_name, r.role_key, r.role_sort, r.data_scope, r.status as role_status from sys_user u left join sys_dept d on u.dept_id = d.dept_id left join sys_user_role ur on u.user_id = ur.user_id left join sys_role r on r.role_id = ur.role_id where (u.user_name = ? or u.email = ? or u.phonenumber = ?) and u.del_flag = '0'
23:08:26.087 [http-nio-8006-exec-46] DEBUG c.r.s.m.S.selectUserByUserName - [debug,135] - ==> Parameters: admin@clinic.com(String), admin@clinic.com(String), admin@clinic.com(String)
23:08:26.088 [http-nio-8006-exec-46] DEBUG c.r.s.m.S.selectUserByUserName - [debug,135] - <==      Total: 1
23:08:26.218 [http-nio-8006-exec-46] DEBUG c.r.h.m.T.insertTcmConsultationMod - [debug,135] - ==>  Preparing: insert into tcm_consultation_mod ( consultation_id, mod_date, mod_type, action, user_id, version, changes, create_time )values( ?, ?, ?, ?, ?, ?, ?, sysdate() )
23:08:26.219 [http-nio-8006-exec-46] DEBUG c.r.h.m.T.insertTcmConsultationMod - [debug,135] - ==> Parameters: 100(String), 2026-03-28 23:08:26(String), user(String), LOGIN(String), 100(String), 1(Integer), {"targetType":"user","targetId":"100","targetName":"张管理","details":"用户登录成功"}(String)
23:08:26.221 [http-nio-8006-exec-46] DEBUG c.r.h.m.T.insertTcmConsultationMod - [debug,135] - <==    Updates: 1
23:08:26.237 [http-nio-8006-exec-48] DEBUG c.r.h.m.T.selectTcmConsultationById - [debug,135] - ==>  Preparing: select id, consultation_id, patient_id, practitioner_id, consult_date, status, branch_id, locked_at, version, deleted_at, payload, create_time, update_time from tcm_consultation where id = ?
23:08:26.238 [http-nio-8006-exec-48] DEBUG c.r.h.m.T.selectTcmConsultationById - [debug,135] - ==> Parameters: consult-e2e-20260328225105(String)
23:08:26.239 [http-nio-8006-exec-48] DEBUG c.r.h.m.T.selectTcmConsultationById - [debug,135] - <==      Total: 1
23:08:26.240 [http-nio-8006-exec-48] DEBUG c.r.h.m.T.selectTcmPatientList - [debug,135] - ==>  Preparing: select id, name, first_name, last_name, email, phone, practitioner_id, is_active, consent_signed, consent_signed_at, consent_token, consent_token_expires, merged_into, deleted_at, payload, create_time, update_time from tcm_patient WHERE deleted_at IS NULL
23:08:26.240 [http-nio-8006-exec-48] DEBUG c.r.h.m.T.selectTcmPatientList - [debug,135] - ==> Parameters: 
23:08:26.241 [http-nio-8006-exec-48] DEBUG c.r.h.m.T.selectTcmPatientList - [debug,135] - <==      Total: 3
23:08:26.241 [http-nio-8006-exec-48] DEBUG c.r.h.m.T.selectTcmConsultationList - [debug,135] - ==>  Preparing: select id, consultation_id, patient_id, practitioner_id, consult_date, status, branch_id, locked_at, version, deleted_at, payload, create_time, update_time from tcm_consultation WHERE deleted_at IS NULL
23:08:26.242 [http-nio-8006-exec-48] DEBUG c.r.h.m.T.selectTcmConsultationList - [debug,135] - ==> Parameters: 
23:08:26.243 [http-nio-8006-exec-48] DEBUG c.r.h.m.T.selectTcmConsultationList - [debug,135] - <==      Total: 9
23:08:26.244 [http-nio-8006-exec-48] DEBUG c.r.h.m.T.selectTcmConsultationById - [debug,135] - ==>  Preparing: select id, consultation_id, patient_id, practitioner_id, consult_date, status, branch_id, locked_at, version, deleted_at, payload, create_time, update_time from tcm_consultation where id = ?
23:08:26.244 [http-nio-8006-exec-48] DEBUG c.r.h.m.T.selectTcmConsultationById - [debug,135] - ==> Parameters: consult-e2e-20260328225105(String)
23:08:26.245 [http-nio-8006-exec-48] DEBUG c.r.h.m.T.selectTcmConsultationById - [debug,135] - <==      Total: 1
23:08:26.245 [http-nio-8006-exec-48] ERROR c.r.h.c.TcmExceptionHandler - [handleServiceException,35] - TCM业务异常: 该记录未被软删除，无法物理删除
23:08:26.246 [http-nio-8006-exec-48] WARN  o.s.w.s.m.m.a.ExceptionHandlerExceptionResolver - [logException,208] - Resolved [com.ruoyi.common.exception.ServiceException: 该记录未被软删除，无法物理删除]
23:08:26.286 [http-nio-8006-exec-49] DEBUG c.r.h.m.T.selectTcmConsultationById - [debug,135] - ==>  Preparing: select id, consultation_id, patient_id, practitioner_id, consult_date, status, branch_id, locked_at, version, deleted_at, payload, create_time, update_time from tcm_consultation where id = ?
23:08:26.287 [http-nio-8006-exec-49] DEBUG c.r.h.m.T.selectTcmConsultationById - [debug,135] - ==> Parameters: consult-e2e-20260328225516(String)
23:08:26.288 [http-nio-8006-exec-49] DEBUG c.r.h.m.T.selectTcmConsultationById - [debug,135] - <==      Total: 1
23:08:26.289 [http-nio-8006-exec-49] DEBUG c.r.h.m.T.selectTcmPatientList - [debug,135] - ==>  Preparing: select id, name, first_name, last_name, email, phone, practitioner_id, is_active, consent_signed, consent_signed_at, consent_token, consent_token_expires, merged_into, deleted_at, payload, create_time, update_time from tcm_patient WHERE deleted_at IS NULL
23:08:26.289 [http-nio-8006-exec-49] DEBUG c.r.h.m.T.selectTcmPatientList - [debug,135] - ==> Parameters: 
23:08:26.290 [http-nio-8006-exec-49] DEBUG c.r.h.m.T.selectTcmPatientList - [debug,135] - <==      Total: 3
23:08:26.291 [http-nio-8006-exec-49] DEBUG c.r.h.m.T.selectTcmConsultationList - [debug,135] - ==>  Preparing: select id, consultation_id, patient_id, practitioner_id, consult_date, status, branch_id, locked_at, version, deleted_at, payload, create_time, update_time from tcm_consultation WHERE deleted_at IS NULL
23:08:26.291 [http-nio-8006-exec-49] DEBUG c.r.h.m.T.selectTcmConsultationList - [debug,135] - ==> Parameters: 
23:08:26.292 [http-nio-8006-exec-49] DEBUG c.r.h.m.T.selectTcmConsultationList - [debug,135] - <==      Total: 9
23:08:26.293 [http-nio-8006-exec-49] DEBUG c.r.h.m.T.selectTcmConsultationById - [debug,135] - ==>  Preparing: select id, consultation_id, patient_id, practitioner_id, consult_date, status, branch_id, locked_at, version, deleted_at, payload, create_time, update_time from tcm_consultation where id = ?
23:08:26.293 [http-nio-8006-exec-49] DEBUG c.r.h.m.T.selectTcmConsultationById - [debug,135] - ==> Parameters: consult-e2e-20260328225516(String)
23:08:26.294 [http-nio-8006-exec-49] DEBUG c.r.h.m.T.selectTcmConsultationById - [debug,135] - <==      Total: 1
23:08:26.295 [http-nio-8006-exec-49] ERROR c.r.h.c.TcmExceptionHandler - [handleServiceException,35] - TCM业务异常: 该记录未被软删除，无法物理删除
23:08:26.295 [http-nio-8006-exec-49] WARN  o.s.w.s.m.m.a.ExceptionHandlerExceptionResolver - [logException,208] - Resolved [com.ruoyi.common.exception.ServiceException: 该记录未被软删除，无法物理删除]
23:08:26.303 [http-nio-8006-exec-50] DEBUG c.r.h.m.T.selectTcmConsultationById - [debug,135] - ==>  Preparing: select id, consultation_id, patient_id, practitioner_id, consult_date, status, branch_id, locked_at, version, deleted_at, payload, create_time, update_time from tcm_consultation where id = ?
23:08:26.304 [http-nio-8006-exec-50] DEBUG c.r.h.m.T.selectTcmConsultationById - [debug,135] - ==> Parameters: consult-e2e-20260328225700(String)
23:08:26.305 [http-nio-8006-exec-50] DEBUG c.r.h.m.T.selectTcmConsultationById - [debug,135] - <==      Total: 1
23:08:26.305 [http-nio-8006-exec-50] DEBUG c.r.h.m.T.selectTcmPatientList - [debug,135] - ==>  Preparing: select id, name, first_name, last_name, email, phone, practitioner_id, is_active, consent_signed, consent_signed_at, consent_token, consent_token_expires, merged_into, deleted_at, payload, create_time, update_time from tcm_patient WHERE deleted_at IS NULL
23:08:26.305 [http-nio-8006-exec-50] DEBUG c.r.h.m.T.selectTcmPatientList - [debug,135] - ==> Parameters: 
23:08:26.306 [http-nio-8006-exec-50] DEBUG c.r.h.m.T.selectTcmPatientList - [debug,135] - <==      Total: 3
23:08:26.306 [http-nio-8006-exec-50] DEBUG c.r.h.m.T.selectTcmConsultationList - [debug,135] - ==>  Preparing: select id, consultation_id, patient_id, practitioner_id, consult_date, status, branch_id, locked_at, version, deleted_at, payload, create_time, update_time from tcm_consultation WHERE deleted_at IS NULL
23:08:26.307 [http-nio-8006-exec-50] DEBUG c.r.h.m.T.selectTcmConsultationList - [debug,135] - ==> Parameters: 
23:08:26.308 [http-nio-8006-exec-50] DEBUG c.r.h.m.T.selectTcmConsultationList - [debug,135] - <==      Total: 9
23:08:26.309 [http-nio-8006-exec-50] DEBUG c.r.h.m.T.selectTcmConsultationById - [debug,135] - ==>  Preparing: select id, consultation_id, patient_id, practitioner_id, consult_date, status, branch_id, locked_at, version, deleted_at, payload, create_time, update_time from tcm_consultation where id = ?
23:08:26.309 [http-nio-8006-exec-50] DEBUG c.r.h.m.T.selectTcmConsultationById - [debug,135] - ==> Parameters: consult-e2e-20260328225700(String)
23:08:26.310 [http-nio-8006-exec-50] DEBUG c.r.h.m.T.selectTcmConsultationById - [debug,135] - <==      Total: 1
23:08:26.310 [http-nio-8006-exec-50] ERROR c.r.h.c.TcmExceptionHandler - [handleServiceException,35] - TCM业务异常: 该记录未被软删除，无法物理删除
23:08:26.311 [http-nio-8006-exec-50] WARN  o.s.w.s.m.m.a.ExceptionHandlerExceptionResolver - [logException,208] - Resolved [com.ruoyi.common.exception.ServiceException: 该记录未被软删除，无法物理删除]
23:08:26.317 [http-nio-8006-exec-51] DEBUG c.r.h.m.T.selectTcmConsultationById - [debug,135] - ==>  Preparing: select id, consultation_id, patient_id, practitioner_id, consult_date, status, branch_id, locked_at, version, deleted_at, payload, create_time, update_time from tcm_consultation where id = ?
23:08:26.318 [http-nio-8006-exec-51] DEBUG c.r.h.m.T.selectTcmConsultationById - [debug,135] - ==> Parameters: consult-e2e-20260328230056(String)
23:08:26.319 [http-nio-8006-exec-51] DEBUG c.r.h.m.T.selectTcmConsultationById - [debug,135] - <==      Total: 1
23:08:26.319 [http-nio-8006-exec-51] DEBUG c.r.h.m.T.selectTcmPatientList - [debug,135] - ==>  Preparing: select id, name, first_name, last_name, email, phone, practitioner_id, is_active, consent_signed, consent_signed_at, consent_token, consent_token_expires, merged_into, deleted_at, payload, create_time, update_time from tcm_patient WHERE deleted_at IS NULL
23:08:26.320 [http-nio-8006-exec-51] DEBUG c.r.h.m.T.selectTcmPatientList - [debug,135] - ==> Parameters: 
23:08:26.321 [http-nio-8006-exec-51] DEBUG c.r.h.m.T.selectTcmPatientList - [debug,135] - <==      Total: 3
23:08:26.321 [http-nio-8006-exec-51] DEBUG c.r.h.m.T.selectTcmConsultationList - [debug,135] - ==>  Preparing: select id, consultation_id, patient_id, practitioner_id, consult_date, status, branch_id, locked_at, version, deleted_at, payload, create_time, update_time from tcm_consultation WHERE deleted_at IS NULL
23:08:26.321 [http-nio-8006-exec-51] DEBUG c.r.h.m.T.selectTcmConsultationList - [debug,135] - ==> Parameters: 
23:08:26.323 [http-nio-8006-exec-51] DEBUG c.r.h.m.T.selectTcmConsultationList - [debug,135] - <==      Total: 9
23:08:26.323 [http-nio-8006-exec-51] DEBUG c.r.h.m.T.selectTcmConsultationById - [debug,135] - ==>  Preparing: select id, consultation_id, patient_id, practitioner_id, consult_date, status, branch_id, locked_at, version, deleted_at, payload, create_time, update_time from tcm_consultation where id = ?
23:08:26.324 [http-nio-8006-exec-51] DEBUG c.r.h.m.T.selectTcmConsultationById - [debug,135] - ==> Parameters: consult-e2e-20260328230056(String)
23:08:26.325 [http-nio-8006-exec-51] DEBUG c.r.h.m.T.selectTcmConsultationById - [debug,135] - <==      Total: 1
23:08:26.325 [http-nio-8006-exec-51] ERROR c.r.h.c.TcmExceptionHandler - [handleServiceException,35] - TCM业务异常: 该记录未被软删除，无法物理删除
23:08:26.326 [http-nio-8006-exec-51] WARN  o.s.w.s.m.m.a.ExceptionHandlerExceptionResolver - [logException,208] - Resolved [com.ruoyi.common.exception.ServiceException: 该记录未被软删除，无法物理删除]
23:08:26.331 [http-nio-8006-exec-52] DEBUG c.r.h.m.T.selectTcmConsultationById - [debug,135] - ==>  Preparing: select id, consultation_id, patient_id, practitioner_id, consult_date, status, branch_id, locked_at, version, deleted_at, payload, create_time, update_time from tcm_consultation where id = ?
23:08:26.331 [http-nio-8006-exec-52] DEBUG c.r.h.m.T.selectTcmConsultationById - [debug,135] - ==> Parameters: consult-e2e-20260328230350(String)
23:08:26.332 [http-nio-8006-exec-52] DEBUG c.r.h.m.T.selectTcmConsultationById - [debug,135] - <==      Total: 1
23:08:26.334 [http-nio-8006-exec-52] DEBUG c.r.h.m.T.selectTcmPatientList - [debug,135] - ==>  Preparing: select id, name, first_name, last_name, email, phone, practitioner_id, is_active, consent_signed, consent_signed_at, consent_token, consent_token_expires, merged_into, deleted_at, payload, create_time, update_time from tcm_patient WHERE deleted_at IS NULL
23:08:26.334 [http-nio-8006-exec-52] DEBUG c.r.h.m.T.selectTcmPatientList - [debug,135] - ==> Parameters: 
23:08:26.335 [http-nio-8006-exec-52] DEBUG c.r.h.m.T.selectTcmPatientList - [debug,135] - <==      Total: 3
23:08:26.335 [http-nio-8006-exec-52] DEBUG c.r.h.m.T.selectTcmConsultationList - [debug,135] - ==>  Preparing: select id, consultation_id, patient_id, practitioner_id, consult_date, status, branch_id, locked_at, version, deleted_at, payload, create_time, update_time from tcm_consultation WHERE deleted_at IS NULL
23:08:26.335 [http-nio-8006-exec-52] DEBUG c.r.h.m.T.selectTcmConsultationList - [debug,135] - ==> Parameters: 
23:08:26.337 [http-nio-8006-exec-52] DEBUG c.r.h.m.T.selectTcmConsultationList - [debug,135] - <==      Total: 9
23:08:26.338 [http-nio-8006-exec-52] DEBUG c.r.h.m.T.selectTcmConsultationById - [debug,135] - ==>  Preparing: select id, consultation_id, patient_id, practitioner_id, consult_date, status, branch_id, locked_at, version, deleted_at, payload, create_time, update_time from tcm_consultation where id = ?
23:08:26.338 [http-nio-8006-exec-52] DEBUG c.r.h.m.T.selectTcmConsultationById - [debug,135] - ==> Parameters: consult-e2e-20260328230350(String)
23:08:26.339 [http-nio-8006-exec-52] DEBUG c.r.h.m.T.selectTcmConsultationById - [debug,135] - <==      Total: 1
23:08:26.339 [http-nio-8006-exec-52] ERROR c.r.h.c.TcmExceptionHandler - [handleServiceException,35] - TCM业务异常: 该记录未被软删除，无法物理删除
23:08:26.340 [http-nio-8006-exec-52] WARN  o.s.w.s.m.m.a.ExceptionHandlerExceptionResolver - [logException,208] - Resolved [com.ruoyi.common.exception.ServiceException: 该记录未被软删除，无法物理删除]
23:08:26.345 [http-nio-8006-exec-53] DEBUG c.r.h.m.T.selectTcmConsultationById - [debug,135] - ==>  Preparing: select id, consultation_id, patient_id, practitioner_id, consult_date, status, branch_id, locked_at, version, deleted_at, payload, create_time, update_time from tcm_consultation where id = ?
23:08:26.346 [http-nio-8006-exec-53] DEBUG c.r.h.m.T.selectTcmConsultationById - [debug,135] - ==> Parameters: consult-e2e-20260328230641(String)
23:08:26.347 [http-nio-8006-exec-53] DEBUG c.r.h.m.T.selectTcmConsultationById - [debug,135] - <==      Total: 1
23:08:26.347 [http-nio-8006-exec-53] DEBUG c.r.h.m.T.selectTcmPatientList - [debug,135] - ==>  Preparing: select id, name, first_name, last_name, email, phone, practitioner_id, is_active, consent_signed, consent_signed_at, consent_token, consent_token_expires, merged_into, deleted_at, payload, create_time, update_time from tcm_patient WHERE deleted_at IS NULL
23:08:26.347 [http-nio-8006-exec-53] DEBUG c.r.h.m.T.selectTcmPatientList - [debug,135] - ==> Parameters: 
23:08:26.348 [http-nio-8006-exec-53] DEBUG c.r.h.m.T.selectTcmPatientList - [debug,135] - <==      Total: 3
23:08:26.349 [http-nio-8006-exec-53] DEBUG c.r.h.m.T.selectTcmConsultationList - [debug,135] - ==>  Preparing: select id, consultation_id, patient_id, practitioner_id, consult_date, status, branch_id, locked_at, version, deleted_at, payload, create_time, update_time from tcm_consultation WHERE deleted_at IS NULL
23:08:26.349 [http-nio-8006-exec-53] DEBUG c.r.h.m.T.selectTcmConsultationList - [debug,135] - ==> Parameters: 
23:08:26.351 [http-nio-8006-exec-53] DEBUG c.r.h.m.T.selectTcmConsultationList - [debug,135] - <==      Total: 9
23:08:26.351 [http-nio-8006-exec-53] DEBUG c.r.h.m.T.selectTcmConsultationById - [debug,135] - ==>  Preparing: select id, consultation_id, patient_id, practitioner_id, consult_date, status, branch_id, locked_at, version, deleted_at, payload, create_time, update_time from tcm_consultation where id = ?
23:08:26.352 [http-nio-8006-exec-53] DEBUG c.r.h.m.T.selectTcmConsultationById - [debug,135] - ==> Parameters: consult-e2e-20260328230641(String)
23:08:26.353 [http-nio-8006-exec-53] DEBUG c.r.h.m.T.selectTcmConsultationById - [debug,135] - <==      Total: 1
23:08:26.353 [http-nio-8006-exec-53] ERROR c.r.h.c.TcmExceptionHandler - [handleServiceException,35] - TCM业务异常: 该记录未被软删除，无法物理删除
23:08:26.354 [http-nio-8006-exec-53] WARN  o.s.w.s.m.m.a.ExceptionHandlerExceptionResolver - [logException,208] - Resolved [com.ruoyi.common.exception.ServiceException: 该记录未被软删除，无法物理删除]
23:08:26.359 [http-nio-8006-exec-54] DEBUG c.r.h.m.T.selectTcmConsultationById - [debug,135] - ==>  Preparing: select id, consultation_id, patient_id, practitioner_id, consult_date, status, branch_id, locked_at, version, deleted_at, payload, create_time, update_time from tcm_consultation where id = ?
23:08:26.360 [http-nio-8006-exec-54] DEBUG c.r.h.m.T.selectTcmConsultationById - [debug,135] - ==> Parameters: consult-api-20260328230618(String)
23:08:26.361 [http-nio-8006-exec-54] DEBUG c.r.h.m.T.selectTcmConsultationById - [debug,135] - <==      Total: 1
23:08:26.361 [http-nio-8006-exec-54] DEBUG c.r.h.m.T.selectTcmPatientList - [debug,135] - ==>  Preparing: select id, name, first_name, last_name, email, phone, practitioner_id, is_active, consent_signed, consent_signed_at, consent_token, consent_token_expires, merged_into, deleted_at, payload, create_time, update_time from tcm_patient WHERE deleted_at IS NULL
23:08:26.362 [http-nio-8006-exec-54] DEBUG c.r.h.m.T.selectTcmPatientList - [debug,135] - ==> Parameters: 
23:08:26.363 [http-nio-8006-exec-54] DEBUG c.r.h.m.T.selectTcmPatientList - [debug,135] - <==      Total: 3
23:08:26.363 [http-nio-8006-exec-54] DEBUG c.r.h.m.T.selectTcmConsultationList - [debug,135] - ==>  Preparing: select id, consultation_id, patient_id, practitioner_id, consult_date, status, branch_id, locked_at, version, deleted_at, payload, create_time, update_time from tcm_consultation WHERE deleted_at IS NULL
23:08:26.363 [http-nio-8006-exec-54] DEBUG c.r.h.m.T.selectTcmConsultationList - [debug,135] - ==> Parameters: 
23:08:26.364 [http-nio-8006-exec-54] DEBUG c.r.h.m.T.selectTcmConsultationList - [debug,135] - <==      Total: 9
23:08:26.365 [http-nio-8006-exec-54] DEBUG c.r.h.m.T.selectTcmConsultationById - [debug,135] - ==>  Preparing: select id, consultation_id, patient_id, practitioner_id, consult_date, status, branch_id, locked_at, version, deleted_at, payload, create_time, update_time from tcm_consultation where id = ?
23:08:26.365 [http-nio-8006-exec-54] DEBUG c.r.h.m.T.selectTcmConsultationById - [debug,135] - ==> Parameters: consult-api-20260328230618(String)
23:08:26.366 [http-nio-8006-exec-54] DEBUG c.r.h.m.T.selectTcmConsultationById - [debug,135] - <==      Total: 1
23:08:26.367 [http-nio-8006-exec-54] ERROR c.r.h.c.TcmExceptionHandler - [handleServiceException,35] - TCM业务异常: 该记录未被软删除，无法物理删除
23:08:26.368 [http-nio-8006-exec-54] WARN  o.s.w.s.m.m.a.ExceptionHandlerExceptionResolver - [logException,208] - Resolved [com.ruoyi.common.exception.ServiceException: 该记录未被软删除，无法物理删除]
23:08:26.382 [http-nio-8006-exec-55] DEBUG c.r.h.m.T.selectTcmPatientList - [debug,135] - ==>  Preparing: select id, name, first_name, last_name, email, phone, practitioner_id, is_active, consent_signed, consent_signed_at, consent_token, consent_token_expires, merged_into, deleted_at, payload, create_time, update_time from tcm_patient WHERE deleted_at IS NULL
23:08:26.383 [http-nio-8006-exec-55] DEBUG c.r.h.m.T.selectTcmPatientList - [debug,135] - ==> Parameters: 
23:08:26.384 [http-nio-8006-exec-55] DEBUG c.r.h.m.T.selectTcmPatientList - [debug,135] - <==      Total: 3
23:08:26.385 [http-nio-8006-exec-55] DEBUG c.r.h.m.T.selectTcmConsultationList - [debug,135] - ==>  Preparing: select id, consultation_id, patient_id, practitioner_id, consult_date, status, branch_id, locked_at, version, deleted_at, payload, create_time, update_time from tcm_consultation WHERE deleted_at IS NULL
23:08:26.385 [http-nio-8006-exec-55] DEBUG c.r.h.m.T.selectTcmConsultationList - [debug,135] - ==> Parameters: 
23:08:26.387 [http-nio-8006-exec-55] DEBUG c.r.h.m.T.selectTcmConsultationList - [debug,135] - <==      Total: 9
23:11:00.088 [http-nio-8006-exec-57] DEBUG c.r.s.m.S.selectUserByUserName - [debug,135] - ==>  Preparing: select u.user_id, u.dept_id, u.user_name, u.nick_name, u.email, u.avatar, u.phonenumber, u.password, u.sex, u.status, u.del_flag, u.login_ip, u.login_date, u.pwd_update_date, u.create_by, u.create_time, u.remark, d.dept_id, d.parent_id, d.ancestors, d.dept_name, d.order_num, d.leader, d.status as dept_status, r.role_id, r.role_name, r.role_key, r.role_sort, r.data_scope, r.status as role_status from sys_user u left join sys_dept d on u.dept_id = d.dept_id left join sys_user_role ur on u.user_id = ur.user_id left join sys_role r on r.role_id = ur.role_id where (u.user_name = ? or u.email = ? or u.phonenumber = ?) and u.del_flag = '0'
23:11:00.089 [http-nio-8006-exec-57] DEBUG c.r.s.m.S.selectUserByUserName - [debug,135] - ==> Parameters: admin@clinic.com(String), admin@clinic.com(String), admin@clinic.com(String)
23:11:00.090 [http-nio-8006-exec-57] DEBUG c.r.s.m.S.selectUserByUserName - [debug,135] - <==      Total: 1
23:11:00.209 [http-nio-8006-exec-57] DEBUG c.r.h.m.T.insertTcmConsultationMod - [debug,135] - ==>  Preparing: insert into tcm_consultation_mod ( consultation_id, mod_date, mod_type, action, user_id, version, changes, create_time )values( ?, ?, ?, ?, ?, ?, ?, sysdate() )
23:11:00.210 [http-nio-8006-exec-57] DEBUG c.r.h.m.T.insertTcmConsultationMod - [debug,135] - ==> Parameters: 100(String), 2026-03-28 23:11:00(String), user(String), LOGIN(String), 100(String), 1(Integer), {"targetType":"user","targetId":"100","targetName":"张管理","details":"用户登录成功"}(String)
23:11:00.213 [http-nio-8006-exec-57] DEBUG c.r.h.m.T.insertTcmConsultationMod - [debug,135] - <==    Updates: 1
23:11:00.231 [http-nio-8006-exec-59] DEBUG c.r.h.m.T.selectTcmPatientList - [debug,135] - ==>  Preparing: select id, name, first_name, last_name, email, phone, practitioner_id, is_active, consent_signed, consent_signed_at, consent_token, consent_token_expires, merged_into, deleted_at, payload, create_time, update_time from tcm_patient WHERE deleted_at IS NULL
23:11:00.231 [http-nio-8006-exec-59] DEBUG c.r.h.m.T.selectTcmPatientList - [debug,135] - ==> Parameters: 
23:11:00.233 [http-nio-8006-exec-59] DEBUG c.r.h.m.T.selectTcmPatientList - [debug,135] - <==      Total: 3
23:11:00.233 [http-nio-8006-exec-59] DEBUG c.r.h.m.T.selectTcmConsultationList - [debug,135] - ==>  Preparing: select id, consultation_id, patient_id, practitioner_id, consult_date, status, branch_id, locked_at, version, deleted_at, payload, create_time, update_time from tcm_consultation WHERE deleted_at IS NULL
23:11:00.233 [http-nio-8006-exec-59] DEBUG c.r.h.m.T.selectTcmConsultationList - [debug,135] - ==> Parameters: 
23:11:00.235 [http-nio-8006-exec-59] DEBUG c.r.h.m.T.selectTcmConsultationList - [debug,135] - <==      Total: 2
23:14:44.475 [http-nio-8006-exec-61] DEBUG c.r.s.m.S.selectUserList - [debug,135] - ==>  Preparing: select u.user_id, u.dept_id, u.nick_name, u.user_name, u.email, u.avatar, u.phonenumber, u.sex, u.status, u.del_flag, u.login_ip, u.login_date, u.create_by, u.create_time, u.remark, d.dept_name, d.leader from sys_user u left join sys_dept d on u.dept_id = d.dept_id where u.del_flag = '0'
23:14:44.476 [http-nio-8006-exec-61] DEBUG c.r.s.m.S.selectUserList - [debug,135] - ==> Parameters: 
23:14:44.480 [http-nio-8006-exec-61] DEBUG c.r.s.m.S.selectUserList - [debug,135] - <==      Total: 8
23:14:44.481 [http-nio-8006-exec-61] DEBUG c.r.s.m.S.selectUserById - [debug,135] - ==>  Preparing: select u.user_id, u.dept_id, u.user_name, u.nick_name, u.email, u.avatar, u.phonenumber, u.password, u.sex, u.status, u.del_flag, u.login_ip, u.login_date, u.pwd_update_date, u.create_by, u.create_time, u.remark, d.dept_id, d.parent_id, d.ancestors, d.dept_name, d.order_num, d.leader, d.status as dept_status, r.role_id, r.role_name, r.role_key, r.role_sort, r.data_scope, r.status as role_status from sys_user u left join sys_dept d on u.dept_id = d.dept_id left join sys_user_role ur on u.user_id = ur.user_id left join sys_role r on r.role_id = ur.role_id where u.user_id = ? and u.del_flag = '0'
23:14:44.481 [http-nio-8006-exec-61] DEBUG c.r.s.m.S.selectUserById - [debug,135] - ==> Parameters: 1(Long)
23:14:44.483 [http-nio-8006-exec-61] DEBUG c.r.s.m.S.selectUserById - [debug,135] - <==      Total: 1
23:14:44.483 [http-nio-8006-exec-61] DEBUG c.r.s.m.S.selectUserById - [debug,135] - ==>  Preparing: select u.user_id, u.dept_id, u.user_name, u.nick_name, u.email, u.avatar, u.phonenumber, u.password, u.sex, u.status, u.del_flag, u.login_ip, u.login_date, u.pwd_update_date, u.create_by, u.create_time, u.remark, d.dept_id, d.parent_id, d.ancestors, d.dept_name, d.order_num, d.leader, d.status as dept_status, r.role_id, r.role_name, r.role_key, r.role_sort, r.data_scope, r.status as role_status from sys_user u left join sys_dept d on u.dept_id = d.dept_id left join sys_user_role ur on u.user_id = ur.user_id left join sys_role r on r.role_id = ur.role_id where u.user_id = ? and u.del_flag = '0'
23:14:44.483 [http-nio-8006-exec-61] DEBUG c.r.s.m.S.selectUserById - [debug,135] - ==> Parameters: 2(Long)
23:14:44.484 [http-nio-8006-exec-61] DEBUG c.r.s.m.S.selectUserById - [debug,135] - <==      Total: 1
23:14:44.485 [http-nio-8006-exec-61] DEBUG c.r.s.m.S.selectUserById - [debug,135] - ==>  Preparing: select u.user_id, u.dept_id, u.user_name, u.nick_name, u.email, u.avatar, u.phonenumber, u.password, u.sex, u.status, u.del_flag, u.login_ip, u.login_date, u.pwd_update_date, u.create_by, u.create_time, u.remark, d.dept_id, d.parent_id, d.ancestors, d.dept_name, d.order_num, d.leader, d.status as dept_status, r.role_id, r.role_name, r.role_key, r.role_sort, r.data_scope, r.status as role_status from sys_user u left join sys_dept d on u.dept_id = d.dept_id left join sys_user_role ur on u.user_id = ur.user_id left join sys_role r on r.role_id = ur.role_id where u.user_id = ? and u.del_flag = '0'
23:14:44.485 [http-nio-8006-exec-61] DEBUG c.r.s.m.S.selectUserById - [debug,135] - ==> Parameters: 100(Long)
23:14:44.487 [http-nio-8006-exec-61] DEBUG c.r.s.m.S.selectUserById - [debug,135] - <==      Total: 1
23:14:44.487 [http-nio-8006-exec-61] DEBUG c.r.s.m.S.selectUserById - [debug,135] - ==>  Preparing: select u.user_id, u.dept_id, u.user_name, u.nick_name, u.email, u.avatar, u.phonenumber, u.password, u.sex, u.status, u.del_flag, u.login_ip, u.login_date, u.pwd_update_date, u.create_by, u.create_time, u.remark, d.dept_id, d.parent_id, d.ancestors, d.dept_name, d.order_num, d.leader, d.status as dept_status, r.role_id, r.role_name, r.role_key, r.role_sort, r.data_scope, r.status as role_status from sys_user u left join sys_dept d on u.dept_id = d.dept_id left join sys_user_role ur on u.user_id = ur.user_id left join sys_role r on r.role_id = ur.role_id where u.user_id = ? and u.del_flag = '0'
23:14:44.487 [http-nio-8006-exec-61] DEBUG c.r.s.m.S.selectUserById - [debug,135] - ==> Parameters: 101(Long)
23:14:44.489 [http-nio-8006-exec-61] DEBUG c.r.s.m.S.selectUserById - [debug,135] - <==      Total: 1
23:14:44.489 [http-nio-8006-exec-61] DEBUG c.r.s.m.S.selectUserById - [debug,135] - ==>  Preparing: select u.user_id, u.dept_id, u.user_name, u.nick_name, u.email, u.avatar, u.phonenumber, u.password, u.sex, u.status, u.del_flag, u.login_ip, u.login_date, u.pwd_update_date, u.create_by, u.create_time, u.remark, d.dept_id, d.parent_id, d.ancestors, d.dept_name, d.order_num, d.leader, d.status as dept_status, r.role_id, r.role_name, r.role_key, r.role_sort, r.data_scope, r.status as role_status from sys_user u left join sys_dept d on u.dept_id = d.dept_id left join sys_user_role ur on u.user_id = ur.user_id left join sys_role r on r.role_id = ur.role_id where u.user_id = ? and u.del_flag = '0'
23:14:44.489 [http-nio-8006-exec-61] DEBUG c.r.s.m.S.selectUserById - [debug,135] - ==> Parameters: 102(Long)
23:14:44.490 [http-nio-8006-exec-61] DEBUG c.r.s.m.S.selectUserById - [debug,135] - <==      Total: 1
23:14:44.491 [http-nio-8006-exec-61] DEBUG c.r.s.m.S.selectUserById - [debug,135] - ==>  Preparing: select u.user_id, u.dept_id, u.user_name, u.nick_name, u.email, u.avatar, u.phonenumber, u.password, u.sex, u.status, u.del_flag, u.login_ip, u.login_date, u.pwd_update_date, u.create_by, u.create_time, u.remark, d.dept_id, d.parent_id, d.ancestors, d.dept_name, d.order_num, d.leader, d.status as dept_status, r.role_id, r.role_name, r.role_key, r.role_sort, r.data_scope, r.status as role_status from sys_user u left join sys_dept d on u.dept_id = d.dept_id left join sys_user_role ur on u.user_id = ur.user_id left join sys_role r on r.role_id = ur.role_id where u.user_id = ? and u.del_flag = '0'
23:14:44.491 [http-nio-8006-exec-61] DEBUG c.r.s.m.S.selectUserById - [debug,135] - ==> Parameters: 103(Long)
23:14:44.492 [http-nio-8006-exec-61] DEBUG c.r.s.m.S.selectUserById - [debug,135] - <==      Total: 1
23:14:44.492 [http-nio-8006-exec-61] DEBUG c.r.s.m.S.selectUserById - [debug,135] - ==>  Preparing: select u.user_id, u.dept_id, u.user_name, u.nick_name, u.email, u.avatar, u.phonenumber, u.password, u.sex, u.status, u.del_flag, u.login_ip, u.login_date, u.pwd_update_date, u.create_by, u.create_time, u.remark, d.dept_id, d.parent_id, d.ancestors, d.dept_name, d.order_num, d.leader, d.status as dept_status, r.role_id, r.role_name, r.role_key, r.role_sort, r.data_scope, r.status as role_status from sys_user u left join sys_dept d on u.dept_id = d.dept_id left join sys_user_role ur on u.user_id = ur.user_id left join sys_role r on r.role_id = ur.role_id where u.user_id = ? and u.del_flag = '0'
23:14:44.492 [http-nio-8006-exec-61] DEBUG c.r.s.m.S.selectUserById - [debug,135] - ==> Parameters: 104(Long)
23:14:44.493 [http-nio-8006-exec-61] DEBUG c.r.s.m.S.selectUserById - [debug,135] - <==      Total: 1
23:14:44.493 [http-nio-8006-exec-61] DEBUG c.r.s.m.S.selectUserById - [debug,135] - ==>  Preparing: select u.user_id, u.dept_id, u.user_name, u.nick_name, u.email, u.avatar, u.phonenumber, u.password, u.sex, u.status, u.del_flag, u.login_ip, u.login_date, u.pwd_update_date, u.create_by, u.create_time, u.remark, d.dept_id, d.parent_id, d.ancestors, d.dept_name, d.order_num, d.leader, d.status as dept_status, r.role_id, r.role_name, r.role_key, r.role_sort, r.data_scope, r.status as role_status from sys_user u left join sys_dept d on u.dept_id = d.dept_id left join sys_user_role ur on u.user_id = ur.user_id left join sys_role r on r.role_id = ur.role_id where u.user_id = ? and u.del_flag = '0'
23:14:44.494 [http-nio-8006-exec-61] DEBUG c.r.s.m.S.selectUserById - [debug,135] - ==> Parameters: 105(Long)
23:14:44.495 [http-nio-8006-exec-61] DEBUG c.r.s.m.S.selectUserById - [debug,135] - <==      Total: 1
23:14:44.495 [http-nio-8006-exec-61] DEBUG c.r.h.m.T.selectTcmPatientList - [debug,135] - ==>  Preparing: select id, name, first_name, last_name, email, phone, practitioner_id, is_active, consent_signed, consent_signed_at, consent_token, consent_token_expires, merged_into, deleted_at, payload, create_time, update_time from tcm_patient
23:14:44.495 [http-nio-8006-exec-61] DEBUG c.r.h.m.T.selectTcmPatientList - [debug,135] - ==> Parameters: 
23:14:44.497 [http-nio-8006-exec-61] DEBUG c.r.h.m.T.selectTcmPatientList - [debug,135] - <==      Total: 3
23:14:44.497 [http-nio-8006-exec-61] DEBUG c.r.h.m.T.selectTcmAppointmentList - [debug,135] - ==>  Preparing: select id, patient_id, practitioner_id, room_id, service_type, start_time, end_time, status, branch_id, intake_token, intake_submitted, payload, create_time, update_time from tcm_appointment
23:14:44.497 [http-nio-8006-exec-61] DEBUG c.r.h.m.T.selectTcmAppointmentList - [debug,135] - ==> Parameters: 
23:14:44.499 [http-nio-8006-exec-61] DEBUG c.r.h.m.T.selectTcmAppointmentList - [debug,135] - <==      Total: 2
23:14:44.499 [http-nio-8006-exec-61] DEBUG c.r.h.m.T.selectTcmConsultationList - [debug,135] - ==>  Preparing: select id, consultation_id, patient_id, practitioner_id, consult_date, status, branch_id, locked_at, version, deleted_at, payload, create_time, update_time from tcm_consultation
23:14:44.499 [http-nio-8006-exec-61] DEBUG c.r.h.m.T.selectTcmConsultationList - [debug,135] - ==> Parameters: 
23:14:44.501 [http-nio-8006-exec-61] DEBUG c.r.h.m.T.selectTcmConsultationList - [debug,135] - <==      Total: 2
23:14:44.501 [http-nio-8006-exec-61] DEBUG c.r.h.m.T.selectTcmInventoryItemList - [debug,135] - ==>  Preparing: select id, name, category, unit, quantity, price_per_unit, min_stock_level, supplier, supplier_id, grams_per_packet, branch_id, is_active, deleted_at, herb_dict_id, payload, create_time, update_time from tcm_inventory_item WHERE deleted_at IS NULL
23:14:44.502 [http-nio-8006-exec-61] DEBUG c.r.h.m.T.selectTcmInventoryItemList - [debug,135] - ==> Parameters: 
23:14:44.503 [http-nio-8006-exec-61] DEBUG c.r.h.m.T.selectTcmInventoryItemList - [debug,135] - <==      Total: 13
23:14:44.503 [http-nio-8006-exec-61] DEBUG c.r.h.m.T.selectTcmBranchList - [debug,135] - ==>  Preparing: select id, name, code, address, phone, email, manager_id, is_active, is_main, room_ids, create_time, update_time from tcm_branch
23:14:44.504 [http-nio-8006-exec-61] DEBUG c.r.h.m.T.selectTcmBranchList - [debug,135] - ==> Parameters: 
23:14:44.504 [http-nio-8006-exec-61] DEBUG c.r.h.m.T.selectTcmBranchList - [debug,135] - <==      Total: 3
23:14:44.505 [http-nio-8006-exec-61] DEBUG c.r.h.m.T.selectAllSettings - [debug,135] - ==>  Preparing: select setting_key, setting_value, update_time from tcm_clinic_setting order by setting_key
23:14:44.505 [http-nio-8006-exec-61] DEBUG c.r.h.m.T.selectAllSettings - [debug,135] - ==> Parameters: 
23:14:44.506 [http-nio-8006-exec-61] DEBUG c.r.h.m.T.selectAllSettings - [debug,135] - <==      Total: 6
23:14:44.506 [http-nio-8006-exec-61] DEBUG c.r.h.m.T.selectTcmRoomList - [debug,135] - ==>  Preparing: select id, name, branch_id, is_active, create_time, update_time from tcm_room
23:14:44.506 [http-nio-8006-exec-61] DEBUG c.r.h.m.T.selectTcmRoomList - [debug,135] - ==> Parameters: 
23:14:44.507 [http-nio-8006-exec-61] DEBUG c.r.h.m.T.selectTcmRoomList - [debug,135] - <==      Total: 3
23:14:44.507 [http-nio-8006-exec-61] DEBUG c.r.h.m.T.selectTcmServiceTypeList - [debug,135] - ==>  Preparing: select service_key, label, duration, practitioner_time, room_required, default_price, update_time from tcm_service_type
23:14:44.507 [http-nio-8006-exec-61] DEBUG c.r.h.m.T.selectTcmServiceTypeList - [debug,135] - ==> Parameters: 
23:14:44.508 [http-nio-8006-exec-61] DEBUG c.r.h.m.T.selectTcmServiceTypeList - [debug,135] - <==      Total: 3
23:14:44.509 [http-nio-8006-exec-61] DEBUG c.r.h.m.T.selectTcmPriceListList - [debug,135] - ==>  Preparing: select id, name, effective_date, is_active, items_json, create_time, update_time from tcm_price_list
23:14:44.509 [http-nio-8006-exec-61] DEBUG c.r.h.m.T.selectTcmPriceListList - [debug,135] - ==> Parameters: 
23:14:44.509 [http-nio-8006-exec-61] DEBUG c.r.h.m.T.selectTcmPriceListList - [debug,135] - <==      Total: 1
23:14:44.510 [http-nio-8006-exec-61] DEBUG c.r.h.m.T.selectTcmEmailLogList - [debug,135] - ==>  Preparing: select id, to_email, subject, email_type, body, sent_at, payload, create_time from tcm_email_log order by id desc
23:14:44.510 [http-nio-8006-exec-61] DEBUG c.r.h.m.T.selectTcmEmailLogList - [debug,135] - ==> Parameters: 
23:14:44.511 [http-nio-8006-exec-61] DEBUG c.r.h.m.T.selectTcmEmailLogList - [debug,135] - <==      Total: 0
23:14:44.511 [http-nio-8006-exec-61] DEBUG c.r.h.m.T.selectTcmFormulaList - [debug,135] - ==>  Preparing: select id, name, category, description, source, is_active, deleted_at, create_time, update_time from tcm_formula WHERE deleted_at IS NULL order by create_time desc
23:14:44.511 [http-nio-8006-exec-61] DEBUG c.r.h.m.T.selectTcmFormulaList - [debug,135] - ==> Parameters: 
23:14:44.513 [http-nio-8006-exec-61] DEBUG c.r.h.m.T.selectTcmFormulaList - [debug,135] - <==      Total: 51
23:14:44.513 [http-nio-8006-exec-61] DEBUG c.r.h.m.T.selectByFormulaId - [debug,135] - ==>  Preparing: select id, formula_id, herb_name, dosage, unit, sort_order, notes, herb_dict_id from tcm_formula_item where formula_id = ? order by sort_order asc
23:14:44.514 [http-nio-8006-exec-61] DEBUG c.r.h.m.T.selectByFormulaId - [debug,135] - ==> Parameters: ecf8c626-94c4-4825-97d3-21c67adf9366(String)
23:14:44.514 [http-nio-8006-exec-61] DEBUG c.r.h.m.T.selectByFormulaId - [debug,135] - <==      Total: 1
23:14:44.514 [http-nio-8006-exec-61] DEBUG c.r.h.m.T.selectByFormulaId - [debug,135] - ==>  Preparing: select id, formula_id, herb_name, dosage, unit, sort_order, notes, herb_dict_id from tcm_formula_item where formula_id = ? order by sort_order asc
23:14:44.514 [http-nio-8006-exec-61] DEBUG c.r.h.m.T.selectByFormulaId - [debug,135] - ==> Parameters: formula-1(String)
23:14:44.515 [http-nio-8006-exec-61] DEBUG c.r.h.m.T.selectByFormulaId - [debug,135] - <==      Total: 4
23:14:44.516 [http-nio-8006-exec-61] DEBUG c.r.h.m.T.selectByFormulaId - [debug,135] - ==>  Preparing: select id, formula_id, herb_name, dosage, unit, sort_order, notes, herb_dict_id from tcm_formula_item where formula_id = ? order by sort_order asc
23:14:44.516 [http-nio-8006-exec-61] DEBUG c.r.h.m.T.selectByFormulaId - [debug,135] - ==> Parameters: formula-10(String)
23:14:44.516 [http-nio-8006-exec-61] DEBUG c.r.h.m.T.selectByFormulaId - [debug,135] - <==      Total: 5
23:14:44.517 [http-nio-8006-exec-61] DEBUG c.r.h.m.T.selectByFormulaId - [debug,135] - ==>  Preparing: select id, formula_id, herb_name, dosage, unit, sort_order, notes, herb_dict_id from tcm_formula_item where formula_id = ? order by sort_order asc
23:14:44.518 [http-nio-8006-exec-61] DEBUG c.r.h.m.T.selectByFormulaId - [debug,135] - ==> Parameters: formula-11(String)
23:14:44.518 [http-nio-8006-exec-61] DEBUG c.r.h.m.T.selectByFormulaId - [debug,135] - <==      Total: 4
23:14:44.518 [http-nio-8006-exec-61] DEBUG c.r.h.m.T.selectByFormulaId - [debug,135] - ==>  Preparing: select id, formula_id, herb_name, dosage, unit, sort_order, notes, herb_dict_id from tcm_formula_item where formula_id = ? order by sort_order asc
23:14:44.519 [http-nio-8006-exec-61] DEBUG c.r.h.m.T.selectByFormulaId - [debug,135] - ==> Parameters: formula-12(String)
23:14:44.519 [http-nio-8006-exec-61] DEBUG c.r.h.m.T.selectByFormulaId - [debug,135] - <==      Total: 0
23:14:44.520 [http-nio-8006-exec-61] DEBUG c.r.h.m.T.selectByFormulaId - [debug,135] - ==>  Preparing: select id, formula_id, herb_name, dosage, unit, sort_order, notes, herb_dict_id from tcm_formula_item where formula_id = ? order by sort_order asc
23:14:44.520 [http-nio-8006-exec-61] DEBUG c.r.h.m.T.selectByFormulaId - [debug,135] - ==> Parameters: formula-13(String)
23:14:44.521 [http-nio-8006-exec-61] DEBUG c.r.h.m.T.selectByFormulaId - [debug,135] - <==      Total: 0
23:14:44.521 [http-nio-8006-exec-61] DEBUG c.r.h.m.T.selectByFormulaId - [debug,135] - ==>  Preparing: select id, formula_id, herb_name, dosage, unit, sort_order, notes, herb_dict_id from tcm_formula_item where formula_id = ? order by sort_order asc
23:14:44.521 [http-nio-8006-exec-61] DEBUG c.r.h.m.T.selectByFormulaId - [debug,135] - ==> Parameters: formula-14(String)
23:14:44.521 [http-nio-8006-exec-61] DEBUG c.r.h.m.T.selectByFormulaId - [debug,135] - <==      Total: 0
23:14:44.522 [http-nio-8006-exec-61] DEBUG c.r.h.m.T.selectByFormulaId - [debug,135] - ==>  Preparing: select id, formula_id, herb_name, dosage, unit, sort_order, notes, herb_dict_id from tcm_formula_item where formula_id = ? order by sort_order asc
23:14:44.522 [http-nio-8006-exec-61] DEBUG c.r.h.m.T.selectByFormulaId - [debug,135] - ==> Parameters: formula-15(String)
23:14:44.523 [http-nio-8006-exec-61] DEBUG c.r.h.m.T.selectByFormulaId - [debug,135] - <==      Total: 7
23:14:44.523 [http-nio-8006-exec-61] DEBUG c.r.h.m.T.selectByFormulaId - [debug,135] - ==>  Preparing: select id, formula_id, herb_name, dosage, unit, sort_order, notes, herb_dict_id from tcm_formula_item where formula_id = ? order by sort_order asc
23:14:44.523 [http-nio-8006-exec-61] DEBUG c.r.h.m.T.selectByFormulaId - [debug,135] - ==> Parameters: formula-16(String)
23:14:44.523 [http-nio-8006-exec-61] DEBUG c.r.h.m.T.selectByFormulaId - [debug,135] - <==      Total: 0
23:14:44.524 [http-nio-8006-exec-61] DEBUG c.r.h.m.T.selectByFormulaId - [debug,135] - ==>  Preparing: select id, formula_id, herb_name, dosage, unit, sort_order, notes, herb_dict_id from tcm_formula_item where formula_id = ? order by sort_order asc
23:14:44.524 [http-nio-8006-exec-61] DEBUG c.r.h.m.T.selectByFormulaId - [debug,135] - ==> Parameters: formula-17(String)
23:14:44.524 [http-nio-8006-exec-61] DEBUG c.r.h.m.T.selectByFormulaId - [debug,135] - <==      Total: 4
23:14:44.525 [http-nio-8006-exec-61] DEBUG c.r.h.m.T.selectByFormulaId - [debug,135] - ==>  Preparing: select id, formula_id, herb_name, dosage, unit, sort_order, notes, herb_dict_id from tcm_formula_item where formula_id = ? order by sort_order asc
23:14:44.525 [http-nio-8006-exec-61] DEBUG c.r.h.m.T.selectByFormulaId - [debug,135] - ==> Parameters: formula-18(String)
23:14:44.525 [http-nio-8006-exec-61] DEBUG c.r.h.m.T.selectByFormulaId - [debug,135] - <==      Total: 3
23:14:44.526 [http-nio-8006-exec-61] DEBUG c.r.h.m.T.selectByFormulaId - [debug,135] - ==>  Preparing: select id, formula_id, herb_name, dosage, unit, sort_order, notes, herb_dict_id from tcm_formula_item where formula_id = ? order by sort_order asc
23:14:44.526 [http-nio-8006-exec-61] DEBUG c.r.h.m.T.selectByFormulaId - [debug,135] - ==> Parameters: formula-19(String)
23:14:44.527 [http-nio-8006-exec-61] DEBUG c.r.h.m.T.selectByFormulaId - [debug,135] - <==      Total: 0
23:14:44.527 [http-nio-8006-exec-61] DEBUG c.r.h.m.T.selectByFormulaId - [debug,135] - ==>  Preparing: select id, formula_id, herb_name, dosage, unit, sort_order, notes, herb_dict_id from tcm_formula_item where formula_id = ? order by sort_order asc
23:14:44.527 [http-nio-8006-exec-61] DEBUG c.r.h.m.T.selectByFormulaId - [debug,135] - ==> Parameters: formula-2(String)
23:14:44.527 [http-nio-8006-exec-61] DEBUG c.r.h.m.T.selectByFormulaId - [debug,135] - <==      Total: 6
23:14:44.528 [http-nio-8006-exec-61] DEBUG c.r.h.m.T.selectByFormulaId - [debug,135] - ==>  Preparing: select id, formula_id, herb_name, dosage, unit, sort_order, notes, herb_dict_id from tcm_formula_item where formula_id = ? order by sort_order asc
23:14:44.529 [http-nio-8006-exec-61] DEBUG c.r.h.m.T.selectByFormulaId - [debug,135] - ==> Parameters: formula-20(String)
23:14:44.529 [http-nio-8006-exec-61] DEBUG c.r.h.m.T.selectByFormulaId - [debug,135] - <==      Total: 0
23:14:44.530 [http-nio-8006-exec-61] DEBUG c.r.h.m.T.selectByFormulaId - [debug,135] - ==>  Preparing: select id, formula_id, herb_name, dosage, unit, sort_order, notes, herb_dict_id from tcm_formula_item where formula_id = ? order by sort_order asc
23:14:44.530 [http-nio-8006-exec-61] DEBUG c.r.h.m.T.selectByFormulaId - [debug,135] - ==> Parameters: formula-21(String)
23:14:44.530 [http-nio-8006-exec-61] DEBUG c.r.h.m.T.selectByFormulaId - [debug,135] - <==      Total: 4
23:14:44.531 [http-nio-8006-exec-61] DEBUG c.r.h.m.T.selectByFormulaId - [debug,135] - ==>  Preparing: select id, formula_id, herb_name, dosage, unit, sort_order, notes, herb_dict_id from tcm_formula_item where formula_id = ? order by sort_order asc
23:14:44.531 [http-nio-8006-exec-61] DEBUG c.r.h.m.T.selectByFormulaId - [debug,135] - ==> Parameters: formula-22(String)
23:14:44.531 [http-nio-8006-exec-61] DEBUG c.r.h.m.T.selectByFormulaId - [debug,135] - <==      Total: 0
23:14:44.531 [http-nio-8006-exec-61] DEBUG c.r.h.m.T.selectByFormulaId - [debug,135] - ==>  Preparing: select id, formula_id, herb_name, dosage, unit, sort_order, notes, herb_dict_id from tcm_formula_item where formula_id = ? order by sort_order asc
23:14:44.531 [http-nio-8006-exec-61] DEBUG c.r.h.m.T.selectByFormulaId - [debug,135] - ==> Parameters: formula-23(String)
23:14:44.532 [http-nio-8006-exec-61] DEBUG c.r.h.m.T.selectByFormulaId - [debug,135] - <==      Total: 0
23:14:44.533 [http-nio-8006-exec-61] DEBUG c.r.h.m.T.selectByFormulaId - [debug,135] - ==>  Preparing: select id, formula_id, herb_name, dosage, unit, sort_order, notes, herb_dict_id from tcm_formula_item where formula_id = ? order by sort_order asc
23:14:44.533 [http-nio-8006-exec-61] DEBUG c.r.h.m.T.selectByFormulaId - [debug,135] - ==> Parameters: formula-24(String)
23:14:44.534 [http-nio-8006-exec-61] DEBUG c.r.h.m.T.selectByFormulaId - [debug,135] - <==      Total: 5
23:14:44.534 [http-nio-8006-exec-61] DEBUG c.r.h.m.T.selectByFormulaId - [debug,135] - ==>  Preparing: select id, formula_id, herb_name, dosage, unit, sort_order, notes, herb_dict_id from tcm_formula_item where formula_id = ? order by sort_order asc
23:14:44.534 [http-nio-8006-exec-61] DEBUG c.r.h.m.T.selectByFormulaId - [debug,135] - ==> Parameters: formula-25(String)
23:14:44.535 [http-nio-8006-exec-61] DEBUG c.r.h.m.T.selectByFormulaId - [debug,135] - <==      Total: 0
23:14:44.535 [http-nio-8006-exec-61] DEBUG c.r.h.m.T.selectByFormulaId - [debug,135] - ==>  Preparing: select id, formula_id, herb_name, dosage, unit, sort_order, notes, herb_dict_id from tcm_formula_item where formula_id = ? order by sort_order asc
23:14:44.535 [http-nio-8006-exec-61] DEBUG c.r.h.m.T.selectByFormulaId - [debug,135] - ==> Parameters: formula-26(String)
23:14:44.536 [http-nio-8006-exec-61] DEBUG c.r.h.m.T.selectByFormulaId - [debug,135] - <==      Total: 0
23:14:44.536 [http-nio-8006-exec-61] DEBUG c.r.h.m.T.selectByFormulaId - [debug,135] - ==>  Preparing: select id, formula_id, herb_name, dosage, unit, sort_order, notes, herb_dict_id from tcm_formula_item where formula_id = ? order by sort_order asc
23:14:44.537 [http-nio-8006-exec-61] DEBUG c.r.h.m.T.selectByFormulaId - [debug,135] - ==> Parameters: formula-27(String)
23:14:44.538 [http-nio-8006-exec-61] DEBUG c.r.h.m.T.selectByFormulaId - [debug,135] - <==      Total: 0
23:14:44.538 [http-nio-8006-exec-61] DEBUG c.r.h.m.T.selectByFormulaId - [debug,135] - ==>  Preparing: select id, formula_id, herb_name, dosage, unit, sort_order, notes, herb_dict_id from tcm_formula_item where formula_id = ? order by sort_order asc
23:14:44.538 [http-nio-8006-exec-61] DEBUG c.r.h.m.T.selectByFormulaId - [debug,135] - ==> Parameters: formula-28(String)
23:14:44.539 [http-nio-8006-exec-61] DEBUG c.r.h.m.T.selectByFormulaId - [debug,135] - <==      Total: 0
23:14:44.539 [http-nio-8006-exec-61] DEBUG c.r.h.m.T.selectByFormulaId - [debug,135] - ==>  Preparing: select id, formula_id, herb_name, dosage, unit, sort_order, notes, herb_dict_id from tcm_formula_item where formula_id = ? order by sort_order asc
23:14:44.539 [http-nio-8006-exec-61] DEBUG c.r.h.m.T.selectByFormulaId - [debug,135] - ==> Parameters: formula-29(String)
23:14:44.540 [http-nio-8006-exec-61] DEBUG c.r.h.m.T.selectByFormulaId - [debug,135] - <==      Total: 8
23:14:44.540 [http-nio-8006-exec-61] DEBUG c.r.h.m.T.selectByFormulaId - [debug,135] - ==>  Preparing: select id, formula_id, herb_name, dosage, unit, sort_order, notes, herb_dict_id from tcm_formula_item where formula_id = ? order by sort_order asc
23:14:44.540 [http-nio-8006-exec-61] DEBUG c.r.h.m.T.selectByFormulaId - [debug,135] - ==> Parameters: formula-3(String)
23:14:44.541 [http-nio-8006-exec-61] DEBUG c.r.h.m.T.selectByFormulaId - [debug,135] - <==      Total: 8
23:14:44.541 [http-nio-8006-exec-61] DEBUG c.r.h.m.T.selectByFormulaId - [debug,135] - ==>  Preparing: select id, formula_id, herb_name, dosage, unit, sort_order, notes, herb_dict_id from tcm_formula_item where formula_id = ? order by sort_order asc
23:14:44.542 [http-nio-8006-exec-61] DEBUG c.r.h.m.T.selectByFormulaId - [debug,135] - ==> Parameters: formula-30(String)
23:14:44.542 [http-nio-8006-exec-61] DEBUG c.r.h.m.T.selectByFormulaId - [debug,135] - <==      Total: 0
23:14:44.542 [http-nio-8006-exec-61] DEBUG c.r.h.m.T.selectByFormulaId - [debug,135] - ==>  Preparing: select id, formula_id, herb_name, dosage, unit, sort_order, notes, herb_dict_id from tcm_formula_item where formula_id = ? order by sort_order asc
23:14:44.543 [http-nio-8006-exec-61] DEBUG c.r.h.m.T.selectByFormulaId - [debug,135] - ==> Parameters: formula-31(String)
23:14:44.544 [http-nio-8006-exec-61] DEBUG c.r.h.m.T.selectByFormulaId - [debug,135] - <==      Total: 5
23:14:44.544 [http-nio-8006-exec-61] DEBUG c.r.h.m.T.selectByFormulaId - [debug,135] - ==>  Preparing: select id, formula_id, herb_name, dosage, unit, sort_order, notes, herb_dict_id from tcm_formula_item where formula_id = ? order by sort_order asc
23:14:44.545 [http-nio-8006-exec-61] DEBUG c.r.h.m.T.selectByFormulaId - [debug,135] - ==> Parameters: formula-32(String)
23:14:44.545 [http-nio-8006-exec-61] DEBUG c.r.h.m.T.selectByFormulaId - [debug,135] - <==      Total: 0
23:14:44.545 [http-nio-8006-exec-61] DEBUG c.r.h.m.T.selectByFormulaId - [debug,135] - ==>  Preparing: select id, formula_id, herb_name, dosage, unit, sort_order, notes, herb_dict_id from tcm_formula_item where formula_id = ? order by sort_order asc
23:14:44.545 [http-nio-8006-exec-61] DEBUG c.r.h.m.T.selectByFormulaId - [debug,135] - ==> Parameters: formula-33(String)
23:14:44.546 [http-nio-8006-exec-61] DEBUG c.r.h.m.T.selectByFormulaId - [debug,135] - <==      Total: 3
23:14:44.546 [http-nio-8006-exec-61] DEBUG c.r.h.m.T.selectByFormulaId - [debug,135] - ==>  Preparing: select id, formula_id, herb_name, dosage, unit, sort_order, notes, herb_dict_id from tcm_formula_item where formula_id = ? order by sort_order asc
23:14:44.546 [http-nio-8006-exec-61] DEBUG c.r.h.m.T.selectByFormulaId - [debug,135] - ==> Parameters: formula-34(String)
23:14:44.547 [http-nio-8006-exec-61] DEBUG c.r.h.m.T.selectByFormulaId - [debug,135] - <==      Total: 3
23:14:44.547 [http-nio-8006-exec-61] DEBUG c.r.h.m.T.selectByFormulaId - [debug,135] - ==>  Preparing: select id, formula_id, herb_name, dosage, unit, sort_order, notes, herb_dict_id from tcm_formula_item where formula_id = ? order by sort_order asc
23:14:44.547 [http-nio-8006-exec-61] DEBUG c.r.h.m.T.selectByFormulaId - [debug,135] - ==> Parameters: formula-35(String)
23:14:44.549 [http-nio-8006-exec-61] DEBUG c.r.h.m.T.selectByFormulaId - [debug,135] - <==      Total: 4
23:14:44.549 [http-nio-8006-exec-61] DEBUG c.r.h.m.T.selectByFormulaId - [debug,135] - ==>  Preparing: select id, formula_id, herb_name, dosage, unit, sort_order, notes, herb_dict_id from tcm_formula_item where formula_id = ? order by sort_order asc
23:14:44.549 [http-nio-8006-exec-61] DEBUG c.r.h.m.T.selectByFormulaId - [debug,135] - ==> Parameters: formula-36(String)
23:14:44.550 [http-nio-8006-exec-61] DEBUG c.r.h.m.T.selectByFormulaId - [debug,135] - <==      Total: 0
23:14:44.550 [http-nio-8006-exec-61] DEBUG c.r.h.m.T.selectByFormulaId - [debug,135] - ==>  Preparing: select id, formula_id, herb_name, dosage, unit, sort_order, notes, herb_dict_id from tcm_formula_item where formula_id = ? order by sort_order asc
23:14:44.550 [http-nio-8006-exec-61] DEBUG c.r.h.m.T.selectByFormulaId - [debug,135] - ==> Parameters: formula-37(String)
23:14:44.551 [http-nio-8006-exec-61] DEBUG c.r.h.m.T.selectByFormulaId - [debug,135] - <==      Total: 6
23:14:44.551 [http-nio-8006-exec-61] DEBUG c.r.h.m.T.selectByFormulaId - [debug,135] - ==>  Preparing: select id, formula_id, herb_name, dosage, unit, sort_order, notes, herb_dict_id from tcm_formula_item where formula_id = ? order by sort_order asc
23:14:44.552 [http-nio-8006-exec-61] DEBUG c.r.h.m.T.selectByFormulaId - [debug,135] - ==> Parameters: formula-38(String)
23:14:44.552 [http-nio-8006-exec-61] DEBUG c.r.h.m.T.selectByFormulaId - [debug,135] - <==      Total: 0
23:14:44.552 [http-nio-8006-exec-61] DEBUG c.r.h.m.T.selectByFormulaId - [debug,135] - ==>  Preparing: select id, formula_id, herb_name, dosage, unit, sort_order, notes, herb_dict_id from tcm_formula_item where formula_id = ? order by sort_order asc
23:14:44.553 [http-nio-8006-exec-61] DEBUG c.r.h.m.T.selectByFormulaId - [debug,135] - ==> Parameters: formula-39(String)
23:14:44.553 [http-nio-8006-exec-61] DEBUG c.r.h.m.T.selectByFormulaId - [debug,135] - <==      Total: 0
23:14:44.553 [http-nio-8006-exec-61] DEBUG c.r.h.m.T.selectByFormulaId - [debug,135] - ==>  Preparing: select id, formula_id, herb_name, dosage, unit, sort_order, notes, herb_dict_id from tcm_formula_item where formula_id = ? order by sort_order asc
23:14:44.554 [http-nio-8006-exec-61] DEBUG c.r.h.m.T.selectByFormulaId - [debug,135] - ==> Parameters: formula-4(String)
23:14:44.554 [http-nio-8006-exec-61] DEBUG c.r.h.m.T.selectByFormulaId - [debug,135] - <==      Total: 8
23:14:44.554 [http-nio-8006-exec-61] DEBUG c.r.h.m.T.selectByFormulaId - [debug,135] - ==>  Preparing: select id, formula_id, herb_name, dosage, unit, sort_order, notes, herb_dict_id from tcm_formula_item where formula_id = ? order by sort_order asc
23:14:44.554 [http-nio-8006-exec-61] DEBUG c.r.h.m.T.selectByFormulaId - [debug,135] - ==> Parameters: formula-40(String)
23:14:44.555 [http-nio-8006-exec-61] DEBUG c.r.h.m.T.selectByFormulaId - [debug,135] - <==      Total: 0
23:14:44.555 [http-nio-8006-exec-61] DEBUG c.r.h.m.T.selectByFormulaId - [debug,135] - ==>  Preparing: select id, formula_id, herb_name, dosage, unit, sort_order, notes, herb_dict_id from tcm_formula_item where formula_id = ? order by sort_order asc
23:14:44.555 [http-nio-8006-exec-61] DEBUG c.r.h.m.T.selectByFormulaId - [debug,135] - ==> Parameters: formula-41(String)
23:14:44.556 [http-nio-8006-exec-61] DEBUG c.r.h.m.T.selectByFormulaId - [debug,135] - <==      Total: 0
23:14:44.556 [http-nio-8006-exec-61] DEBUG c.r.h.m.T.selectByFormulaId - [debug,135] - ==>  Preparing: select id, formula_id, herb_name, dosage, unit, sort_order, notes, herb_dict_id from tcm_formula_item where formula_id = ? order by sort_order asc
23:14:44.556 [http-nio-8006-exec-61] DEBUG c.r.h.m.T.selectByFormulaId - [debug,135] - ==> Parameters: formula-42(String)
23:14:44.557 [http-nio-8006-exec-61] DEBUG c.r.h.m.T.selectByFormulaId - [debug,135] - <==      Total: 0
23:14:44.557 [http-nio-8006-exec-61] DEBUG c.r.h.m.T.selectByFormulaId - [debug,135] - ==>  Preparing: select id, formula_id, herb_name, dosage, unit, sort_order, notes, herb_dict_id from tcm_formula_item where formula_id = ? order by sort_order asc
23:14:44.557 [http-nio-8006-exec-61] DEBUG c.r.h.m.T.selectByFormulaId - [debug,135] - ==> Parameters: formula-43(String)
23:14:44.558 [http-nio-8006-exec-61] DEBUG c.r.h.m.T.selectByFormulaId - [debug,135] - <==      Total: 0
23:14:44.559 [http-nio-8006-exec-61] DEBUG c.r.h.m.T.selectByFormulaId - [debug,135] - ==>  Preparing: select id, formula_id, herb_name, dosage, unit, sort_order, notes, herb_dict_id from tcm_formula_item where formula_id = ? order by sort_order asc
23:14:44.559 [http-nio-8006-exec-61] DEBUG c.r.h.m.T.selectByFormulaId - [debug,135] - ==> Parameters: formula-44(String)
23:14:44.559 [http-nio-8006-exec-61] DEBUG c.r.h.m.T.selectByFormulaId - [debug,135] - <==      Total: 0
23:14:44.560 [http-nio-8006-exec-61] DEBUG c.r.h.m.T.selectByFormulaId - [debug,135] - ==>  Preparing: select id, formula_id, herb_name, dosage, unit, sort_order, notes, herb_dict_id from tcm_formula_item where formula_id = ? order by sort_order asc
23:14:44.560 [http-nio-8006-exec-61] DEBUG c.r.h.m.T.selectByFormulaId - [debug,135] - ==> Parameters: formula-45(String)
23:14:44.560 [http-nio-8006-exec-61] DEBUG c.r.h.m.T.selectByFormulaId - [debug,135] - <==      Total: 0
23:14:44.561 [http-nio-8006-exec-61] DEBUG c.r.h.m.T.selectByFormulaId - [debug,135] - ==>  Preparing: select id, formula_id, herb_name, dosage, unit, sort_order, notes, herb_dict_id from tcm_formula_item where formula_id = ? order by sort_order asc
23:14:44.561 [http-nio-8006-exec-61] DEBUG c.r.h.m.T.selectByFormulaId - [debug,135] - ==> Parameters: formula-46(String)
23:14:44.561 [http-nio-8006-exec-61] DEBUG c.r.h.m.T.selectByFormulaId - [debug,135] - <==      Total: 0
23:14:44.562 [http-nio-8006-exec-61] DEBUG c.r.h.m.T.selectByFormulaId - [debug,135] - ==>  Preparing: select id, formula_id, herb_name, dosage, unit, sort_order, notes, herb_dict_id from tcm_formula_item where formula_id = ? order by sort_order asc
23:14:44.562 [http-nio-8006-exec-61] DEBUG c.r.h.m.T.selectByFormulaId - [debug,135] - ==> Parameters: formula-47(String)
23:14:44.562 [http-nio-8006-exec-61] DEBUG c.r.h.m.T.selectByFormulaId - [debug,135] - <==      Total: 0
23:14:44.562 [http-nio-8006-exec-61] DEBUG c.r.h.m.T.selectByFormulaId - [debug,135] - ==>  Preparing: select id, formula_id, herb_name, dosage, unit, sort_order, notes, herb_dict_id from tcm_formula_item where formula_id = ? order by sort_order asc
23:14:44.563 [http-nio-8006-exec-61] DEBUG c.r.h.m.T.selectByFormulaId - [debug,135] - ==> Parameters: formula-48(String)
23:14:44.563 [http-nio-8006-exec-61] DEBUG c.r.h.m.T.selectByFormulaId - [debug,135] - <==      Total: 0
23:14:44.564 [http-nio-8006-exec-61] DEBUG c.r.h.m.T.selectByFormulaId - [debug,135] - ==>  Preparing: select id, formula_id, herb_name, dosage, unit, sort_order, notes, herb_dict_id from tcm_formula_item where formula_id = ? order by sort_order asc
23:14:44.564 [http-nio-8006-exec-61] DEBUG c.r.h.m.T.selectByFormulaId - [debug,135] - ==> Parameters: formula-49(String)
23:14:44.564 [http-nio-8006-exec-61] DEBUG c.r.h.m.T.selectByFormulaId - [debug,135] - <==      Total: 0
23:14:44.564 [http-nio-8006-exec-61] DEBUG c.r.h.m.T.selectByFormulaId - [debug,135] - ==>  Preparing: select id, formula_id, herb_name, dosage, unit, sort_order, notes, herb_dict_id from tcm_formula_item where formula_id = ? order by sort_order asc
23:14:44.564 [http-nio-8006-exec-61] DEBUG c.r.h.m.T.selectByFormulaId - [debug,135] - ==> Parameters: formula-5(String)
23:14:44.565 [http-nio-8006-exec-61] DEBUG c.r.h.m.T.selectByFormulaId - [debug,135] - <==      Total: 8
23:14:44.565 [http-nio-8006-exec-61] DEBUG c.r.h.m.T.selectByFormulaId - [debug,135] - ==>  Preparing: select id, formula_id, herb_name, dosage, unit, sort_order, notes, herb_dict_id from tcm_formula_item where formula_id = ? order by sort_order asc
23:14:44.566 [http-nio-8006-exec-61] DEBUG c.r.h.m.T.selectByFormulaId - [debug,135] - ==> Parameters: formula-50(String)
23:14:44.567 [http-nio-8006-exec-61] DEBUG c.r.h.m.T.selectByFormulaId - [debug,135] - <==      Total: 7
23:14:44.567 [http-nio-8006-exec-61] DEBUG c.r.h.m.T.selectByFormulaId - [debug,135] - ==>  Preparing: select id, formula_id, herb_name, dosage, unit, sort_order, notes, herb_dict_id from tcm_formula_item where formula_id = ? order by sort_order asc
23:14:44.567 [http-nio-8006-exec-61] DEBUG c.r.h.m.T.selectByFormulaId - [debug,135] - ==> Parameters: formula-6(String)
23:14:44.568 [http-nio-8006-exec-61] DEBUG c.r.h.m.T.selectByFormulaId - [debug,135] - <==      Total: 7
23:14:44.568 [http-nio-8006-exec-61] DEBUG c.r.h.m.T.selectByFormulaId - [debug,135] - ==>  Preparing: select id, formula_id, herb_name, dosage, unit, sort_order, notes, herb_dict_id from tcm_formula_item where formula_id = ? order by sort_order asc
23:14:44.568 [http-nio-8006-exec-61] DEBUG c.r.h.m.T.selectByFormulaId - [debug,135] - ==> Parameters: formula-7(String)
23:14:44.570 [http-nio-8006-exec-61] DEBUG c.r.h.m.T.selectByFormulaId - [debug,135] - <==      Total: 5
23:14:44.570 [http-nio-8006-exec-61] DEBUG c.r.h.m.T.selectByFormulaId - [debug,135] - ==>  Preparing: select id, formula_id, herb_name, dosage, unit, sort_order, notes, herb_dict_id from tcm_formula_item where formula_id = ? order by sort_order asc
23:14:44.570 [http-nio-8006-exec-61] DEBUG c.r.h.m.T.selectByFormulaId - [debug,135] - ==> Parameters: formula-8(String)
23:14:44.571 [http-nio-8006-exec-61] DEBUG c.r.h.m.T.selectByFormulaId - [debug,135] - <==      Total: 8
23:14:44.571 [http-nio-8006-exec-61] DEBUG c.r.h.m.T.selectByFormulaId - [debug,135] - ==>  Preparing: select id, formula_id, herb_name, dosage, unit, sort_order, notes, herb_dict_id from tcm_formula_item where formula_id = ? order by sort_order asc
23:14:44.571 [http-nio-8006-exec-61] DEBUG c.r.h.m.T.selectByFormulaId - [debug,135] - ==> Parameters: formula-9(String)
23:14:44.572 [http-nio-8006-exec-61] DEBUG c.r.h.m.T.selectByFormulaId - [debug,135] - <==      Total: 4
23:14:44.572 [http-nio-8006-exec-61] DEBUG c.r.h.m.T.selectTcmSupplierList - [debug,135] - ==>  Preparing: select id, name, contact_person, phone, email, address, notes, is_active, deleted_at, create_time, update_time from tcm_supplier WHERE deleted_at IS NULL order by create_time desc
23:14:44.573 [http-nio-8006-exec-61] DEBUG c.r.h.m.T.selectTcmSupplierList - [debug,135] - ==> Parameters: 
23:14:44.573 [http-nio-8006-exec-61] DEBUG c.r.h.m.T.selectTcmSupplierList - [debug,135] - <==      Total: 4
23:14:44.574 [http-nio-8006-exec-61] DEBUG c.r.h.m.T.selectTcmAcupointList - [debug,135] - ==>  Preparing: select id, name, pinyin, english_name, meridian, location, indication, method, notes, is_active, deleted_at, create_time, update_time from tcm_acupoint WHERE deleted_at IS NULL order by name asc
23:14:44.574 [http-nio-8006-exec-61] DEBUG c.r.h.m.T.selectTcmAcupointList - [debug,135] - ==> Parameters: 
23:14:44.577 [http-nio-8006-exec-61] DEBUG c.r.h.m.T.selectTcmAcupointList - [debug,135] - <==      Total: 100
23:14:44.578 [http-nio-8006-exec-61] DEBUG c.r.h.m.T.selectAll - [debug,135] - ==>  Preparing: select id, from_unit, to_unit, factor, notes, create_time from tcm_unit_conversion order by from_unit, to_unit
23:14:44.579 [http-nio-8006-exec-61] DEBUG c.r.h.m.T.selectAll - [debug,135] - ==> Parameters: 
23:14:44.579 [http-nio-8006-exec-61] DEBUG c.r.h.m.T.selectAll - [debug,135] - <==      Total: 16
23:14:44.580 [http-nio-8006-exec-61] DEBUG c.r.h.m.T.selectTcmHerbDictList - [debug,135] - ==>  Preparing: select id, name, alias, pinyin, category, nature, taste, meridian_tropism, efficacy, indication, dosage_range, contraindication, notes, is_active, deleted_at, create_time, update_time from tcm_herb_dict WHERE deleted_at IS NULL order by category asc, name asc
23:14:44.580 [http-nio-8006-exec-61] DEBUG c.r.h.m.T.selectTcmHerbDictList - [debug,135] - ==> Parameters: 
23:14:44.582 [http-nio-8006-exec-61] DEBUG c.r.h.m.T.selectTcmHerbDictList - [debug,135] - <==      Total: 80
23:14:44.583 [http-nio-8006-exec-61] DEBUG c.r.h.m.T.selectTcmMeridianList - [debug,135] - ==>  Preparing: select id, name, english_name, abbr, category, organ, pathway, acupoint_count, indication, notes, is_active, deleted_at, create_time, update_time from tcm_meridian WHERE deleted_at IS NULL order by id asc
23:14:44.583 [http-nio-8006-exec-61] DEBUG c.r.h.m.T.selectTcmMeridianList - [debug,135] - ==> Parameters: 
23:14:44.585 [http-nio-8006-exec-61] DEBUG c.r.h.m.T.selectTcmMeridianList - [debug,135] - <==      Total: 14
23:14:44.585 [http-nio-8006-exec-61] DEBUG c.r.h.m.T.selectTcmTreatmentTemplateList - [debug,135] - ==>  Preparing: select id, name, disease, category, description, acupoints_json, formula_ids, advice, notes, is_active, deleted_at, create_time, update_time from tcm_treatment_template WHERE deleted_at IS NULL order by category asc, name asc
23:14:44.585 [http-nio-8006-exec-61] DEBUG c.r.h.m.T.selectTcmTreatmentTemplateList - [debug,135] - ==> Parameters: 
23:14:44.586 [http-nio-8006-exec-61] DEBUG c.r.h.m.T.selectTcmTreatmentTemplateList - [debug,135] - <==      Total: 10
23:14:44.605 [http-nio-8006-exec-62] DEBUG c.r.s.m.S.selectUserList - [debug,135] - ==>  Preparing: select u.user_id, u.dept_id, u.nick_name, u.user_name, u.email, u.avatar, u.phonenumber, u.sex, u.status, u.del_flag, u.login_ip, u.login_date, u.create_by, u.create_time, u.remark, d.dept_name, d.leader from sys_user u left join sys_dept d on u.dept_id = d.dept_id where u.del_flag = '0'
23:14:44.606 [http-nio-8006-exec-62] DEBUG c.r.s.m.S.selectUserList - [debug,135] - ==> Parameters: 
23:14:44.607 [http-nio-8006-exec-62] DEBUG c.r.s.m.S.selectUserList - [debug,135] - <==      Total: 8
23:14:44.608 [http-nio-8006-exec-62] DEBUG c.r.s.m.S.selectUserById - [debug,135] - ==>  Preparing: select u.user_id, u.dept_id, u.user_name, u.nick_name, u.email, u.avatar, u.phonenumber, u.password, u.sex, u.status, u.del_flag, u.login_ip, u.login_date, u.pwd_update_date, u.create_by, u.create_time, u.remark, d.dept_id, d.parent_id, d.ancestors, d.dept_name, d.order_num, d.leader, d.status as dept_status, r.role_id, r.role_name, r.role_key, r.role_sort, r.data_scope, r.status as role_status from sys_user u left join sys_dept d on u.dept_id = d.dept_id left join sys_user_role ur on u.user_id = ur.user_id left join sys_role r on r.role_id = ur.role_id where u.user_id = ? and u.del_flag = '0'
23:14:44.608 [http-nio-8006-exec-62] DEBUG c.r.s.m.S.selectUserById - [debug,135] - ==> Parameters: 1(Long)
23:14:44.610 [http-nio-8006-exec-62] DEBUG c.r.s.m.S.selectUserById - [debug,135] - <==      Total: 1
23:14:44.610 [http-nio-8006-exec-62] DEBUG c.r.s.m.S.selectUserById - [debug,135] - ==>  Preparing: select u.user_id, u.dept_id, u.user_name, u.nick_name, u.email, u.avatar, u.phonenumber, u.password, u.sex, u.status, u.del_flag, u.login_ip, u.login_date, u.pwd_update_date, u.create_by, u.create_time, u.remark, d.dept_id, d.parent_id, d.ancestors, d.dept_name, d.order_num, d.leader, d.status as dept_status, r.role_id, r.role_name, r.role_key, r.role_sort, r.data_scope, r.status as role_status from sys_user u left join sys_dept d on u.dept_id = d.dept_id left join sys_user_role ur on u.user_id = ur.user_id left join sys_role r on r.role_id = ur.role_id where u.user_id = ? and u.del_flag = '0'
23:14:44.610 [http-nio-8006-exec-62] DEBUG c.r.s.m.S.selectUserById - [debug,135] - ==> Parameters: 2(Long)
23:14:44.611 [http-nio-8006-exec-62] DEBUG c.r.s.m.S.selectUserById - [debug,135] - <==      Total: 1
23:14:44.612 [http-nio-8006-exec-62] DEBUG c.r.s.m.S.selectUserById - [debug,135] - ==>  Preparing: select u.user_id, u.dept_id, u.user_name, u.nick_name, u.email, u.avatar, u.phonenumber, u.password, u.sex, u.status, u.del_flag, u.login_ip, u.login_date, u.pwd_update_date, u.create_by, u.create_time, u.remark, d.dept_id, d.parent_id, d.ancestors, d.dept_name, d.order_num, d.leader, d.status as dept_status, r.role_id, r.role_name, r.role_key, r.role_sort, r.data_scope, r.status as role_status from sys_user u left join sys_dept d on u.dept_id = d.dept_id left join sys_user_role ur on u.user_id = ur.user_id left join sys_role r on r.role_id = ur.role_id where u.user_id = ? and u.del_flag = '0'
23:14:44.612 [http-nio-8006-exec-62] DEBUG c.r.s.m.S.selectUserById - [debug,135] - ==> Parameters: 100(Long)
23:14:44.613 [http-nio-8006-exec-62] DEBUG c.r.s.m.S.selectUserById - [debug,135] - <==      Total: 1
23:14:44.614 [http-nio-8006-exec-62] DEBUG c.r.s.m.S.selectUserById - [debug,135] - ==>  Preparing: select u.user_id, u.dept_id, u.user_name, u.nick_name, u.email, u.avatar, u.phonenumber, u.password, u.sex, u.status, u.del_flag, u.login_ip, u.login_date, u.pwd_update_date, u.create_by, u.create_time, u.remark, d.dept_id, d.parent_id, d.ancestors, d.dept_name, d.order_num, d.leader, d.status as dept_status, r.role_id, r.role_name, r.role_key, r.role_sort, r.data_scope, r.status as role_status from sys_user u left join sys_dept d on u.dept_id = d.dept_id left join sys_user_role ur on u.user_id = ur.user_id left join sys_role r on r.role_id = ur.role_id where u.user_id = ? and u.del_flag = '0'
23:14:44.614 [http-nio-8006-exec-62] DEBUG c.r.s.m.S.selectUserById - [debug,135] - ==> Parameters: 101(Long)
23:14:44.615 [http-nio-8006-exec-62] DEBUG c.r.s.m.S.selectUserById - [debug,135] - <==      Total: 1
23:14:44.616 [http-nio-8006-exec-62] DEBUG c.r.s.m.S.selectUserById - [debug,135] - ==>  Preparing: select u.user_id, u.dept_id, u.user_name, u.nick_name, u.email, u.avatar, u.phonenumber, u.password, u.sex, u.status, u.del_flag, u.login_ip, u.login_date, u.pwd_update_date, u.create_by, u.create_time, u.remark, d.dept_id, d.parent_id, d.ancestors, d.dept_name, d.order_num, d.leader, d.status as dept_status, r.role_id, r.role_name, r.role_key, r.role_sort, r.data_scope, r.status as role_status from sys_user u left join sys_dept d on u.dept_id = d.dept_id left join sys_user_role ur on u.user_id = ur.user_id left join sys_role r on r.role_id = ur.role_id where u.user_id = ? and u.del_flag = '0'
23:14:44.616 [http-nio-8006-exec-62] DEBUG c.r.s.m.S.selectUserById - [debug,135] - ==> Parameters: 102(Long)
23:14:44.617 [http-nio-8006-exec-62] DEBUG c.r.s.m.S.selectUserById - [debug,135] - <==      Total: 1
23:14:44.618 [http-nio-8006-exec-62] DEBUG c.r.s.m.S.selectUserById - [debug,135] - ==>  Preparing: select u.user_id, u.dept_id, u.user_name, u.nick_name, u.email, u.avatar, u.phonenumber, u.password, u.sex, u.status, u.del_flag, u.login_ip, u.login_date, u.pwd_update_date, u.create_by, u.create_time, u.remark, d.dept_id, d.parent_id, d.ancestors, d.dept_name, d.order_num, d.leader, d.status as dept_status, r.role_id, r.role_name, r.role_key, r.role_sort, r.data_scope, r.status as role_status from sys_user u left join sys_dept d on u.dept_id = d.dept_id left join sys_user_role ur on u.user_id = ur.user_id left join sys_role r on r.role_id = ur.role_id where u.user_id = ? and u.del_flag = '0'
23:14:44.619 [http-nio-8006-exec-62] DEBUG c.r.s.m.S.selectUserById - [debug,135] - ==> Parameters: 103(Long)
23:14:44.620 [http-nio-8006-exec-62] DEBUG c.r.s.m.S.selectUserById - [debug,135] - <==      Total: 1
23:14:44.620 [http-nio-8006-exec-62] DEBUG c.r.s.m.S.selectUserById - [debug,135] - ==>  Preparing: select u.user_id, u.dept_id, u.user_name, u.nick_name, u.email, u.avatar, u.phonenumber, u.password, u.sex, u.status, u.del_flag, u.login_ip, u.login_date, u.pwd_update_date, u.create_by, u.create_time, u.remark, d.dept_id, d.parent_id, d.ancestors, d.dept_name, d.order_num, d.leader, d.status as dept_status, r.role_id, r.role_name, r.role_key, r.role_sort, r.data_scope, r.status as role_status from sys_user u left join sys_dept d on u.dept_id = d.dept_id left join sys_user_role ur on u.user_id = ur.user_id left join sys_role r on r.role_id = ur.role_id where u.user_id = ? and u.del_flag = '0'
23:14:44.621 [http-nio-8006-exec-62] DEBUG c.r.s.m.S.selectUserById - [debug,135] - ==> Parameters: 104(Long)
23:14:44.622 [http-nio-8006-exec-62] DEBUG c.r.s.m.S.selectUserById - [debug,135] - <==      Total: 1
23:14:44.622 [http-nio-8006-exec-62] DEBUG c.r.s.m.S.selectUserById - [debug,135] - ==>  Preparing: select u.user_id, u.dept_id, u.user_name, u.nick_name, u.email, u.avatar, u.phonenumber, u.password, u.sex, u.status, u.del_flag, u.login_ip, u.login_date, u.pwd_update_date, u.create_by, u.create_time, u.remark, d.dept_id, d.parent_id, d.ancestors, d.dept_name, d.order_num, d.leader, d.status as dept_status, r.role_id, r.role_name, r.role_key, r.role_sort, r.data_scope, r.status as role_status from sys_user u left join sys_dept d on u.dept_id = d.dept_id left join sys_user_role ur on u.user_id = ur.user_id left join sys_role r on r.role_id = ur.role_id where u.user_id = ? and u.del_flag = '0'
23:14:44.623 [http-nio-8006-exec-62] DEBUG c.r.s.m.S.selectUserById - [debug,135] - ==> Parameters: 105(Long)
23:14:44.624 [http-nio-8006-exec-62] DEBUG c.r.s.m.S.selectUserById - [debug,135] - <==      Total: 1
23:14:44.624 [http-nio-8006-exec-62] DEBUG c.r.h.m.T.selectTcmPatientList - [debug,135] - ==>  Preparing: select id, name, first_name, last_name, email, phone, practitioner_id, is_active, consent_signed, consent_signed_at, consent_token, consent_token_expires, merged_into, deleted_at, payload, create_time, update_time from tcm_patient
23:14:44.624 [http-nio-8006-exec-62] DEBUG c.r.h.m.T.selectTcmPatientList - [debug,135] - ==> Parameters: 
23:14:44.625 [http-nio-8006-exec-62] DEBUG c.r.h.m.T.selectTcmPatientList - [debug,135] - <==      Total: 3
23:14:44.626 [http-nio-8006-exec-62] DEBUG c.r.h.m.T.selectTcmAppointmentList - [debug,135] - ==>  Preparing: select id, patient_id, practitioner_id, room_id, service_type, start_time, end_time, status, branch_id, intake_token, intake_submitted, payload, create_time, update_time from tcm_appointment
23:14:44.626 [http-nio-8006-exec-62] DEBUG c.r.h.m.T.selectTcmAppointmentList - [debug,135] - ==> Parameters: 
23:14:44.628 [http-nio-8006-exec-62] DEBUG c.r.h.m.T.selectTcmAppointmentList - [debug,135] - <==      Total: 2
23:14:44.628 [http-nio-8006-exec-62] DEBUG c.r.h.m.T.selectTcmConsultationList - [debug,135] - ==>  Preparing: select id, consultation_id, patient_id, practitioner_id, consult_date, status, branch_id, locked_at, version, deleted_at, payload, create_time, update_time from tcm_consultation
23:14:44.628 [http-nio-8006-exec-62] DEBUG c.r.h.m.T.selectTcmConsultationList - [debug,135] - ==> Parameters: 
23:14:44.629 [http-nio-8006-exec-62] DEBUG c.r.h.m.T.selectTcmConsultationList - [debug,135] - <==      Total: 2
23:14:44.630 [http-nio-8006-exec-62] DEBUG c.r.h.m.T.selectTcmInventoryItemList - [debug,135] - ==>  Preparing: select id, name, category, unit, quantity, price_per_unit, min_stock_level, supplier, supplier_id, grams_per_packet, branch_id, is_active, deleted_at, herb_dict_id, payload, create_time, update_time from tcm_inventory_item WHERE deleted_at IS NULL
23:14:44.630 [http-nio-8006-exec-62] DEBUG c.r.h.m.T.selectTcmInventoryItemList - [debug,135] - ==> Parameters: 
23:14:44.631 [http-nio-8006-exec-62] DEBUG c.r.h.m.T.selectTcmInventoryItemList - [debug,135] - <==      Total: 13
23:14:44.632 [http-nio-8006-exec-62] DEBUG c.r.h.m.T.selectTcmBranchList - [debug,135] - ==>  Preparing: select id, name, code, address, phone, email, manager_id, is_active, is_main, room_ids, create_time, update_time from tcm_branch
23:14:44.632 [http-nio-8006-exec-62] DEBUG c.r.h.m.T.selectTcmBranchList - [debug,135] - ==> Parameters: 
23:14:44.633 [http-nio-8006-exec-62] DEBUG c.r.h.m.T.selectTcmBranchList - [debug,135] - <==      Total: 3
23:14:44.634 [http-nio-8006-exec-62] DEBUG c.r.h.m.T.selectAllSettings - [debug,135] - ==>  Preparing: select setting_key, setting_value, update_time from tcm_clinic_setting order by setting_key
23:14:44.634 [http-nio-8006-exec-62] DEBUG c.r.h.m.T.selectAllSettings - [debug,135] - ==> Parameters: 
23:14:44.635 [http-nio-8006-exec-62] DEBUG c.r.h.m.T.selectAllSettings - [debug,135] - <==      Total: 6
23:14:44.636 [http-nio-8006-exec-62] DEBUG c.r.h.m.T.selectTcmRoomList - [debug,135] - ==>  Preparing: select id, name, branch_id, is_active, create_time, update_time from tcm_room
23:14:44.636 [http-nio-8006-exec-62] DEBUG c.r.h.m.T.selectTcmRoomList - [debug,135] - ==> Parameters: 
23:14:44.637 [http-nio-8006-exec-62] DEBUG c.r.h.m.T.selectTcmRoomList - [debug,135] - <==      Total: 3
23:14:44.637 [http-nio-8006-exec-62] DEBUG c.r.h.m.T.selectTcmServiceTypeList - [debug,135] - ==>  Preparing: select service_key, label, duration, practitioner_time, room_required, default_price, update_time from tcm_service_type
23:14:44.637 [http-nio-8006-exec-62] DEBUG c.r.h.m.T.selectTcmServiceTypeList - [debug,135] - ==> Parameters: 
23:14:44.638 [http-nio-8006-exec-62] DEBUG c.r.h.m.T.selectTcmServiceTypeList - [debug,135] - <==      Total: 3
23:14:44.638 [http-nio-8006-exec-62] DEBUG c.r.h.m.T.selectTcmPriceListList - [debug,135] - ==>  Preparing: select id, name, effective_date, is_active, items_json, create_time, update_time from tcm_price_list
23:14:44.639 [http-nio-8006-exec-62] DEBUG c.r.h.m.T.selectTcmPriceListList - [debug,135] - ==> Parameters: 
23:14:44.639 [http-nio-8006-exec-62] DEBUG c.r.h.m.T.selectTcmPriceListList - [debug,135] - <==      Total: 1
23:14:44.640 [http-nio-8006-exec-62] DEBUG c.r.h.m.T.selectTcmEmailLogList - [debug,135] - ==>  Preparing: select id, to_email, subject, email_type, body, sent_at, payload, create_time from tcm_email_log order by id desc
23:14:44.640 [http-nio-8006-exec-62] DEBUG c.r.h.m.T.selectTcmEmailLogList - [debug,135] - ==> Parameters: 
23:14:44.640 [http-nio-8006-exec-62] DEBUG c.r.h.m.T.selectTcmEmailLogList - [debug,135] - <==      Total: 0
23:14:44.641 [http-nio-8006-exec-62] DEBUG c.r.h.m.T.selectTcmFormulaList - [debug,135] - ==>  Preparing: select id, name, category, description, source, is_active, deleted_at, create_time, update_time from tcm_formula WHERE deleted_at IS NULL order by create_time desc
23:14:44.641 [http-nio-8006-exec-62] DEBUG c.r.h.m.T.selectTcmFormulaList - [debug,135] - ==> Parameters: 
23:14:44.643 [http-nio-8006-exec-62] DEBUG c.r.h.m.T.selectTcmFormulaList - [debug,135] - <==      Total: 51
23:14:44.643 [http-nio-8006-exec-62] DEBUG c.r.h.m.T.selectByFormulaId - [debug,135] - ==>  Preparing: select id, formula_id, herb_name, dosage, unit, sort_order, notes, herb_dict_id from tcm_formula_item where formula_id = ? order by sort_order asc
23:14:44.644 [http-nio-8006-exec-62] DEBUG c.r.h.m.T.selectByFormulaId - [debug,135] - ==> Parameters: ecf8c626-94c4-4825-97d3-21c67adf9366(String)
23:14:44.644 [http-nio-8006-exec-62] DEBUG c.r.h.m.T.selectByFormulaId - [debug,135] - <==      Total: 1
23:14:44.645 [http-nio-8006-exec-62] DEBUG c.r.h.m.T.selectByFormulaId - [debug,135] - ==>  Preparing: select id, formula_id, herb_name, dosage, unit, sort_order, notes, herb_dict_id from tcm_formula_item where formula_id = ? order by sort_order asc
23:14:44.645 [http-nio-8006-exec-62] DEBUG c.r.h.m.T.selectByFormulaId - [debug,135] - ==> Parameters: formula-1(String)
23:14:44.645 [http-nio-8006-exec-62] DEBUG c.r.h.m.T.selectByFormulaId - [debug,135] - <==      Total: 4
23:14:44.646 [http-nio-8006-exec-62] DEBUG c.r.h.m.T.selectByFormulaId - [debug,135] - ==>  Preparing: select id, formula_id, herb_name, dosage, unit, sort_order, notes, herb_dict_id from tcm_formula_item where formula_id = ? order by sort_order asc
23:14:44.646 [http-nio-8006-exec-62] DEBUG c.r.h.m.T.selectByFormulaId - [debug,135] - ==> Parameters: formula-10(String)
23:14:44.647 [http-nio-8006-exec-62] DEBUG c.r.h.m.T.selectByFormulaId - [debug,135] - <==      Total: 5
23:14:44.647 [http-nio-8006-exec-62] DEBUG c.r.h.m.T.selectByFormulaId - [debug,135] - ==>  Preparing: select id, formula_id, herb_name, dosage, unit, sort_order, notes, herb_dict_id from tcm_formula_item where formula_id = ? order by sort_order asc
23:14:44.647 [http-nio-8006-exec-62] DEBUG c.r.h.m.T.selectByFormulaId - [debug,135] - ==> Parameters: formula-11(String)
23:14:44.649 [http-nio-8006-exec-62] DEBUG c.r.h.m.T.selectByFormulaId - [debug,135] - <==      Total: 4
23:14:44.649 [http-nio-8006-exec-62] DEBUG c.r.h.m.T.selectByFormulaId - [debug,135] - ==>  Preparing: select id, formula_id, herb_name, dosage, unit, sort_order, notes, herb_dict_id from tcm_formula_item where formula_id = ? order by sort_order asc
23:14:44.649 [http-nio-8006-exec-62] DEBUG c.r.h.m.T.selectByFormulaId - [debug,135] - ==> Parameters: formula-12(String)
23:14:44.650 [http-nio-8006-exec-62] DEBUG c.r.h.m.T.selectByFormulaId - [debug,135] - <==      Total: 0
23:14:44.650 [http-nio-8006-exec-62] DEBUG c.r.h.m.T.selectByFormulaId - [debug,135] - ==>  Preparing: select id, formula_id, herb_name, dosage, unit, sort_order, notes, herb_dict_id from tcm_formula_item where formula_id = ? order by sort_order asc
23:14:44.650 [http-nio-8006-exec-62] DEBUG c.r.h.m.T.selectByFormulaId - [debug,135] - ==> Parameters: formula-13(String)
23:14:44.650 [http-nio-8006-exec-62] DEBUG c.r.h.m.T.selectByFormulaId - [debug,135] - <==      Total: 0
23:14:44.651 [http-nio-8006-exec-62] DEBUG c.r.h.m.T.selectByFormulaId - [debug,135] - ==>  Preparing: select id, formula_id, herb_name, dosage, unit, sort_order, notes, herb_dict_id from tcm_formula_item where formula_id = ? order by sort_order asc
23:14:44.651 [http-nio-8006-exec-62] DEBUG c.r.h.m.T.selectByFormulaId - [debug,135] - ==> Parameters: formula-14(String)
23:14:44.652 [http-nio-8006-exec-62] DEBUG c.r.h.m.T.selectByFormulaId - [debug,135] - <==      Total: 0
23:14:44.652 [http-nio-8006-exec-62] DEBUG c.r.h.m.T.selectByFormulaId - [debug,135] - ==>  Preparing: select id, formula_id, herb_name, dosage, unit, sort_order, notes, herb_dict_id from tcm_formula_item where formula_id = ? order by sort_order asc
23:14:44.652 [http-nio-8006-exec-62] DEBUG c.r.h.m.T.selectByFormulaId - [debug,135] - ==> Parameters: formula-15(String)
23:14:44.653 [http-nio-8006-exec-62] DEBUG c.r.h.m.T.selectByFormulaId - [debug,135] - <==      Total: 7
23:14:44.653 [http-nio-8006-exec-62] DEBUG c.r.h.m.T.selectByFormulaId - [debug,135] - ==>  Preparing: select id, formula_id, herb_name, dosage, unit, sort_order, notes, herb_dict_id from tcm_formula_item where formula_id = ? order by sort_order asc
23:14:44.653 [http-nio-8006-exec-62] DEBUG c.r.h.m.T.selectByFormulaId - [debug,135] - ==> Parameters: formula-16(String)
23:14:44.655 [http-nio-8006-exec-62] DEBUG c.r.h.m.T.selectByFormulaId - [debug,135] - <==      Total: 0
23:14:44.655 [http-nio-8006-exec-62] DEBUG c.r.h.m.T.selectByFormulaId - [debug,135] - ==>  Preparing: select id, formula_id, herb_name, dosage, unit, sort_order, notes, herb_dict_id from tcm_formula_item where formula_id = ? order by sort_order asc
23:14:44.655 [http-nio-8006-exec-62] DEBUG c.r.h.m.T.selectByFormulaId - [debug,135] - ==> Parameters: formula-17(String)
23:14:44.656 [http-nio-8006-exec-62] DEBUG c.r.h.m.T.selectByFormulaId - [debug,135] - <==      Total: 4
23:14:44.656 [http-nio-8006-exec-62] DEBUG c.r.h.m.T.selectByFormulaId - [debug,135] - ==>  Preparing: select id, formula_id, herb_name, dosage, unit, sort_order, notes, herb_dict_id from tcm_formula_item where formula_id = ? order by sort_order asc
23:14:44.657 [http-nio-8006-exec-62] DEBUG c.r.h.m.T.selectByFormulaId - [debug,135] - ==> Parameters: formula-18(String)
23:14:44.657 [http-nio-8006-exec-62] DEBUG c.r.h.m.T.selectByFormulaId - [debug,135] - <==      Total: 3
23:14:44.658 [http-nio-8006-exec-62] DEBUG c.r.h.m.T.selectByFormulaId - [debug,135] - ==>  Preparing: select id, formula_id, herb_name, dosage, unit, sort_order, notes, herb_dict_id from tcm_formula_item where formula_id = ? order by sort_order asc
23:14:44.658 [http-nio-8006-exec-62] DEBUG c.r.h.m.T.selectByFormulaId - [debug,135] - ==> Parameters: formula-19(String)
23:14:44.659 [http-nio-8006-exec-62] DEBUG c.r.h.m.T.selectByFormulaId - [debug,135] - <==      Total: 0
23:14:44.659 [http-nio-8006-exec-62] DEBUG c.r.h.m.T.selectByFormulaId - [debug,135] - ==>  Preparing: select id, formula_id, herb_name, dosage, unit, sort_order, notes, herb_dict_id from tcm_formula_item where formula_id = ? order by sort_order asc
23:14:44.659 [http-nio-8006-exec-62] DEBUG c.r.h.m.T.selectByFormulaId - [debug,135] - ==> Parameters: formula-2(String)
23:14:44.660 [http-nio-8006-exec-62] DEBUG c.r.h.m.T.selectByFormulaId - [debug,135] - <==      Total: 6
23:14:44.660 [http-nio-8006-exec-62] DEBUG c.r.h.m.T.selectByFormulaId - [debug,135] - ==>  Preparing: select id, formula_id, herb_name, dosage, unit, sort_order, notes, herb_dict_id from tcm_formula_item where formula_id = ? order by sort_order asc
23:14:44.660 [http-nio-8006-exec-62] DEBUG c.r.h.m.T.selectByFormulaId - [debug,135] - ==> Parameters: formula-20(String)
23:14:44.661 [http-nio-8006-exec-62] DEBUG c.r.h.m.T.selectByFormulaId - [debug,135] - <==      Total: 0
23:14:44.661 [http-nio-8006-exec-62] DEBUG c.r.h.m.T.selectByFormulaId - [debug,135] - ==>  Preparing: select id, formula_id, herb_name, dosage, unit, sort_order, notes, herb_dict_id from tcm_formula_item where formula_id = ? order by sort_order asc
23:14:44.662 [http-nio-8006-exec-62] DEBUG c.r.h.m.T.selectByFormulaId - [debug,135] - ==> Parameters: formula-21(String)
23:14:44.662 [http-nio-8006-exec-62] DEBUG c.r.h.m.T.selectByFormulaId - [debug,135] - <==      Total: 4
23:14:44.663 [http-nio-8006-exec-62] DEBUG c.r.h.m.T.selectByFormulaId - [debug,135] - ==>  Preparing: select id, formula_id, herb_name, dosage, unit, sort_order, notes, herb_dict_id from tcm_formula_item where formula_id = ? order by sort_order asc
23:14:44.663 [http-nio-8006-exec-62] DEBUG c.r.h.m.T.selectByFormulaId - [debug,135] - ==> Parameters: formula-22(String)
23:14:44.664 [http-nio-8006-exec-62] DEBUG c.r.h.m.T.selectByFormulaId - [debug,135] - <==      Total: 0
23:14:44.664 [http-nio-8006-exec-62] DEBUG c.r.h.m.T.selectByFormulaId - [debug,135] - ==>  Preparing: select id, formula_id, herb_name, dosage, unit, sort_order, notes, herb_dict_id from tcm_formula_item where formula_id = ? order by sort_order asc
23:14:44.664 [http-nio-8006-exec-62] DEBUG c.r.h.m.T.selectByFormulaId - [debug,135] - ==> Parameters: formula-23(String)
23:14:44.665 [http-nio-8006-exec-62] DEBUG c.r.h.m.T.selectByFormulaId - [debug,135] - <==      Total: 0
23:14:44.665 [http-nio-8006-exec-62] DEBUG c.r.h.m.T.selectByFormulaId - [debug,135] - ==>  Preparing: select id, formula_id, herb_name, dosage, unit, sort_order, notes, herb_dict_id from tcm_formula_item where formula_id = ? order by sort_order asc
23:14:44.665 [http-nio-8006-exec-62] DEBUG c.r.h.m.T.selectByFormulaId - [debug,135] - ==> Parameters: formula-24(String)
23:14:44.666 [http-nio-8006-exec-62] DEBUG c.r.h.m.T.selectByFormulaId - [debug,135] - <==      Total: 5
23:14:44.667 [http-nio-8006-exec-62] DEBUG c.r.h.m.T.selectByFormulaId - [debug,135] - ==>  Preparing: select id, formula_id, herb_name, dosage, unit, sort_order, notes, herb_dict_id from tcm_formula_item where formula_id = ? order by sort_order asc
23:14:44.667 [http-nio-8006-exec-62] DEBUG c.r.h.m.T.selectByFormulaId - [debug,135] - ==> Parameters: formula-25(String)
23:14:44.668 [http-nio-8006-exec-62] DEBUG c.r.h.m.T.selectByFormulaId - [debug,135] - <==      Total: 0
23:14:44.668 [http-nio-8006-exec-62] DEBUG c.r.h.m.T.selectByFormulaId - [debug,135] - ==>  Preparing: select id, formula_id, herb_name, dosage, unit, sort_order, notes, herb_dict_id from tcm_formula_item where formula_id = ? order by sort_order asc
23:14:44.669 [http-nio-8006-exec-62] DEBUG c.r.h.m.T.selectByFormulaId - [debug,135] - ==> Parameters: formula-26(String)
23:14:44.669 [http-nio-8006-exec-62] DEBUG c.r.h.m.T.selectByFormulaId - [debug,135] - <==      Total: 0
23:14:44.670 [http-nio-8006-exec-62] DEBUG c.r.h.m.T.selectByFormulaId - [debug,135] - ==>  Preparing: select id, formula_id, herb_name, dosage, unit, sort_order, notes, herb_dict_id from tcm_formula_item where formula_id = ? order by sort_order asc
23:14:44.670 [http-nio-8006-exec-62] DEBUG c.r.h.m.T.selectByFormulaId - [debug,135] - ==> Parameters: formula-27(String)
23:14:44.670 [http-nio-8006-exec-62] DEBUG c.r.h.m.T.selectByFormulaId - [debug,135] - <==      Total: 0
23:14:44.671 [http-nio-8006-exec-62] DEBUG c.r.h.m.T.selectByFormulaId - [debug,135] - ==>  Preparing: select id, formula_id, herb_name, dosage, unit, sort_order, notes, herb_dict_id from tcm_formula_item where formula_id = ? order by sort_order asc
23:14:44.671 [http-nio-8006-exec-62] DEBUG c.r.h.m.T.selectByFormulaId - [debug,135] - ==> Parameters: formula-28(String)
23:14:44.672 [http-nio-8006-exec-62] DEBUG c.r.h.m.T.selectByFormulaId - [debug,135] - <==      Total: 0
23:14:44.672 [http-nio-8006-exec-62] DEBUG c.r.h.m.T.selectByFormulaId - [debug,135] - ==>  Preparing: select id, formula_id, herb_name, dosage, unit, sort_order, notes, herb_dict_id from tcm_formula_item where formula_id = ? order by sort_order asc
23:14:44.672 [http-nio-8006-exec-62] DEBUG c.r.h.m.T.selectByFormulaId - [debug,135] - ==> Parameters: formula-29(String)
23:14:44.673 [http-nio-8006-exec-62] DEBUG c.r.h.m.T.selectByFormulaId - [debug,135] - <==      Total: 8
23:14:44.673 [http-nio-8006-exec-62] DEBUG c.r.h.m.T.selectByFormulaId - [debug,135] - ==>  Preparing: select id, formula_id, herb_name, dosage, unit, sort_order, notes, herb_dict_id from tcm_formula_item where formula_id = ? order by sort_order asc
23:14:44.674 [http-nio-8006-exec-62] DEBUG c.r.h.m.T.selectByFormulaId - [debug,135] - ==> Parameters: formula-3(String)
23:14:44.674 [http-nio-8006-exec-62] DEBUG c.r.h.m.T.selectByFormulaId - [debug,135] - <==      Total: 8
23:14:44.675 [http-nio-8006-exec-62] DEBUG c.r.h.m.T.selectByFormulaId - [debug,135] - ==>  Preparing: select id, formula_id, herb_name, dosage, unit, sort_order, notes, herb_dict_id from tcm_formula_item where formula_id = ? order by sort_order asc
23:14:44.675 [http-nio-8006-exec-62] DEBUG c.r.h.m.T.selectByFormulaId - [debug,135] - ==> Parameters: formula-30(String)
23:14:44.675 [http-nio-8006-exec-62] DEBUG c.r.h.m.T.selectByFormulaId - [debug,135] - <==      Total: 0
23:14:44.676 [http-nio-8006-exec-62] DEBUG c.r.h.m.T.selectByFormulaId - [debug,135] - ==>  Preparing: select id, formula_id, herb_name, dosage, unit, sort_order, notes, herb_dict_id from tcm_formula_item where formula_id = ? order by sort_order asc
23:14:44.676 [http-nio-8006-exec-62] DEBUG c.r.h.m.T.selectByFormulaId - [debug,135] - ==> Parameters: formula-31(String)
23:14:44.677 [http-nio-8006-exec-62] DEBUG c.r.h.m.T.selectByFormulaId - [debug,135] - <==      Total: 5
23:14:44.677 [http-nio-8006-exec-62] DEBUG c.r.h.m.T.selectByFormulaId - [debug,135] - ==>  Preparing: select id, formula_id, herb_name, dosage, unit, sort_order, notes, herb_dict_id from tcm_formula_item where formula_id = ? order by sort_order asc
23:14:44.677 [http-nio-8006-exec-62] DEBUG c.r.h.m.T.selectByFormulaId - [debug,135] - ==> Parameters: formula-32(String)
23:14:44.678 [http-nio-8006-exec-62] DEBUG c.r.h.m.T.selectByFormulaId - [debug,135] - <==      Total: 0
23:14:44.679 [http-nio-8006-exec-62] DEBUG c.r.h.m.T.selectByFormulaId - [debug,135] - ==>  Preparing: select id, formula_id, herb_name, dosage, unit, sort_order, notes, herb_dict_id from tcm_formula_item where formula_id = ? order by sort_order asc
23:14:44.679 [http-nio-8006-exec-62] DEBUG c.r.h.m.T.selectByFormulaId - [debug,135] - ==> Parameters: formula-33(String)
23:14:44.680 [http-nio-8006-exec-62] DEBUG c.r.h.m.T.selectByFormulaId - [debug,135] - <==      Total: 3
23:14:44.680 [http-nio-8006-exec-62] DEBUG c.r.h.m.T.selectByFormulaId - [debug,135] - ==>  Preparing: select id, formula_id, herb_name, dosage, unit, sort_order, notes, herb_dict_id from tcm_formula_item where formula_id = ? order by sort_order asc
23:14:44.680 [http-nio-8006-exec-62] DEBUG c.r.h.m.T.selectByFormulaId - [debug,135] - ==> Parameters: formula-34(String)
23:14:44.681 [http-nio-8006-exec-62] DEBUG c.r.h.m.T.selectByFormulaId - [debug,135] - <==      Total: 3
23:14:44.681 [http-nio-8006-exec-62] DEBUG c.r.h.m.T.selectByFormulaId - [debug,135] - ==>  Preparing: select id, formula_id, herb_name, dosage, unit, sort_order, notes, herb_dict_id from tcm_formula_item where formula_id = ? order by sort_order asc
23:14:44.682 [http-nio-8006-exec-62] DEBUG c.r.h.m.T.selectByFormulaId - [debug,135] - ==> Parameters: formula-35(String)
23:14:44.682 [http-nio-8006-exec-62] DEBUG c.r.h.m.T.selectByFormulaId - [debug,135] - <==      Total: 4
23:14:44.683 [http-nio-8006-exec-62] DEBUG c.r.h.m.T.selectByFormulaId - [debug,135] - ==>  Preparing: select id, formula_id, herb_name, dosage, unit, sort_order, notes, herb_dict_id from tcm_formula_item where formula_id = ? order by sort_order asc
23:14:44.683 [http-nio-8006-exec-62] DEBUG c.r.h.m.T.selectByFormulaId - [debug,135] - ==> Parameters: formula-36(String)
23:14:44.683 [http-nio-8006-exec-62] DEBUG c.r.h.m.T.selectByFormulaId - [debug,135] - <==      Total: 0
23:14:44.684 [http-nio-8006-exec-62] DEBUG c.r.h.m.T.selectByFormulaId - [debug,135] - ==>  Preparing: select id, formula_id, herb_name, dosage, unit, sort_order, notes, herb_dict_id from tcm_formula_item where formula_id = ? order by sort_order asc
23:14:44.684 [http-nio-8006-exec-62] DEBUG c.r.h.m.T.selectByFormulaId - [debug,135] - ==> Parameters: formula-37(String)
23:14:44.684 [http-nio-8006-exec-62] DEBUG c.r.h.m.T.selectByFormulaId - [debug,135] - <==      Total: 6
23:14:44.685 [http-nio-8006-exec-62] DEBUG c.r.h.m.T.selectByFormulaId - [debug,135] - ==>  Preparing: select id, formula_id, herb_name, dosage, unit, sort_order, notes, herb_dict_id from tcm_formula_item where formula_id = ? order by sort_order asc
23:14:44.685 [http-nio-8006-exec-62] DEBUG c.r.h.m.T.selectByFormulaId - [debug,135] - ==> Parameters: formula-38(String)
23:14:44.685 [http-nio-8006-exec-62] DEBUG c.r.h.m.T.selectByFormulaId - [debug,135] - <==      Total: 0
23:14:44.686 [http-nio-8006-exec-62] DEBUG c.r.h.m.T.selectByFormulaId - [debug,135] - ==>  Preparing: select id, formula_id, herb_name, dosage, unit, sort_order, notes, herb_dict_id from tcm_formula_item where formula_id = ? order by sort_order asc
23:14:44.686 [http-nio-8006-exec-62] DEBUG c.r.h.m.T.selectByFormulaId - [debug,135] - ==> Parameters: formula-39(String)
23:14:44.686 [http-nio-8006-exec-62] DEBUG c.r.h.m.T.selectByFormulaId - [debug,135] - <==      Total: 0
23:14:44.686 [http-nio-8006-exec-62] DEBUG c.r.h.m.T.selectByFormulaId - [debug,135] - ==>  Preparing: select id, formula_id, herb_name, dosage, unit, sort_order, notes, herb_dict_id from tcm_formula_item where formula_id = ? order by sort_order asc
23:14:44.688 [http-nio-8006-exec-62] DEBUG c.r.h.m.T.selectByFormulaId - [debug,135] - ==> Parameters: formula-4(String)
23:14:44.688 [http-nio-8006-exec-62] DEBUG c.r.h.m.T.selectByFormulaId - [debug,135] - <==      Total: 8
23:14:44.688 [http-nio-8006-exec-62] DEBUG c.r.h.m.T.selectByFormulaId - [debug,135] - ==>  Preparing: select id, formula_id, herb_name, dosage, unit, sort_order, notes, herb_dict_id from tcm_formula_item where formula_id = ? order by sort_order asc
23:14:44.689 [http-nio-8006-exec-62] DEBUG c.r.h.m.T.selectByFormulaId - [debug,135] - ==> Parameters: formula-40(String)
23:14:44.689 [http-nio-8006-exec-62] DEBUG c.r.h.m.T.selectByFormulaId - [debug,135] - <==      Total: 0
23:14:44.690 [http-nio-8006-exec-62] DEBUG c.r.h.m.T.selectByFormulaId - [debug,135] - ==>  Preparing: select id, formula_id, herb_name, dosage, unit, sort_order, notes, herb_dict_id from tcm_formula_item where formula_id = ? order by sort_order asc
23:14:44.690 [http-nio-8006-exec-62] DEBUG c.r.h.m.T.selectByFormulaId - [debug,135] - ==> Parameters: formula-41(String)
23:14:44.691 [http-nio-8006-exec-62] DEBUG c.r.h.m.T.selectByFormulaId - [debug,135] - <==      Total: 0
23:14:44.691 [http-nio-8006-exec-62] DEBUG c.r.h.m.T.selectByFormulaId - [debug,135] - ==>  Preparing: select id, formula_id, herb_name, dosage, unit, sort_order, notes, herb_dict_id from tcm_formula_item where formula_id = ? order by sort_order asc
23:14:44.691 [http-nio-8006-exec-62] DEBUG c.r.h.m.T.selectByFormulaId - [debug,135] - ==> Parameters: formula-42(String)
23:14:44.692 [http-nio-8006-exec-62] DEBUG c.r.h.m.T.selectByFormulaId - [debug,135] - <==      Total: 0
23:14:44.692 [http-nio-8006-exec-62] DEBUG c.r.h.m.T.selectByFormulaId - [debug,135] - ==>  Preparing: select id, formula_id, herb_name, dosage, unit, sort_order, notes, herb_dict_id from tcm_formula_item where formula_id = ? order by sort_order asc
23:14:44.693 [http-nio-8006-exec-62] DEBUG c.r.h.m.T.selectByFormulaId - [debug,135] - ==> Parameters: formula-43(String)
23:14:44.693 [http-nio-8006-exec-62] DEBUG c.r.h.m.T.selectByFormulaId - [debug,135] - <==      Total: 0
23:14:44.693 [http-nio-8006-exec-62] DEBUG c.r.h.m.T.selectByFormulaId - [debug,135] - ==>  Preparing: select id, formula_id, herb_name, dosage, unit, sort_order, notes, herb_dict_id from tcm_formula_item where formula_id = ? order by sort_order asc
23:14:44.694 [http-nio-8006-exec-62] DEBUG c.r.h.m.T.selectByFormulaId - [debug,135] - ==> Parameters: formula-44(String)
23:14:44.694 [http-nio-8006-exec-62] DEBUG c.r.h.m.T.selectByFormulaId - [debug,135] - <==      Total: 0
23:14:44.695 [http-nio-8006-exec-62] DEBUG c.r.h.m.T.selectByFormulaId - [debug,135] - ==>  Preparing: select id, formula_id, herb_name, dosage, unit, sort_order, notes, herb_dict_id from tcm_formula_item where formula_id = ? order by sort_order asc
23:14:44.695 [http-nio-8006-exec-62] DEBUG c.r.h.m.T.selectByFormulaId - [debug,135] - ==> Parameters: formula-45(String)
23:14:44.696 [http-nio-8006-exec-62] DEBUG c.r.h.m.T.selectByFormulaId - [debug,135] - <==      Total: 0
23:14:44.696 [http-nio-8006-exec-62] DEBUG c.r.h.m.T.selectByFormulaId - [debug,135] - ==>  Preparing: select id, formula_id, herb_name, dosage, unit, sort_order, notes, herb_dict_id from tcm_formula_item where formula_id = ? order by sort_order asc
23:14:44.696 [http-nio-8006-exec-62] DEBUG c.r.h.m.T.selectByFormulaId - [debug,135] - ==> Parameters: formula-46(String)
23:14:44.697 [http-nio-8006-exec-62] DEBUG c.r.h.m.T.selectByFormulaId - [debug,135] - <==      Total: 0
23:14:44.697 [http-nio-8006-exec-62] DEBUG c.r.h.m.T.selectByFormulaId - [debug,135] - ==>  Preparing: select id, formula_id, herb_name, dosage, unit, sort_order, notes, herb_dict_id from tcm_formula_item where formula_id = ? order by sort_order asc
23:14:44.697 [http-nio-8006-exec-62] DEBUG c.r.h.m.T.selectByFormulaId - [debug,135] - ==> Parameters: formula-47(String)
23:14:44.698 [http-nio-8006-exec-62] DEBUG c.r.h.m.T.selectByFormulaId - [debug,135] - <==      Total: 0
23:14:44.698 [http-nio-8006-exec-62] DEBUG c.r.h.m.T.selectByFormulaId - [debug,135] - ==>  Preparing: select id, formula_id, herb_name, dosage, unit, sort_order, notes, herb_dict_id from tcm_formula_item where formula_id = ? order by sort_order asc
23:14:44.698 [http-nio-8006-exec-62] DEBUG c.r.h.m.T.selectByFormulaId - [debug,135] - ==> Parameters: formula-48(String)
23:14:44.698 [http-nio-8006-exec-62] DEBUG c.r.h.m.T.selectByFormulaId - [debug,135] - <==      Total: 0
23:14:44.698 [http-nio-8006-exec-62] DEBUG c.r.h.m.T.selectByFormulaId - [debug,135] - ==>  Preparing: select id, formula_id, herb_name, dosage, unit, sort_order, notes, herb_dict_id from tcm_formula_item where formula_id = ? order by sort_order asc
23:14:44.699 [http-nio-8006-exec-62] DEBUG c.r.h.m.T.selectByFormulaId - [debug,135] - ==> Parameters: formula-49(String)
23:14:44.700 [http-nio-8006-exec-62] DEBUG c.r.h.m.T.selectByFormulaId - [debug,135] - <==      Total: 0
23:14:44.700 [http-nio-8006-exec-62] DEBUG c.r.h.m.T.selectByFormulaId - [debug,135] - ==>  Preparing: select id, formula_id, herb_name, dosage, unit, sort_order, notes, herb_dict_id from tcm_formula_item where formula_id = ? order by sort_order asc
23:14:44.700 [http-nio-8006-exec-62] DEBUG c.r.h.m.T.selectByFormulaId - [debug,135] - ==> Parameters: formula-5(String)
23:14:44.701 [http-nio-8006-exec-62] DEBUG c.r.h.m.T.selectByFormulaId - [debug,135] - <==      Total: 8
23:14:44.701 [http-nio-8006-exec-62] DEBUG c.r.h.m.T.selectByFormulaId - [debug,135] - ==>  Preparing: select id, formula_id, herb_name, dosage, unit, sort_order, notes, herb_dict_id from tcm_formula_item where formula_id = ? order by sort_order asc
23:14:44.701 [http-nio-8006-exec-62] DEBUG c.r.h.m.T.selectByFormulaId - [debug,135] - ==> Parameters: formula-50(String)
23:14:44.702 [http-nio-8006-exec-62] DEBUG c.r.h.m.T.selectByFormulaId - [debug,135] - <==      Total: 7
23:14:44.702 [http-nio-8006-exec-62] DEBUG c.r.h.m.T.selectByFormulaId - [debug,135] - ==>  Preparing: select id, formula_id, herb_name, dosage, unit, sort_order, notes, herb_dict_id from tcm_formula_item where formula_id = ? order by sort_order asc
23:14:44.703 [http-nio-8006-exec-62] DEBUG c.r.h.m.T.selectByFormulaId - [debug,135] - ==> Parameters: formula-6(String)
23:14:44.703 [http-nio-8006-exec-62] DEBUG c.r.h.m.T.selectByFormulaId - [debug,135] - <==      Total: 7
23:14:44.704 [http-nio-8006-exec-62] DEBUG c.r.h.m.T.selectByFormulaId - [debug,135] - ==>  Preparing: select id, formula_id, herb_name, dosage, unit, sort_order, notes, herb_dict_id from tcm_formula_item where formula_id = ? order by sort_order asc
23:14:44.704 [http-nio-8006-exec-62] DEBUG c.r.h.m.T.selectByFormulaId - [debug,135] - ==> Parameters: formula-7(String)
23:14:44.705 [http-nio-8006-exec-62] DEBUG c.r.h.m.T.selectByFormulaId - [debug,135] - <==      Total: 5
23:14:44.705 [http-nio-8006-exec-62] DEBUG c.r.h.m.T.selectByFormulaId - [debug,135] - ==>  Preparing: select id, formula_id, herb_name, dosage, unit, sort_order, notes, herb_dict_id from tcm_formula_item where formula_id = ? order by sort_order asc
23:14:44.706 [http-nio-8006-exec-62] DEBUG c.r.h.m.T.selectByFormulaId - [debug,135] - ==> Parameters: formula-8(String)
23:14:44.706 [http-nio-8006-exec-62] DEBUG c.r.h.m.T.selectByFormulaId - [debug,135] - <==      Total: 8
23:14:44.707 [http-nio-8006-exec-62] DEBUG c.r.h.m.T.selectByFormulaId - [debug,135] - ==>  Preparing: select id, formula_id, herb_name, dosage, unit, sort_order, notes, herb_dict_id from tcm_formula_item where formula_id = ? order by sort_order asc
23:14:44.707 [http-nio-8006-exec-62] DEBUG c.r.h.m.T.selectByFormulaId - [debug,135] - ==> Parameters: formula-9(String)
23:14:44.707 [http-nio-8006-exec-62] DEBUG c.r.h.m.T.selectByFormulaId - [debug,135] - <==      Total: 4
23:14:44.708 [http-nio-8006-exec-62] DEBUG c.r.h.m.T.selectTcmSupplierList - [debug,135] - ==>  Preparing: select id, name, contact_person, phone, email, address, notes, is_active, deleted_at, create_time, update_time from tcm_supplier WHERE deleted_at IS NULL order by create_time desc
23:14:44.708 [http-nio-8006-exec-62] DEBUG c.r.h.m.T.selectTcmSupplierList - [debug,135] - ==> Parameters: 
23:14:44.709 [http-nio-8006-exec-62] DEBUG c.r.h.m.T.selectTcmSupplierList - [debug,135] - <==      Total: 4
23:14:44.710 [http-nio-8006-exec-62] DEBUG c.r.h.m.T.selectTcmAcupointList - [debug,135] - ==>  Preparing: select id, name, pinyin, english_name, meridian, location, indication, method, notes, is_active, deleted_at, create_time, update_time from tcm_acupoint WHERE deleted_at IS NULL order by name asc
23:14:44.710 [http-nio-8006-exec-62] DEBUG c.r.h.m.T.selectTcmAcupointList - [debug,135] - ==> Parameters: 
23:14:44.713 [http-nio-8006-exec-62] DEBUG c.r.h.m.T.selectTcmAcupointList - [debug,135] - <==      Total: 100
23:14:44.714 [http-nio-8006-exec-62] DEBUG c.r.h.m.T.selectAll - [debug,135] - ==>  Preparing: select id, from_unit, to_unit, factor, notes, create_time from tcm_unit_conversion order by from_unit, to_unit
23:14:44.715 [http-nio-8006-exec-62] DEBUG c.r.h.m.T.selectAll - [debug,135] - ==> Parameters: 
23:14:44.716 [http-nio-8006-exec-62] DEBUG c.r.h.m.T.selectAll - [debug,135] - <==      Total: 16
23:14:44.717 [http-nio-8006-exec-62] DEBUG c.r.h.m.T.selectTcmHerbDictList - [debug,135] - ==>  Preparing: select id, name, alias, pinyin, category, nature, taste, meridian_tropism, efficacy, indication, dosage_range, contraindication, notes, is_active, deleted_at, create_time, update_time from tcm_herb_dict WHERE deleted_at IS NULL order by category asc, name asc
23:14:44.717 [http-nio-8006-exec-62] DEBUG c.r.h.m.T.selectTcmHerbDictList - [debug,135] - ==> Parameters: 
23:14:44.720 [http-nio-8006-exec-62] DEBUG c.r.h.m.T.selectTcmHerbDictList - [debug,135] - <==      Total: 80
23:14:44.721 [http-nio-8006-exec-62] DEBUG c.r.h.m.T.selectTcmMeridianList - [debug,135] - ==>  Preparing: select id, name, english_name, abbr, category, organ, pathway, acupoint_count, indication, notes, is_active, deleted_at, create_time, update_time from tcm_meridian WHERE deleted_at IS NULL order by id asc
23:14:44.722 [http-nio-8006-exec-62] DEBUG c.r.h.m.T.selectTcmMeridianList - [debug,135] - ==> Parameters: 
23:14:44.723 [http-nio-8006-exec-62] DEBUG c.r.h.m.T.selectTcmMeridianList - [debug,135] - <==      Total: 14
23:14:44.724 [http-nio-8006-exec-62] DEBUG c.r.h.m.T.selectTcmTreatmentTemplateList - [debug,135] - ==>  Preparing: select id, name, disease, category, description, acupoints_json, formula_ids, advice, notes, is_active, deleted_at, create_time, update_time from tcm_treatment_template WHERE deleted_at IS NULL order by category asc, name asc
23:14:44.724 [http-nio-8006-exec-62] DEBUG c.r.h.m.T.selectTcmTreatmentTemplateList - [debug,135] - ==> Parameters: 
23:14:44.725 [http-nio-8006-exec-62] DEBUG c.r.h.m.T.selectTcmTreatmentTemplateList - [debug,135] - <==      Total: 10
