[INFO] Scanning for projects...
[INFO] 
[INFO] -----------------------< com.ruoyi:ruoyi-admin >------------------------
[INFO] Building ruoyi-admin 3.9.1
[INFO]   from pom.xml
[INFO] --------------------------------[ jar ]---------------------------------
[INFO] 
[INFO] >>> spring-boot:2.5.15:run (default-cli) > test-compile @ ruoyi-admin >>>
[WARNING] The artifact mysql:mysql-connector-java:jar:8.0.33 has been relocated to com.mysql:mysql-connector-j:jar:8.0.33: MySQL Connector/J artifacts moved to reverse-DNS compliant Maven 2+ coordinates.
[INFO] 
[INFO] --- resources:3.3.1:resources (default-resources) @ ruoyi-admin ---
[INFO] Copying 7 resources from src\main\resources to target\classes
[INFO] 
[INFO] --- compiler:3.1:compile (default-compile) @ ruoyi-admin ---
[INFO] Nothing to compile - all classes are up to date
[INFO] 
[INFO] --- resources:3.3.1:testResources (default-testResources) @ ruoyi-admin ---
[INFO] skip non existing resourceDirectory C:\Users\jiangyi\Desktop\项目\未完成\医院\RuoYi-Vue\ruoyi-admin\src\test\resources
[INFO] 
[INFO] --- compiler:3.1:testCompile (default-testCompile) @ ruoyi-admin ---
[INFO] No sources to compile
[INFO] 
[INFO] <<< spring-boot:2.5.15:run (default-cli) < test-compile @ ruoyi-admin <<<
[INFO] 
[INFO] 
[INFO] --- spring-boot:2.5.15:run (default-cli) @ ruoyi-admin ---
[INFO] Attaching agents: []
Application Version: 3.9.1
Spring Boot Version: 2.5.15
////////////////////////////////////////////////////////////////////
//                          _ooOoo_                               //
//                         o8888888o                              //
//                         88" . "88                              //
//                         (| ^_^ |)                              //
//                         O\  =  /O                              //
//                      ____/`---'\____                           //
//                    .'  \\|     |//  `.                         //
//                   /  \\|||  :  |||//  \                        //
//                  /  _||||| -:- |||||-  \                       //
//                  |   | \\\  -  /// |   |                       //
//                  | \_|  ''\---/''  |   |                       //
//                  \  .-\__  `-`  ___/-. /                       //
//                ___`. .'  /--.--\  `. . ___                     //
//              ."" '<  `.___\_<|>_/___.'  >'"".                  //
//            | | :  `- \`.;`\ _ /`;.`/ - ` : | |                 //
//            \  \ `-.   \_ __\ /__ _/   .-` /  /                 //
//      ========`-.____`-.___\_____/___.-`____.-'========         //
//                           `=---='                              //
//      ^^^^^^^^^^^^^^^^^^^^^^^^^^^^^^^^^^^^^^^^^^^^^^^^^^        //
//             佛祖保佑       永不宕机      永无BUG               //
////////////////////////////////////////////////////////////////////
23:03:20.505 [background-preinit] INFO  o.h.v.i.util.Version - [<clinit>,21] - HV000001: Hibernate Validator 6.2.5.Final
23:03:20.511 [restartedMain] INFO  c.r.RuoYiApplication - [logStarting,55] - Starting RuoYiApplication using Java 17.0.18 on LAPTOP-HRVP5E26 with PID 66300 (C:\Users\jiangyi\Desktop\项目\未完成\医院\RuoYi-Vue\ruoyi-admin\target\classes started by jiangyi in C:\Users\jiangyi\Desktop\项目\未完成\医院\RuoYi-Vue\ruoyi-admin)
23:03:20.512 [restartedMain] DEBUG c.r.RuoYiApplication - [logStarting,56] - Running with Spring Boot v2.5.15, Spring v5.3.39
23:03:20.513 [restartedMain] INFO  c.r.RuoYiApplication - [logStartupProfileInfo,686] - The following 1 profile is active: "druid"
23:03:22.462 [restartedMain] INFO  o.a.c.h.Http11NioProtocol - [log,168] - Initializing ProtocolHandler ["http-nio-8006"]
23:03:22.464 [restartedMain] INFO  o.a.c.c.StandardService - [log,168] - Starting service [Tomcat]
23:03:22.465 [restartedMain] INFO  o.a.c.c.StandardEngine - [log,168] - Starting Servlet engine: [Apache Tomcat/9.0.112]
23:03:22.582 [restartedMain] INFO  o.a.c.c.C.[.[.[/] - [log,168] - Initializing Spring embedded WebApplicationContext
23:03:23.013 [restartedMain] DEBUG c.r.f.s.f.JwtAuthenticationTokenFilter - [init,242] - Filter 'jwtAuthenticationTokenFilter' configured for use
23:03:23.464 [restartedMain] INFO  c.a.d.p.DruidDataSource - [init,865] - {dataSource-1} inited
23:03:24.006 [restartedMain] DEBUG c.r.s.m.S.selectConfigList - [debug,135] - ==>  Preparing: select config_id, config_name, config_key, config_value, config_type, create_by, create_time, update_by, update_time, remark from sys_config
23:03:24.022 [restartedMain] DEBUG c.r.s.m.S.selectConfigList - [debug,135] - ==> Parameters: 
23:03:24.034 [restartedMain] DEBUG c.r.s.m.S.selectConfigList - [debug,135] - <==      Total: 8
23:03:24.619 [restartedMain] DEBUG c.r.s.m.S.selectDictDataList - [debug,135] - ==>  Preparing: select dict_code, dict_sort, dict_label, dict_value, dict_type, css_class, list_class, is_default, status, create_by, create_time, remark from sys_dict_data WHERE status = ? order by dict_sort asc
23:03:24.622 [restartedMain] DEBUG c.r.s.m.S.selectDictDataList - [debug,135] - ==> Parameters: 0(String)
23:03:24.631 [restartedMain] DEBUG c.r.s.m.S.selectDictDataList - [debug,135] - <==      Total: 29
23:03:25.055 [restartedMain] INFO  o.q.i.StdSchedulerFactory - [instantiate,1220] - Using default implementation for ThreadExecutor
23:03:25.066 [restartedMain] INFO  o.q.c.SchedulerSignalerImpl - [<init>,61] - Initialized Scheduler Signaller of type: class org.quartz.core.SchedulerSignalerImpl
23:03:25.066 [restartedMain] INFO  o.q.c.QuartzScheduler - [<init>,229] - Quartz Scheduler v.2.3.2 created.
23:03:25.067 [restartedMain] INFO  o.q.s.RAMJobStore - [initialize,155] - RAMJobStore initialized.
23:03:25.068 [restartedMain] INFO  o.q.c.QuartzScheduler - [initialize,294] - Scheduler meta-data: Quartz Scheduler (v2.3.2) 'quartzScheduler' with instanceId 'NON_CLUSTERED'
  Scheduler class: 'org.quartz.core.QuartzScheduler' - running locally.
  NOT STARTED.
  Currently in standby mode.
  Number of jobs executed: 0
  Using thread pool 'org.quartz.simpl.SimpleThreadPool' - with 10 threads.
  Using job-store 'org.quartz.simpl.RAMJobStore' - which does not support persistence. and is not clustered.

23:03:25.068 [restartedMain] INFO  o.q.i.StdSchedulerFactory - [instantiate,1374] - Quartz scheduler 'quartzScheduler' initialized from an externally provided properties instance.
23:03:25.069 [restartedMain] INFO  o.q.i.StdSchedulerFactory - [instantiate,1378] - Quartz scheduler version: 2.3.2
23:03:25.069 [restartedMain] INFO  o.q.c.QuartzScheduler - [setJobFactory,2293] - JobFactory set to: org.springframework.scheduling.quartz.SpringBeanJobFactory@183b878d
23:03:25.092 [restartedMain] DEBUG c.r.q.m.S.selectJobAll - [debug,135] - ==>  Preparing: select job_id, job_name, job_group, invoke_target, cron_expression, misfire_policy, concurrent, status, create_by, create_time, remark from sys_job
23:03:25.093 [restartedMain] DEBUG c.r.q.m.S.selectJobAll - [debug,135] - ==> Parameters: 
23:03:25.094 [restartedMain] DEBUG c.r.q.m.S.selectJobAll - [debug,135] - <==      Total: 3
23:03:26.532 [restartedMain] INFO  o.a.c.h.Http11NioProtocol - [log,168] - Starting ProtocolHandler ["http-nio-8006"]
23:03:26.549 [restartedMain] INFO  o.q.c.QuartzScheduler - [start,547] - Scheduler quartzScheduler_$_NON_CLUSTERED started.
23:03:26.556 [restartedMain] INFO  c.r.RuoYiApplication - [logStarted,61] - Started RuoYiApplication in 6.36 seconds (JVM running for 6.963)
(????)??  若依启动成功   ?(??`?)?  
 .-------.       ____     __        
 |  _ _   \      \   \   /  /    
 | ( ' )  |       \  _. /  '       
 |(_ o _) /        _( )_ .'         
 | (_,_).' __  ___(_ o _)'          
 |  |\ \  |  ||   |(_,_)'         
 |  | \ `'   /|   `-'  /           
 |  |  \    /  \      /           
 ''-'   `'-'    `-..-'              
23:03:48.751 [http-nio-8006-exec-1] INFO  o.a.c.c.C.[.[.[/] - [log,168] - Initializing Spring DispatcherServlet 'dispatcherServlet'
23:03:48.896 [http-nio-8006-exec-1] DEBUG c.r.s.m.S.selectUserByUserName - [debug,135] - ==>  Preparing: select u.user_id, u.dept_id, u.user_name, u.nick_name, u.email, u.avatar, u.phonenumber, u.password, u.sex, u.status, u.del_flag, u.login_ip, u.login_date, u.pwd_update_date, u.create_by, u.create_time, u.remark, d.dept_id, d.parent_id, d.ancestors, d.dept_name, d.order_num, d.leader, d.status as dept_status, r.role_id, r.role_name, r.role_key, r.role_sort, r.data_scope, r.status as role_status from sys_user u left join sys_dept d on u.dept_id = d.dept_id left join sys_user_role ur on u.user_id = ur.user_id left join sys_role r on r.role_id = ur.role_id where (u.user_name = ? or u.email = ? or u.phonenumber = ?) and u.del_flag = '0'
23:03:48.906 [http-nio-8006-exec-1] DEBUG c.r.s.m.S.selectUserByUserName - [debug,135] - ==> Parameters: admin@clinic.com(String), admin@clinic.com(String), admin@clinic.com(String)
23:03:48.910 [http-nio-8006-exec-1] DEBUG c.r.s.m.S.selectUserByUserName - [debug,135] - <==      Total: 1
23:03:49.069 [http-nio-8006-exec-1] INFO  n.b.p.u.u.YauaaVersion - [logVersion,104] - Yauaa 7.32.0 (v7.32.0 @ 2025-10-11T16:29:46Z)
23:03:49.173 [http-nio-8006-exec-1] INFO  n.b.p.u.c.ConfigLoader - [loadResources,310] - - Loaded 119 files in   98 ms using expression: classpath*:UserAgents/**/*.yaml
23:03:49.992 [http-nio-8006-exec-1] INFO  n.b.p.u.a.UserAgentStringMatchMaker - [finalizeLoadingRules,282] - Building all needed matchers for the requested 11 fields.
23:03:50.029 [http-nio-8006-exec-1] INFO  n.b.p.u.a.UserAgentStringMatchMaker - [initializeMatchers,336] - Initializing Analyzer data structures
23:03:50.678 [http-nio-8006-exec-1] INFO  n.b.p.u.a.UserAgentStringMatchMaker - [initializeMatchers,347] - Built in 647 msec : Hashmap 197922, Ranges map:2964
23:03:50.946 [http-nio-8006-exec-1] DEBUG c.r.h.m.T.insertTcmConsultationMod - [debug,135] - ==>  Preparing: insert into tcm_consultation_mod ( consultation_id, mod_date, mod_type, action, user_id, version, changes, create_time )values( ?, ?, ?, ?, ?, ?, ?, sysdate() )
23:03:50.948 [http-nio-8006-exec-1] DEBUG c.r.h.m.T.insertTcmConsultationMod - [debug,135] - ==> Parameters: 100(String), 2026-03-28 23:03:50(String), user(String), LOGIN(String), 100(String), 1(Integer), {"targetType":"user","targetId":"100","targetName":"张管理","details":"用户登录成功"}(String)
23:03:50.951 [http-nio-8006-exec-1] DEBUG c.r.h.m.T.insertTcmConsultationMod - [debug,135] - <==    Updates: 1
23:03:51.056 [http-nio-8006-exec-3] DEBUG c.r.h.m.T.selectTcmPatientById - [debug,135] - ==>  Preparing: select id, name, first_name, last_name, email, phone, practitioner_id, is_active, consent_signed, consent_signed_at, consent_token, consent_token_expires, merged_into, deleted_at, payload, create_time, update_time from tcm_patient where id = ?
23:03:51.058 [http-nio-8006-exec-3] DEBUG c.r.h.m.T.selectTcmPatientById - [debug,135] - ==> Parameters: patient-1(String)
23:03:51.062 [http-nio-8006-exec-3] DEBUG c.r.h.m.T.selectTcmPatientById - [debug,135] - <==      Total: 1
23:03:51.065 [http-nio-8006-exec-3] DEBUG c.r.h.m.T.selectTcmConsultationList - [debug,135] - ==>  Preparing: select id, consultation_id, patient_id, practitioner_id, consult_date, status, branch_id, locked_at, version, deleted_at, payload, create_time, update_time from tcm_consultation WHERE deleted_at IS NULL
23:03:51.066 [http-nio-8006-exec-3] DEBUG c.r.h.m.T.selectTcmConsultationList - [debug,135] - ==> Parameters: 
23:03:51.069 [http-nio-8006-exec-3] DEBUG c.r.h.m.T.selectTcmConsultationList - [debug,135] - <==      Total: 6
23:03:51.073 [http-nio-8006-exec-3] DEBUG c.r.h.m.T.selectTcmConsultationList - [debug,135] - ==>  Preparing: select id, consultation_id, patient_id, practitioner_id, consult_date, status, branch_id, locked_at, version, deleted_at, payload, create_time, update_time from tcm_consultation WHERE patient_id = ? AND deleted_at IS NULL
23:03:51.074 [http-nio-8006-exec-3] DEBUG c.r.h.m.T.selectTcmConsultationList - [debug,135] - ==> Parameters: patient-1(String)
23:03:51.078 [http-nio-8006-exec-3] DEBUG c.r.h.m.T.selectTcmConsultationList - [debug,135] - <==      Total: 6
23:03:51.080 [http-nio-8006-exec-3] DEBUG c.r.h.m.T.insertTcmConsultation - [debug,135] - ==>  Preparing: insert into tcm_consultation ( id, consultation_id, patient_id, practitioner_id, consult_date, status, branch_id, version, payload, create_time )values( ?, ?, ?, ?, ?, ?, ?, ?, ?, sysdate() )
23:03:51.081 [http-nio-8006-exec-3] DEBUG c.r.h.m.T.insertTcmConsultation - [debug,135] - ==> Parameters: consult-e2e-20260328230350(String), ORD-E2E-20260328230350(String), patient-1(String), 101(String), 2026-03-28(String), completed(String), branch-main(String), 1(Integer), {"acupuncture":[],"previousPrognosisReview":"","formulaName":"E2E库存联动20260328230350","discountValue":0,"currency":"CAD","modifications":[],"documents":[],"taxable":false,"prescriptions":[{"perDoseSubtotal":0.8,"preferredUnit":"g","formulaName":"E2E库存联动20260328230350","dispensingCompleted":false,"subtotal":0.8,"items":[{"subtotal":0.8,"dosage":10,"pricePerUnit":0.08,"convertedQty":10,"name":"黄芪","supplier":"本草药材","supplierName":"本草药材","convertedUnit":"g","inventoryId":"inv-4","unit":"g","herbDictId":"herb-053"}],"quantity":1,"whereToGet":"In-store 店内取药","id":"rx-e2e-20260328230350","prescriptionType":"raw_herbs","direction":"内服 Oral intake"}],"diff":{},"summary":"用于验证库存扣减时机与发药联动","totalAmount":0.8,"prognosis":"","discountType":"none","prescriptionType":"raw_herbs","chiefComplaint":"E2E库存联动","includeRxAmount":true,"comments":"","taxAmount":0,"treatment":"补气","services":[],"feedback":"","totalWithoutTax":0.8,"servicePriceList":"pricelist-default","consultationFee":0,"chiefComplaintDescription":"用于验证库存扣减时机与发药联动","herbals":[{"inventoryId":"inv-4","unit":"g","dosage":10,"herbDictId":"herb-053","supplierName":"本草药材","name":"黄芪"}],"differentiation":"气虚","consultationFeeTaxable":false,"add3rdParty":false,"historyAndMedicationSourceConsultId":"consult-1","historyAndMedicationSourceConsultDate":"2024-02-01"}(String)
23:03:51.083 [http-nio-8006-exec-3] DEBUG c.r.h.m.T.insertTcmConsultation - [debug,135] - <==    Updates: 1
23:03:51.083 [http-nio-8006-exec-3] DEBUG c.r.h.m.T.selectTcmConsultationById - [debug,135] - ==>  Preparing: select id, consultation_id, patient_id, practitioner_id, consult_date, status, branch_id, locked_at, version, deleted_at, payload, create_time, update_time from tcm_consultation where id = ?
23:03:51.085 [http-nio-8006-exec-3] DEBUG c.r.h.m.T.selectTcmConsultationById - [debug,135] - ==> Parameters: consult-e2e-20260328230350(String)
23:03:51.086 [http-nio-8006-exec-3] DEBUG c.r.h.m.T.selectTcmConsultationById - [debug,135] - <==      Total: 1
23:04:17.943 [http-nio-8006-exec-5] DEBUG c.r.s.m.S.selectUserByUserName - [debug,135] - ==>  Preparing: select u.user_id, u.dept_id, u.user_name, u.nick_name, u.email, u.avatar, u.phonenumber, u.password, u.sex, u.status, u.del_flag, u.login_ip, u.login_date, u.pwd_update_date, u.create_by, u.create_time, u.remark, d.dept_id, d.parent_id, d.ancestors, d.dept_name, d.order_num, d.leader, d.status as dept_status, r.role_id, r.role_name, r.role_key, r.role_sort, r.data_scope, r.status as role_status from sys_user u left join sys_dept d on u.dept_id = d.dept_id left join sys_user_role ur on u.user_id = ur.user_id left join sys_role r on r.role_id = ur.role_id where (u.user_name = ? or u.email = ? or u.phonenumber = ?) and u.del_flag = '0'
23:04:17.944 [http-nio-8006-exec-5] DEBUG c.r.s.m.S.selectUserByUserName - [debug,135] - ==> Parameters: admin@clinic.com(String), admin@clinic.com(String), admin@clinic.com(String)
23:04:17.946 [http-nio-8006-exec-5] DEBUG c.r.s.m.S.selectUserByUserName - [debug,135] - <==      Total: 1
23:04:18.076 [http-nio-8006-exec-5] DEBUG c.r.h.m.T.insertTcmConsultationMod - [debug,135] - ==>  Preparing: insert into tcm_consultation_mod ( consultation_id, mod_date, mod_type, action, user_id, version, changes, create_time )values( ?, ?, ?, ?, ?, ?, ?, sysdate() )
23:04:18.078 [http-nio-8006-exec-5] DEBUG c.r.h.m.T.insertTcmConsultationMod - [debug,135] - ==> Parameters: 100(String), 2026-03-28 23:04:18(String), user(String), LOGIN(String), 100(String), 1(Integer), {"targetType":"user","targetId":"100","targetName":"张管理","details":"用户登录成功"}(String)
23:04:18.080 [http-nio-8006-exec-5] DEBUG c.r.h.m.T.insertTcmConsultationMod - [debug,135] - <==    Updates: 1
23:04:18.099 [http-nio-8006-exec-6] DEBUG c.r.s.m.S.selectUserList - [debug,135] - ==>  Preparing: select u.user_id, u.dept_id, u.nick_name, u.user_name, u.email, u.avatar, u.phonenumber, u.sex, u.status, u.del_flag, u.login_ip, u.login_date, u.create_by, u.create_time, u.remark, d.dept_name, d.leader from sys_user u left join sys_dept d on u.dept_id = d.dept_id where u.del_flag = '0'
23:04:18.100 [http-nio-8006-exec-6] DEBUG c.r.s.m.S.selectUserList - [debug,135] - ==> Parameters: 
23:04:18.103 [http-nio-8006-exec-6] DEBUG c.r.s.m.S.selectUserList - [debug,135] - <==      Total: 8
23:04:18.104 [http-nio-8006-exec-6] DEBUG c.r.s.m.S.selectUserById - [debug,135] - ==>  Preparing: select u.user_id, u.dept_id, u.user_name, u.nick_name, u.email, u.avatar, u.phonenumber, u.password, u.sex, u.status, u.del_flag, u.login_ip, u.login_date, u.pwd_update_date, u.create_by, u.create_time, u.remark, d.dept_id, d.parent_id, d.ancestors, d.dept_name, d.order_num, d.leader, d.status as dept_status, r.role_id, r.role_name, r.role_key, r.role_sort, r.data_scope, r.status as role_status from sys_user u left join sys_dept d on u.dept_id = d.dept_id left join sys_user_role ur on u.user_id = ur.user_id left join sys_role r on r.role_id = ur.role_id where u.user_id = ? and u.del_flag = '0'
23:04:18.104 [http-nio-8006-exec-6] DEBUG c.r.s.m.S.selectUserById - [debug,135] - ==> Parameters: 1(Long)
23:04:18.107 [http-nio-8006-exec-6] DEBUG c.r.s.m.S.selectUserById - [debug,135] - <==      Total: 1
23:04:18.108 [http-nio-8006-exec-6] DEBUG c.r.s.m.S.selectUserById - [debug,135] - ==>  Preparing: select u.user_id, u.dept_id, u.user_name, u.nick_name, u.email, u.avatar, u.phonenumber, u.password, u.sex, u.status, u.del_flag, u.login_ip, u.login_date, u.pwd_update_date, u.create_by, u.create_time, u.remark, d.dept_id, d.parent_id, d.ancestors, d.dept_name, d.order_num, d.leader, d.status as dept_status, r.role_id, r.role_name, r.role_key, r.role_sort, r.data_scope, r.status as role_status from sys_user u left join sys_dept d on u.dept_id = d.dept_id left join sys_user_role ur on u.user_id = ur.user_id left join sys_role r on r.role_id = ur.role_id where u.user_id = ? and u.del_flag = '0'
23:04:18.108 [http-nio-8006-exec-6] DEBUG c.r.s.m.S.selectUserById - [debug,135] - ==> Parameters: 2(Long)
23:04:18.110 [http-nio-8006-exec-6] DEBUG c.r.s.m.S.selectUserById - [debug,135] - <==      Total: 1
23:04:18.110 [http-nio-8006-exec-6] DEBUG c.r.s.m.S.selectUserById - [debug,135] - ==>  Preparing: select u.user_id, u.dept_id, u.user_name, u.nick_name, u.email, u.avatar, u.phonenumber, u.password, u.sex, u.status, u.del_flag, u.login_ip, u.login_date, u.pwd_update_date, u.create_by, u.create_time, u.remark, d.dept_id, d.parent_id, d.ancestors, d.dept_name, d.order_num, d.leader, d.status as dept_status, r.role_id, r.role_name, r.role_key, r.role_sort, r.data_scope, r.status as role_status from sys_user u left join sys_dept d on u.dept_id = d.dept_id left join sys_user_role ur on u.user_id = ur.user_id left join sys_role r on r.role_id = ur.role_id where u.user_id = ? and u.del_flag = '0'
23:04:18.111 [http-nio-8006-exec-6] DEBUG c.r.s.m.S.selectUserById - [debug,135] - ==> Parameters: 100(Long)
23:04:18.112 [http-nio-8006-exec-6] DEBUG c.r.s.m.S.selectUserById - [debug,135] - <==      Total: 1
23:04:18.113 [http-nio-8006-exec-6] DEBUG c.r.s.m.S.selectUserById - [debug,135] - ==>  Preparing: select u.user_id, u.dept_id, u.user_name, u.nick_name, u.email, u.avatar, u.phonenumber, u.password, u.sex, u.status, u.del_flag, u.login_ip, u.login_date, u.pwd_update_date, u.create_by, u.create_time, u.remark, d.dept_id, d.parent_id, d.ancestors, d.dept_name, d.order_num, d.leader, d.status as dept_status, r.role_id, r.role_name, r.role_key, r.role_sort, r.data_scope, r.status as role_status from sys_user u left join sys_dept d on u.dept_id = d.dept_id left join sys_user_role ur on u.user_id = ur.user_id left join sys_role r on r.role_id = ur.role_id where u.user_id = ? and u.del_flag = '0'
23:04:18.114 [http-nio-8006-exec-6] DEBUG c.r.s.m.S.selectUserById - [debug,135] - ==> Parameters: 101(Long)
23:04:18.116 [http-nio-8006-exec-6] DEBUG c.r.s.m.S.selectUserById - [debug,135] - <==      Total: 1
23:04:18.116 [http-nio-8006-exec-6] DEBUG c.r.s.m.S.selectUserById - [debug,135] - ==>  Preparing: select u.user_id, u.dept_id, u.user_name, u.nick_name, u.email, u.avatar, u.phonenumber, u.password, u.sex, u.status, u.del_flag, u.login_ip, u.login_date, u.pwd_update_date, u.create_by, u.create_time, u.remark, d.dept_id, d.parent_id, d.ancestors, d.dept_name, d.order_num, d.leader, d.status as dept_status, r.role_id, r.role_name, r.role_key, r.role_sort, r.data_scope, r.status as role_status from sys_user u left join sys_dept d on u.dept_id = d.dept_id left join sys_user_role ur on u.user_id = ur.user_id left join sys_role r on r.role_id = ur.role_id where u.user_id = ? and u.del_flag = '0'
23:04:18.117 [http-nio-8006-exec-6] DEBUG c.r.s.m.S.selectUserById - [debug,135] - ==> Parameters: 102(Long)
23:04:18.119 [http-nio-8006-exec-6] DEBUG c.r.s.m.S.selectUserById - [debug,135] - <==      Total: 1
23:04:18.119 [http-nio-8006-exec-6] DEBUG c.r.s.m.S.selectUserById - [debug,135] - ==>  Preparing: select u.user_id, u.dept_id, u.user_name, u.nick_name, u.email, u.avatar, u.phonenumber, u.password, u.sex, u.status, u.del_flag, u.login_ip, u.login_date, u.pwd_update_date, u.create_by, u.create_time, u.remark, d.dept_id, d.parent_id, d.ancestors, d.dept_name, d.order_num, d.leader, d.status as dept_status, r.role_id, r.role_name, r.role_key, r.role_sort, r.data_scope, r.status as role_status from sys_user u left join sys_dept d on u.dept_id = d.dept_id left join sys_user_role ur on u.user_id = ur.user_id left join sys_role r on r.role_id = ur.role_id where u.user_id = ? and u.del_flag = '0'
23:04:18.120 [http-nio-8006-exec-6] DEBUG c.r.s.m.S.selectUserById - [debug,135] - ==> Parameters: 103(Long)
23:04:18.123 [http-nio-8006-exec-6] DEBUG c.r.s.m.S.selectUserById - [debug,135] - <==      Total: 1
23:04:18.124 [http-nio-8006-exec-6] DEBUG c.r.s.m.S.selectUserById - [debug,135] - ==>  Preparing: select u.user_id, u.dept_id, u.user_name, u.nick_name, u.email, u.avatar, u.phonenumber, u.password, u.sex, u.status, u.del_flag, u.login_ip, u.login_date, u.pwd_update_date, u.create_by, u.create_time, u.remark, d.dept_id, d.parent_id, d.ancestors, d.dept_name, d.order_num, d.leader, d.status as dept_status, r.role_id, r.role_name, r.role_key, r.role_sort, r.data_scope, r.status as role_status from sys_user u left join sys_dept d on u.dept_id = d.dept_id left join sys_user_role ur on u.user_id = ur.user_id left join sys_role r on r.role_id = ur.role_id where u.user_id = ? and u.del_flag = '0'
23:04:18.124 [http-nio-8006-exec-6] DEBUG c.r.s.m.S.selectUserById - [debug,135] - ==> Parameters: 104(Long)
23:04:18.127 [http-nio-8006-exec-6] DEBUG c.r.s.m.S.selectUserById - [debug,135] - <==      Total: 1
23:04:18.128 [http-nio-8006-exec-6] DEBUG c.r.s.m.S.selectUserById - [debug,135] - ==>  Preparing: select u.user_id, u.dept_id, u.user_name, u.nick_name, u.email, u.avatar, u.phonenumber, u.password, u.sex, u.status, u.del_flag, u.login_ip, u.login_date, u.pwd_update_date, u.create_by, u.create_time, u.remark, d.dept_id, d.parent_id, d.ancestors, d.dept_name, d.order_num, d.leader, d.status as dept_status, r.role_id, r.role_name, r.role_key, r.role_sort, r.data_scope, r.status as role_status from sys_user u left join sys_dept d on u.dept_id = d.dept_id left join sys_user_role ur on u.user_id = ur.user_id left join sys_role r on r.role_id = ur.role_id where u.user_id = ? and u.del_flag = '0'
23:04:18.128 [http-nio-8006-exec-6] DEBUG c.r.s.m.S.selectUserById - [debug,135] - ==> Parameters: 105(Long)
23:04:18.130 [http-nio-8006-exec-6] DEBUG c.r.s.m.S.selectUserById - [debug,135] - <==      Total: 1
23:04:18.131 [http-nio-8006-exec-6] DEBUG c.r.h.m.T.selectTcmPatientList - [debug,135] - ==>  Preparing: select id, name, first_name, last_name, email, phone, practitioner_id, is_active, consent_signed, consent_signed_at, consent_token, consent_token_expires, merged_into, deleted_at, payload, create_time, update_time from tcm_patient
23:04:18.131 [http-nio-8006-exec-6] DEBUG c.r.h.m.T.selectTcmPatientList - [debug,135] - ==> Parameters: 
23:04:18.133 [http-nio-8006-exec-6] DEBUG c.r.h.m.T.selectTcmPatientList - [debug,135] - <==      Total: 3
23:04:18.135 [http-nio-8006-exec-6] DEBUG c.r.h.m.T.selectTcmAppointmentList - [debug,135] - ==>  Preparing: select id, patient_id, practitioner_id, room_id, service_type, start_time, end_time, status, branch_id, intake_token, intake_submitted, payload, create_time, update_time from tcm_appointment
23:04:18.135 [http-nio-8006-exec-6] DEBUG c.r.h.m.T.selectTcmAppointmentList - [debug,135] - ==> Parameters: 
23:04:18.137 [http-nio-8006-exec-6] DEBUG c.r.h.m.T.selectTcmAppointmentList - [debug,135] - <==      Total: 2
23:04:18.137 [http-nio-8006-exec-6] DEBUG c.r.h.m.T.selectTcmConsultationList - [debug,135] - ==>  Preparing: select id, consultation_id, patient_id, practitioner_id, consult_date, status, branch_id, locked_at, version, deleted_at, payload, create_time, update_time from tcm_consultation
23:04:18.138 [http-nio-8006-exec-6] DEBUG c.r.h.m.T.selectTcmConsultationList - [debug,135] - ==> Parameters: 
23:04:18.141 [http-nio-8006-exec-6] DEBUG c.r.h.m.T.selectTcmConsultationList - [debug,135] - <==      Total: 7
23:04:18.147 [http-nio-8006-exec-6] DEBUG c.r.h.m.T.selectTcmInventoryItemList - [debug,135] - ==>  Preparing: select id, name, category, unit, quantity, price_per_unit, min_stock_level, supplier, supplier_id, grams_per_packet, branch_id, is_active, deleted_at, herb_dict_id, payload, create_time, update_time from tcm_inventory_item WHERE deleted_at IS NULL
23:04:18.147 [http-nio-8006-exec-6] DEBUG c.r.h.m.T.selectTcmInventoryItemList - [debug,135] - ==> Parameters: 
23:04:18.150 [http-nio-8006-exec-6] DEBUG c.r.h.m.T.selectTcmInventoryItemList - [debug,135] - <==      Total: 13
23:04:18.151 [http-nio-8006-exec-6] DEBUG c.r.h.m.T.selectTcmBranchList - [debug,135] - ==>  Preparing: select id, name, code, address, phone, email, manager_id, is_active, is_main, room_ids, create_time, update_time from tcm_branch
23:04:18.152 [http-nio-8006-exec-6] DEBUG c.r.h.m.T.selectTcmBranchList - [debug,135] - ==> Parameters: 
23:04:18.153 [http-nio-8006-exec-6] DEBUG c.r.h.m.T.selectTcmBranchList - [debug,135] - <==      Total: 3
23:04:18.156 [http-nio-8006-exec-6] DEBUG c.r.h.m.T.selectAllSettings - [debug,135] - ==>  Preparing: select setting_key, setting_value, update_time from tcm_clinic_setting order by setting_key
23:04:18.157 [http-nio-8006-exec-6] DEBUG c.r.h.m.T.selectAllSettings - [debug,135] - ==> Parameters: 
23:04:18.158 [http-nio-8006-exec-6] DEBUG c.r.h.m.T.selectAllSettings - [debug,135] - <==      Total: 6
23:04:18.159 [http-nio-8006-exec-6] DEBUG c.r.h.m.T.selectTcmRoomList - [debug,135] - ==>  Preparing: select id, name, branch_id, is_active, create_time, update_time from tcm_room
23:04:18.159 [http-nio-8006-exec-6] DEBUG c.r.h.m.T.selectTcmRoomList - [debug,135] - ==> Parameters: 
23:04:18.161 [http-nio-8006-exec-6] DEBUG c.r.h.m.T.selectTcmRoomList - [debug,135] - <==      Total: 3
23:04:18.162 [http-nio-8006-exec-6] DEBUG c.r.h.m.T.selectTcmServiceTypeList - [debug,135] - ==>  Preparing: select service_key, label, duration, practitioner_time, room_required, default_price, update_time from tcm_service_type
23:04:18.162 [http-nio-8006-exec-6] DEBUG c.r.h.m.T.selectTcmServiceTypeList - [debug,135] - ==> Parameters: 
23:04:18.163 [http-nio-8006-exec-6] DEBUG c.r.h.m.T.selectTcmServiceTypeList - [debug,135] - <==      Total: 3
23:04:18.164 [http-nio-8006-exec-6] DEBUG c.r.h.m.T.selectTcmPriceListList - [debug,135] - ==>  Preparing: select id, name, effective_date, is_active, items_json, create_time, update_time from tcm_price_list
23:04:18.164 [http-nio-8006-exec-6] DEBUG c.r.h.m.T.selectTcmPriceListList - [debug,135] - ==> Parameters: 
23:04:18.166 [http-nio-8006-exec-6] DEBUG c.r.h.m.T.selectTcmPriceListList - [debug,135] - <==      Total: 1
23:04:18.167 [http-nio-8006-exec-6] DEBUG c.r.h.m.T.selectTcmEmailLogList - [debug,135] - ==>  Preparing: select id, to_email, subject, email_type, body, sent_at, payload, create_time from tcm_email_log order by id desc
23:04:18.168 [http-nio-8006-exec-6] DEBUG c.r.h.m.T.selectTcmEmailLogList - [debug,135] - ==> Parameters: 
23:04:18.169 [http-nio-8006-exec-6] DEBUG c.r.h.m.T.selectTcmEmailLogList - [debug,135] - <==      Total: 0
23:04:18.171 [http-nio-8006-exec-6] DEBUG c.r.h.m.T.selectTcmFormulaList - [debug,135] - ==>  Preparing: select id, name, category, description, source, is_active, deleted_at, create_time, update_time from tcm_formula WHERE deleted_at IS NULL order by create_time desc
23:04:18.171 [http-nio-8006-exec-6] DEBUG c.r.h.m.T.selectTcmFormulaList - [debug,135] - ==> Parameters: 
23:04:18.176 [http-nio-8006-exec-6] DEBUG c.r.h.m.T.selectTcmFormulaList - [debug,135] - <==      Total: 51
23:04:18.177 [http-nio-8006-exec-6] DEBUG c.r.h.m.T.selectByFormulaId - [debug,135] - ==>  Preparing: select id, formula_id, herb_name, dosage, unit, sort_order, notes, herb_dict_id from tcm_formula_item where formula_id = ? order by sort_order asc
23:04:18.178 [http-nio-8006-exec-6] DEBUG c.r.h.m.T.selectByFormulaId - [debug,135] - ==> Parameters: ecf8c626-94c4-4825-97d3-21c67adf9366(String)
23:04:18.179 [http-nio-8006-exec-6] DEBUG c.r.h.m.T.selectByFormulaId - [debug,135] - <==      Total: 1
23:04:18.179 [http-nio-8006-exec-6] DEBUG c.r.h.m.T.selectByFormulaId - [debug,135] - ==>  Preparing: select id, formula_id, herb_name, dosage, unit, sort_order, notes, herb_dict_id from tcm_formula_item where formula_id = ? order by sort_order asc
23:04:18.179 [http-nio-8006-exec-6] DEBUG c.r.h.m.T.selectByFormulaId - [debug,135] - ==> Parameters: formula-1(String)
23:04:18.181 [http-nio-8006-exec-6] DEBUG c.r.h.m.T.selectByFormulaId - [debug,135] - <==      Total: 4
23:04:18.181 [http-nio-8006-exec-6] DEBUG c.r.h.m.T.selectByFormulaId - [debug,135] - ==>  Preparing: select id, formula_id, herb_name, dosage, unit, sort_order, notes, herb_dict_id from tcm_formula_item where formula_id = ? order by sort_order asc
23:04:18.182 [http-nio-8006-exec-6] DEBUG c.r.h.m.T.selectByFormulaId - [debug,135] - ==> Parameters: formula-10(String)
23:04:18.183 [http-nio-8006-exec-6] DEBUG c.r.h.m.T.selectByFormulaId - [debug,135] - <==      Total: 5
23:04:18.183 [http-nio-8006-exec-6] DEBUG c.r.h.m.T.selectByFormulaId - [debug,135] - ==>  Preparing: select id, formula_id, herb_name, dosage, unit, sort_order, notes, herb_dict_id from tcm_formula_item where formula_id = ? order by sort_order asc
23:04:18.184 [http-nio-8006-exec-6] DEBUG c.r.h.m.T.selectByFormulaId - [debug,135] - ==> Parameters: formula-11(String)
23:04:18.184 [http-nio-8006-exec-6] DEBUG c.r.h.m.T.selectByFormulaId - [debug,135] - <==      Total: 4
23:04:18.186 [http-nio-8006-exec-6] DEBUG c.r.h.m.T.selectByFormulaId - [debug,135] - ==>  Preparing: select id, formula_id, herb_name, dosage, unit, sort_order, notes, herb_dict_id from tcm_formula_item where formula_id = ? order by sort_order asc
23:04:18.186 [http-nio-8006-exec-6] DEBUG c.r.h.m.T.selectByFormulaId - [debug,135] - ==> Parameters: formula-12(String)
23:04:18.187 [http-nio-8006-exec-6] DEBUG c.r.h.m.T.selectByFormulaId - [debug,135] - <==      Total: 0
23:04:18.187 [http-nio-8006-exec-6] DEBUG c.r.h.m.T.selectByFormulaId - [debug,135] - ==>  Preparing: select id, formula_id, herb_name, dosage, unit, sort_order, notes, herb_dict_id from tcm_formula_item where formula_id = ? order by sort_order asc
23:04:18.188 [http-nio-8006-exec-6] DEBUG c.r.h.m.T.selectByFormulaId - [debug,135] - ==> Parameters: formula-13(String)
23:04:18.188 [http-nio-8006-exec-6] DEBUG c.r.h.m.T.selectByFormulaId - [debug,135] - <==      Total: 0
23:04:18.189 [http-nio-8006-exec-6] DEBUG c.r.h.m.T.selectByFormulaId - [debug,135] - ==>  Preparing: select id, formula_id, herb_name, dosage, unit, sort_order, notes, herb_dict_id from tcm_formula_item where formula_id = ? order by sort_order asc
23:04:18.189 [http-nio-8006-exec-6] DEBUG c.r.h.m.T.selectByFormulaId - [debug,135] - ==> Parameters: formula-14(String)
23:04:18.190 [http-nio-8006-exec-6] DEBUG c.r.h.m.T.selectByFormulaId - [debug,135] - <==      Total: 0
23:04:18.190 [http-nio-8006-exec-6] DEBUG c.r.h.m.T.selectByFormulaId - [debug,135] - ==>  Preparing: select id, formula_id, herb_name, dosage, unit, sort_order, notes, herb_dict_id from tcm_formula_item where formula_id = ? order by sort_order asc
23:04:18.190 [http-nio-8006-exec-6] DEBUG c.r.h.m.T.selectByFormulaId - [debug,135] - ==> Parameters: formula-15(String)
23:04:18.193 [http-nio-8006-exec-6] DEBUG c.r.h.m.T.selectByFormulaId - [debug,135] - <==      Total: 7
23:04:18.194 [http-nio-8006-exec-6] DEBUG c.r.h.m.T.selectByFormulaId - [debug,135] - ==>  Preparing: select id, formula_id, herb_name, dosage, unit, sort_order, notes, herb_dict_id from tcm_formula_item where formula_id = ? order by sort_order asc
23:04:18.194 [http-nio-8006-exec-6] DEBUG c.r.h.m.T.selectByFormulaId - [debug,135] - ==> Parameters: formula-16(String)
23:04:18.194 [http-nio-8006-exec-6] DEBUG c.r.h.m.T.selectByFormulaId - [debug,135] - <==      Total: 0
23:04:18.196 [http-nio-8006-exec-6] DEBUG c.r.h.m.T.selectByFormulaId - [debug,135] - ==>  Preparing: select id, formula_id, herb_name, dosage, unit, sort_order, notes, herb_dict_id from tcm_formula_item where formula_id = ? order by sort_order asc
23:04:18.196 [http-nio-8006-exec-6] DEBUG c.r.h.m.T.selectByFormulaId - [debug,135] - ==> Parameters: formula-17(String)
23:04:18.197 [http-nio-8006-exec-6] DEBUG c.r.h.m.T.selectByFormulaId - [debug,135] - <==      Total: 4
23:04:18.198 [http-nio-8006-exec-6] DEBUG c.r.h.m.T.selectByFormulaId - [debug,135] - ==>  Preparing: select id, formula_id, herb_name, dosage, unit, sort_order, notes, herb_dict_id from tcm_formula_item where formula_id = ? order by sort_order asc
23:04:18.198 [http-nio-8006-exec-6] DEBUG c.r.h.m.T.selectByFormulaId - [debug,135] - ==> Parameters: formula-18(String)
23:04:18.199 [http-nio-8006-exec-6] DEBUG c.r.h.m.T.selectByFormulaId - [debug,135] - <==      Total: 3
23:04:18.199 [http-nio-8006-exec-6] DEBUG c.r.h.m.T.selectByFormulaId - [debug,135] - ==>  Preparing: select id, formula_id, herb_name, dosage, unit, sort_order, notes, herb_dict_id from tcm_formula_item where formula_id = ? order by sort_order asc
23:04:18.199 [http-nio-8006-exec-6] DEBUG c.r.h.m.T.selectByFormulaId - [debug,135] - ==> Parameters: formula-19(String)
23:04:18.200 [http-nio-8006-exec-6] DEBUG c.r.h.m.T.selectByFormulaId - [debug,135] - <==      Total: 0
23:04:18.200 [http-nio-8006-exec-6] DEBUG c.r.h.m.T.selectByFormulaId - [debug,135] - ==>  Preparing: select id, formula_id, herb_name, dosage, unit, sort_order, notes, herb_dict_id from tcm_formula_item where formula_id = ? order by sort_order asc
23:04:18.200 [http-nio-8006-exec-6] DEBUG c.r.h.m.T.selectByFormulaId - [debug,135] - ==> Parameters: formula-2(String)
23:04:18.202 [http-nio-8006-exec-6] DEBUG c.r.h.m.T.selectByFormulaId - [debug,135] - <==      Total: 6
23:04:18.203 [http-nio-8006-exec-6] DEBUG c.r.h.m.T.selectByFormulaId - [debug,135] - ==>  Preparing: select id, formula_id, herb_name, dosage, unit, sort_order, notes, herb_dict_id from tcm_formula_item where formula_id = ? order by sort_order asc
23:04:18.203 [http-nio-8006-exec-6] DEBUG c.r.h.m.T.selectByFormulaId - [debug,135] - ==> Parameters: formula-20(String)
23:04:18.203 [http-nio-8006-exec-6] DEBUG c.r.h.m.T.selectByFormulaId - [debug,135] - <==      Total: 0
23:04:18.204 [http-nio-8006-exec-6] DEBUG c.r.h.m.T.selectByFormulaId - [debug,135] - ==>  Preparing: select id, formula_id, herb_name, dosage, unit, sort_order, notes, herb_dict_id from tcm_formula_item where formula_id = ? order by sort_order asc
23:04:18.204 [http-nio-8006-exec-6] DEBUG c.r.h.m.T.selectByFormulaId - [debug,135] - ==> Parameters: formula-21(String)
23:04:18.205 [http-nio-8006-exec-6] DEBUG c.r.h.m.T.selectByFormulaId - [debug,135] - <==      Total: 4
23:04:18.205 [http-nio-8006-exec-6] DEBUG c.r.h.m.T.selectByFormulaId - [debug,135] - ==>  Preparing: select id, formula_id, herb_name, dosage, unit, sort_order, notes, herb_dict_id from tcm_formula_item where formula_id = ? order by sort_order asc
23:04:18.206 [http-nio-8006-exec-6] DEBUG c.r.h.m.T.selectByFormulaId - [debug,135] - ==> Parameters: formula-22(String)
23:04:18.207 [http-nio-8006-exec-6] DEBUG c.r.h.m.T.selectByFormulaId - [debug,135] - <==      Total: 0
23:04:18.207 [http-nio-8006-exec-6] DEBUG c.r.h.m.T.selectByFormulaId - [debug,135] - ==>  Preparing: select id, formula_id, herb_name, dosage, unit, sort_order, notes, herb_dict_id from tcm_formula_item where formula_id = ? order by sort_order asc
23:04:18.207 [http-nio-8006-exec-6] DEBUG c.r.h.m.T.selectByFormulaId - [debug,135] - ==> Parameters: formula-23(String)
23:04:18.207 [http-nio-8006-exec-6] DEBUG c.r.h.m.T.selectByFormulaId - [debug,135] - <==      Total: 0
23:04:18.209 [http-nio-8006-exec-6] DEBUG c.r.h.m.T.selectByFormulaId - [debug,135] - ==>  Preparing: select id, formula_id, herb_name, dosage, unit, sort_order, notes, herb_dict_id from tcm_formula_item where formula_id = ? order by sort_order asc
23:04:18.209 [http-nio-8006-exec-6] DEBUG c.r.h.m.T.selectByFormulaId - [debug,135] - ==> Parameters: formula-24(String)
23:04:18.210 [http-nio-8006-exec-6] DEBUG c.r.h.m.T.selectByFormulaId - [debug,135] - <==      Total: 5
23:04:18.210 [http-nio-8006-exec-6] DEBUG c.r.h.m.T.selectByFormulaId - [debug,135] - ==>  Preparing: select id, formula_id, herb_name, dosage, unit, sort_order, notes, herb_dict_id from tcm_formula_item where formula_id = ? order by sort_order asc
23:04:18.210 [http-nio-8006-exec-6] DEBUG c.r.h.m.T.selectByFormulaId - [debug,135] - ==> Parameters: formula-25(String)
23:04:18.211 [http-nio-8006-exec-6] DEBUG c.r.h.m.T.selectByFormulaId - [debug,135] - <==      Total: 0
23:04:18.212 [http-nio-8006-exec-6] DEBUG c.r.h.m.T.selectByFormulaId - [debug,135] - ==>  Preparing: select id, formula_id, herb_name, dosage, unit, sort_order, notes, herb_dict_id from tcm_formula_item where formula_id = ? order by sort_order asc
23:04:18.212 [http-nio-8006-exec-6] DEBUG c.r.h.m.T.selectByFormulaId - [debug,135] - ==> Parameters: formula-26(String)
23:04:18.212 [http-nio-8006-exec-6] DEBUG c.r.h.m.T.selectByFormulaId - [debug,135] - <==      Total: 0
23:04:18.213 [http-nio-8006-exec-6] DEBUG c.r.h.m.T.selectByFormulaId - [debug,135] - ==>  Preparing: select id, formula_id, herb_name, dosage, unit, sort_order, notes, herb_dict_id from tcm_formula_item where formula_id = ? order by sort_order asc
23:04:18.213 [http-nio-8006-exec-6] DEBUG c.r.h.m.T.selectByFormulaId - [debug,135] - ==> Parameters: formula-27(String)
23:04:18.214 [http-nio-8006-exec-6] DEBUG c.r.h.m.T.selectByFormulaId - [debug,135] - <==      Total: 0
23:04:18.214 [http-nio-8006-exec-6] DEBUG c.r.h.m.T.selectByFormulaId - [debug,135] - ==>  Preparing: select id, formula_id, herb_name, dosage, unit, sort_order, notes, herb_dict_id from tcm_formula_item where formula_id = ? order by sort_order asc
23:04:18.214 [http-nio-8006-exec-6] DEBUG c.r.h.m.T.selectByFormulaId - [debug,135] - ==> Parameters: formula-28(String)
23:04:18.216 [http-nio-8006-exec-6] DEBUG c.r.h.m.T.selectByFormulaId - [debug,135] - <==      Total: 0
23:04:18.216 [http-nio-8006-exec-6] DEBUG c.r.h.m.T.selectByFormulaId - [debug,135] - ==>  Preparing: select id, formula_id, herb_name, dosage, unit, sort_order, notes, herb_dict_id from tcm_formula_item where formula_id = ? order by sort_order asc
23:04:18.217 [http-nio-8006-exec-6] DEBUG c.r.h.m.T.selectByFormulaId - [debug,135] - ==> Parameters: formula-29(String)
23:04:18.218 [http-nio-8006-exec-6] DEBUG c.r.h.m.T.selectByFormulaId - [debug,135] - <==      Total: 8
23:04:18.218 [http-nio-8006-exec-6] DEBUG c.r.h.m.T.selectByFormulaId - [debug,135] - ==>  Preparing: select id, formula_id, herb_name, dosage, unit, sort_order, notes, herb_dict_id from tcm_formula_item where formula_id = ? order by sort_order asc
23:04:18.219 [http-nio-8006-exec-6] DEBUG c.r.h.m.T.selectByFormulaId - [debug,135] - ==> Parameters: formula-3(String)
23:04:18.219 [http-nio-8006-exec-6] DEBUG c.r.h.m.T.selectByFormulaId - [debug,135] - <==      Total: 8
23:04:18.219 [http-nio-8006-exec-6] DEBUG c.r.h.m.T.selectByFormulaId - [debug,135] - ==>  Preparing: select id, formula_id, herb_name, dosage, unit, sort_order, notes, herb_dict_id from tcm_formula_item where formula_id = ? order by sort_order asc
23:04:18.220 [http-nio-8006-exec-6] DEBUG c.r.h.m.T.selectByFormulaId - [debug,135] - ==> Parameters: formula-30(String)
23:04:18.220 [http-nio-8006-exec-6] DEBUG c.r.h.m.T.selectByFormulaId - [debug,135] - <==      Total: 0
23:04:18.221 [http-nio-8006-exec-6] DEBUG c.r.h.m.T.selectByFormulaId - [debug,135] - ==>  Preparing: select id, formula_id, herb_name, dosage, unit, sort_order, notes, herb_dict_id from tcm_formula_item where formula_id = ? order by sort_order asc
23:04:18.221 [http-nio-8006-exec-6] DEBUG c.r.h.m.T.selectByFormulaId - [debug,135] - ==> Parameters: formula-31(String)
23:04:18.223 [http-nio-8006-exec-6] DEBUG c.r.h.m.T.selectByFormulaId - [debug,135] - <==      Total: 5
23:04:18.223 [http-nio-8006-exec-6] DEBUG c.r.h.m.T.selectByFormulaId - [debug,135] - ==>  Preparing: select id, formula_id, herb_name, dosage, unit, sort_order, notes, herb_dict_id from tcm_formula_item where formula_id = ? order by sort_order asc
23:04:18.224 [http-nio-8006-exec-6] DEBUG c.r.h.m.T.selectByFormulaId - [debug,135] - ==> Parameters: formula-32(String)
23:04:18.224 [http-nio-8006-exec-6] DEBUG c.r.h.m.T.selectByFormulaId - [debug,135] - <==      Total: 0
23:04:18.225 [http-nio-8006-exec-6] DEBUG c.r.h.m.T.selectByFormulaId - [debug,135] - ==>  Preparing: select id, formula_id, herb_name, dosage, unit, sort_order, notes, herb_dict_id from tcm_formula_item where formula_id = ? order by sort_order asc
23:04:18.225 [http-nio-8006-exec-6] DEBUG c.r.h.m.T.selectByFormulaId - [debug,135] - ==> Parameters: formula-33(String)
23:04:18.226 [http-nio-8006-exec-6] DEBUG c.r.h.m.T.selectByFormulaId - [debug,135] - <==      Total: 3
23:04:18.227 [http-nio-8006-exec-6] DEBUG c.r.h.m.T.selectByFormulaId - [debug,135] - ==>  Preparing: select id, formula_id, herb_name, dosage, unit, sort_order, notes, herb_dict_id from tcm_formula_item where formula_id = ? order by sort_order asc
23:04:18.227 [http-nio-8006-exec-6] DEBUG c.r.h.m.T.selectByFormulaId - [debug,135] - ==> Parameters: formula-34(String)
23:04:18.228 [http-nio-8006-exec-6] DEBUG c.r.h.m.T.selectByFormulaId - [debug,135] - <==      Total: 3
23:04:18.229 [http-nio-8006-exec-6] DEBUG c.r.h.m.T.selectByFormulaId - [debug,135] - ==>  Preparing: select id, formula_id, herb_name, dosage, unit, sort_order, notes, herb_dict_id from tcm_formula_item where formula_id = ? order by sort_order asc
23:04:18.229 [http-nio-8006-exec-6] DEBUG c.r.h.m.T.selectByFormulaId - [debug,135] - ==> Parameters: formula-35(String)
23:04:18.230 [http-nio-8006-exec-6] DEBUG c.r.h.m.T.selectByFormulaId - [debug,135] - <==      Total: 4
23:04:18.230 [http-nio-8006-exec-6] DEBUG c.r.h.m.T.selectByFormulaId - [debug,135] - ==>  Preparing: select id, formula_id, herb_name, dosage, unit, sort_order, notes, herb_dict_id from tcm_formula_item where formula_id = ? order by sort_order asc
23:04:18.231 [http-nio-8006-exec-6] DEBUG c.r.h.m.T.selectByFormulaId - [debug,135] - ==> Parameters: formula-36(String)
23:04:18.231 [http-nio-8006-exec-6] DEBUG c.r.h.m.T.selectByFormulaId - [debug,135] - <==      Total: 0
23:04:18.232 [http-nio-8006-exec-6] DEBUG c.r.h.m.T.selectByFormulaId - [debug,135] - ==>  Preparing: select id, formula_id, herb_name, dosage, unit, sort_order, notes, herb_dict_id from tcm_formula_item where formula_id = ? order by sort_order asc
23:04:18.232 [http-nio-8006-exec-6] DEBUG c.r.h.m.T.selectByFormulaId - [debug,135] - ==> Parameters: formula-37(String)
23:04:18.233 [http-nio-8006-exec-6] DEBUG c.r.h.m.T.selectByFormulaId - [debug,135] - <==      Total: 6
23:04:18.234 [http-nio-8006-exec-6] DEBUG c.r.h.m.T.selectByFormulaId - [debug,135] - ==>  Preparing: select id, formula_id, herb_name, dosage, unit, sort_order, notes, herb_dict_id from tcm_formula_item where formula_id = ? order by sort_order asc
23:04:18.234 [http-nio-8006-exec-6] DEBUG c.r.h.m.T.selectByFormulaId - [debug,135] - ==> Parameters: formula-38(String)
23:04:18.235 [http-nio-8006-exec-6] DEBUG c.r.h.m.T.selectByFormulaId - [debug,135] - <==      Total: 0
23:04:18.236 [http-nio-8006-exec-6] DEBUG c.r.h.m.T.selectByFormulaId - [debug,135] - ==>  Preparing: select id, formula_id, herb_name, dosage, unit, sort_order, notes, herb_dict_id from tcm_formula_item where formula_id = ? order by sort_order asc
23:04:18.236 [http-nio-8006-exec-6] DEBUG c.r.h.m.T.selectByFormulaId - [debug,135] - ==> Parameters: formula-39(String)
23:04:18.237 [http-nio-8006-exec-6] DEBUG c.r.h.m.T.selectByFormulaId - [debug,135] - <==      Total: 0
23:04:18.237 [http-nio-8006-exec-6] DEBUG c.r.h.m.T.selectByFormulaId - [debug,135] - ==>  Preparing: select id, formula_id, herb_name, dosage, unit, sort_order, notes, herb_dict_id from tcm_formula_item where formula_id = ? order by sort_order asc
23:04:18.238 [http-nio-8006-exec-6] DEBUG c.r.h.m.T.selectByFormulaId - [debug,135] - ==> Parameters: formula-4(String)
23:04:18.239 [http-nio-8006-exec-6] DEBUG c.r.h.m.T.selectByFormulaId - [debug,135] - <==      Total: 8
23:04:18.239 [http-nio-8006-exec-6] DEBUG c.r.h.m.T.selectByFormulaId - [debug,135] - ==>  Preparing: select id, formula_id, herb_name, dosage, unit, sort_order, notes, herb_dict_id from tcm_formula_item where formula_id = ? order by sort_order asc
23:04:18.239 [http-nio-8006-exec-6] DEBUG c.r.h.m.T.selectByFormulaId - [debug,135] - ==> Parameters: formula-40(String)
23:04:18.240 [http-nio-8006-exec-6] DEBUG c.r.h.m.T.selectByFormulaId - [debug,135] - <==      Total: 0
23:04:18.240 [http-nio-8006-exec-6] DEBUG c.r.h.m.T.selectByFormulaId - [debug,135] - ==>  Preparing: select id, formula_id, herb_name, dosage, unit, sort_order, notes, herb_dict_id from tcm_formula_item where formula_id = ? order by sort_order asc
23:04:18.241 [http-nio-8006-exec-6] DEBUG c.r.h.m.T.selectByFormulaId - [debug,135] - ==> Parameters: formula-41(String)
23:04:18.242 [http-nio-8006-exec-6] DEBUG c.r.h.m.T.selectByFormulaId - [debug,135] - <==      Total: 0
23:04:18.242 [http-nio-8006-exec-6] DEBUG c.r.h.m.T.selectByFormulaId - [debug,135] - ==>  Preparing: select id, formula_id, herb_name, dosage, unit, sort_order, notes, herb_dict_id from tcm_formula_item where formula_id = ? order by sort_order asc
23:04:18.242 [http-nio-8006-exec-6] DEBUG c.r.h.m.T.selectByFormulaId - [debug,135] - ==> Parameters: formula-42(String)
23:04:18.243 [http-nio-8006-exec-6] DEBUG c.r.h.m.T.selectByFormulaId - [debug,135] - <==      Total: 0
23:04:18.243 [http-nio-8006-exec-6] DEBUG c.r.h.m.T.selectByFormulaId - [debug,135] - ==>  Preparing: select id, formula_id, herb_name, dosage, unit, sort_order, notes, herb_dict_id from tcm_formula_item where formula_id = ? order by sort_order asc
23:04:18.244 [http-nio-8006-exec-6] DEBUG c.r.h.m.T.selectByFormulaId - [debug,135] - ==> Parameters: formula-43(String)
23:04:18.244 [http-nio-8006-exec-6] DEBUG c.r.h.m.T.selectByFormulaId - [debug,135] - <==      Total: 0
23:04:18.244 [http-nio-8006-exec-6] DEBUG c.r.h.m.T.selectByFormulaId - [debug,135] - ==>  Preparing: select id, formula_id, herb_name, dosage, unit, sort_order, notes, herb_dict_id from tcm_formula_item where formula_id = ? order by sort_order asc
23:04:18.246 [http-nio-8006-exec-6] DEBUG c.r.h.m.T.selectByFormulaId - [debug,135] - ==> Parameters: formula-44(String)
23:04:18.246 [http-nio-8006-exec-6] DEBUG c.r.h.m.T.selectByFormulaId - [debug,135] - <==      Total: 0
23:04:18.247 [http-nio-8006-exec-6] DEBUG c.r.h.m.T.selectByFormulaId - [debug,135] - ==>  Preparing: select id, formula_id, herb_name, dosage, unit, sort_order, notes, herb_dict_id from tcm_formula_item where formula_id = ? order by sort_order asc
23:04:18.247 [http-nio-8006-exec-6] DEBUG c.r.h.m.T.selectByFormulaId - [debug,135] - ==> Parameters: formula-45(String)
23:04:18.248 [http-nio-8006-exec-6] DEBUG c.r.h.m.T.selectByFormulaId - [debug,135] - <==      Total: 0
23:04:18.248 [http-nio-8006-exec-6] DEBUG c.r.h.m.T.selectByFormulaId - [debug,135] - ==>  Preparing: select id, formula_id, herb_name, dosage, unit, sort_order, notes, herb_dict_id from tcm_formula_item where formula_id = ? order by sort_order asc
23:04:18.248 [http-nio-8006-exec-6] DEBUG c.r.h.m.T.selectByFormulaId - [debug,135] - ==> Parameters: formula-46(String)
23:04:18.249 [http-nio-8006-exec-6] DEBUG c.r.h.m.T.selectByFormulaId - [debug,135] - <==      Total: 0
23:04:18.249 [http-nio-8006-exec-6] DEBUG c.r.h.m.T.selectByFormulaId - [debug,135] - ==>  Preparing: select id, formula_id, herb_name, dosage, unit, sort_order, notes, herb_dict_id from tcm_formula_item where formula_id = ? order by sort_order asc
23:04:18.249 [http-nio-8006-exec-6] DEBUG c.r.h.m.T.selectByFormulaId - [debug,135] - ==> Parameters: formula-47(String)
23:04:18.250 [http-nio-8006-exec-6] DEBUG c.r.h.m.T.selectByFormulaId - [debug,135] - <==      Total: 0
23:04:18.250 [http-nio-8006-exec-6] DEBUG c.r.h.m.T.selectByFormulaId - [debug,135] - ==>  Preparing: select id, formula_id, herb_name, dosage, unit, sort_order, notes, herb_dict_id from tcm_formula_item where formula_id = ? order by sort_order asc
23:04:18.251 [http-nio-8006-exec-6] DEBUG c.r.h.m.T.selectByFormulaId - [debug,135] - ==> Parameters: formula-48(String)
23:04:18.251 [http-nio-8006-exec-6] DEBUG c.r.h.m.T.selectByFormulaId - [debug,135] - <==      Total: 0
23:04:18.252 [http-nio-8006-exec-6] DEBUG c.r.h.m.T.selectByFormulaId - [debug,135] - ==>  Preparing: select id, formula_id, herb_name, dosage, unit, sort_order, notes, herb_dict_id from tcm_formula_item where formula_id = ? order by sort_order asc
23:04:18.252 [http-nio-8006-exec-6] DEBUG c.r.h.m.T.selectByFormulaId - [debug,135] - ==> Parameters: formula-49(String)
23:04:18.253 [http-nio-8006-exec-6] DEBUG c.r.h.m.T.selectByFormulaId - [debug,135] - <==      Total: 0
23:04:18.253 [http-nio-8006-exec-6] DEBUG c.r.h.m.T.selectByFormulaId - [debug,135] - ==>  Preparing: select id, formula_id, herb_name, dosage, unit, sort_order, notes, herb_dict_id from tcm_formula_item where formula_id = ? order by sort_order asc
23:04:18.254 [http-nio-8006-exec-6] DEBUG c.r.h.m.T.selectByFormulaId - [debug,135] - ==> Parameters: formula-5(String)
23:04:18.255 [http-nio-8006-exec-6] DEBUG c.r.h.m.T.selectByFormulaId - [debug,135] - <==      Total: 8
23:04:18.255 [http-nio-8006-exec-6] DEBUG c.r.h.m.T.selectByFormulaId - [debug,135] - ==>  Preparing: select id, formula_id, herb_name, dosage, unit, sort_order, notes, herb_dict_id from tcm_formula_item where formula_id = ? order by sort_order asc
23:04:18.255 [http-nio-8006-exec-6] DEBUG c.r.h.m.T.selectByFormulaId - [debug,135] - ==> Parameters: formula-50(String)
23:04:18.256 [http-nio-8006-exec-6] DEBUG c.r.h.m.T.selectByFormulaId - [debug,135] - <==      Total: 7
23:04:18.257 [http-nio-8006-exec-6] DEBUG c.r.h.m.T.selectByFormulaId - [debug,135] - ==>  Preparing: select id, formula_id, herb_name, dosage, unit, sort_order, notes, herb_dict_id from tcm_formula_item where formula_id = ? order by sort_order asc
23:04:18.257 [http-nio-8006-exec-6] DEBUG c.r.h.m.T.selectByFormulaId - [debug,135] - ==> Parameters: formula-6(String)
23:04:18.258 [http-nio-8006-exec-6] DEBUG c.r.h.m.T.selectByFormulaId - [debug,135] - <==      Total: 7
23:04:18.258 [http-nio-8006-exec-6] DEBUG c.r.h.m.T.selectByFormulaId - [debug,135] - ==>  Preparing: select id, formula_id, herb_name, dosage, unit, sort_order, notes, herb_dict_id from tcm_formula_item where formula_id = ? order by sort_order asc
23:04:18.258 [http-nio-8006-exec-6] DEBUG c.r.h.m.T.selectByFormulaId - [debug,135] - ==> Parameters: formula-7(String)
23:04:18.259 [http-nio-8006-exec-6] DEBUG c.r.h.m.T.selectByFormulaId - [debug,135] - <==      Total: 5
23:04:18.259 [http-nio-8006-exec-6] DEBUG c.r.h.m.T.selectByFormulaId - [debug,135] - ==>  Preparing: select id, formula_id, herb_name, dosage, unit, sort_order, notes, herb_dict_id from tcm_formula_item where formula_id = ? order by sort_order asc
23:04:18.260 [http-nio-8006-exec-6] DEBUG c.r.h.m.T.selectByFormulaId - [debug,135] - ==> Parameters: formula-8(String)
23:04:18.260 [http-nio-8006-exec-6] DEBUG c.r.h.m.T.selectByFormulaId - [debug,135] - <==      Total: 8
23:04:18.261 [http-nio-8006-exec-6] DEBUG c.r.h.m.T.selectByFormulaId - [debug,135] - ==>  Preparing: select id, formula_id, herb_name, dosage, unit, sort_order, notes, herb_dict_id from tcm_formula_item where formula_id = ? order by sort_order asc
23:04:18.261 [http-nio-8006-exec-6] DEBUG c.r.h.m.T.selectByFormulaId - [debug,135] - ==> Parameters: formula-9(String)
23:04:18.262 [http-nio-8006-exec-6] DEBUG c.r.h.m.T.selectByFormulaId - [debug,135] - <==      Total: 4
23:04:18.265 [http-nio-8006-exec-6] DEBUG c.r.h.m.T.selectTcmSupplierList - [debug,135] - ==>  Preparing: select id, name, contact_person, phone, email, address, notes, is_active, deleted_at, create_time, update_time from tcm_supplier WHERE deleted_at IS NULL order by create_time desc
23:04:18.265 [http-nio-8006-exec-6] DEBUG c.r.h.m.T.selectTcmSupplierList - [debug,135] - ==> Parameters: 
23:04:18.266 [http-nio-8006-exec-6] DEBUG c.r.h.m.T.selectTcmSupplierList - [debug,135] - <==      Total: 4
23:04:18.267 [http-nio-8006-exec-6] DEBUG c.r.h.m.T.selectTcmAcupointList - [debug,135] - ==>  Preparing: select id, name, pinyin, english_name, meridian, location, indication, method, notes, is_active, deleted_at, create_time, update_time from tcm_acupoint WHERE deleted_at IS NULL order by name asc
23:04:18.267 [http-nio-8006-exec-6] DEBUG c.r.h.m.T.selectTcmAcupointList - [debug,135] - ==> Parameters: 
23:04:18.272 [http-nio-8006-exec-6] DEBUG c.r.h.m.T.selectTcmAcupointList - [debug,135] - <==      Total: 100
23:04:18.274 [http-nio-8006-exec-6] DEBUG c.r.h.m.T.selectAll - [debug,135] - ==>  Preparing: select id, from_unit, to_unit, factor, notes, create_time from tcm_unit_conversion order by from_unit, to_unit
23:04:18.274 [http-nio-8006-exec-6] DEBUG c.r.h.m.T.selectAll - [debug,135] - ==> Parameters: 
23:04:18.277 [http-nio-8006-exec-6] DEBUG c.r.h.m.T.selectAll - [debug,135] - <==      Total: 16
23:04:18.278 [http-nio-8006-exec-6] DEBUG c.r.h.m.T.selectTcmHerbDictList - [debug,135] - ==>  Preparing: select id, name, alias, pinyin, category, nature, taste, meridian_tropism, efficacy, indication, dosage_range, contraindication, notes, is_active, deleted_at, create_time, update_time from tcm_herb_dict WHERE deleted_at IS NULL order by category asc, name asc
23:04:18.279 [http-nio-8006-exec-6] DEBUG c.r.h.m.T.selectTcmHerbDictList - [debug,135] - ==> Parameters: 
23:04:18.285 [http-nio-8006-exec-6] DEBUG c.r.h.m.T.selectTcmHerbDictList - [debug,135] - <==      Total: 80
23:04:18.286 [http-nio-8006-exec-6] DEBUG c.r.h.m.T.selectTcmMeridianList - [debug,135] - ==>  Preparing: select id, name, english_name, abbr, category, organ, pathway, acupoint_count, indication, notes, is_active, deleted_at, create_time, update_time from tcm_meridian WHERE deleted_at IS NULL order by id asc
23:04:18.287 [http-nio-8006-exec-6] DEBUG c.r.h.m.T.selectTcmMeridianList - [debug,135] - ==> Parameters: 
23:04:18.288 [http-nio-8006-exec-6] DEBUG c.r.h.m.T.selectTcmMeridianList - [debug,135] - <==      Total: 14
23:04:18.289 [http-nio-8006-exec-6] DEBUG c.r.h.m.T.selectTcmTreatmentTemplateList - [debug,135] - ==>  Preparing: select id, name, disease, category, description, acupoints_json, formula_ids, advice, notes, is_active, deleted_at, create_time, update_time from tcm_treatment_template WHERE deleted_at IS NULL order by category asc, name asc
23:04:18.289 [http-nio-8006-exec-6] DEBUG c.r.h.m.T.selectTcmTreatmentTemplateList - [debug,135] - ==> Parameters: 
23:04:18.291 [http-nio-8006-exec-6] DEBUG c.r.h.m.T.selectTcmTreatmentTemplateList - [debug,135] - <==      Total: 10
23:04:18.309 [http-nio-8006-exec-7] DEBUG c.r.s.m.S.selectUserList - [debug,135] - ==>  Preparing: select u.user_id, u.dept_id, u.nick_name, u.user_name, u.email, u.avatar, u.phonenumber, u.sex, u.status, u.del_flag, u.login_ip, u.login_date, u.create_by, u.create_time, u.remark, d.dept_name, d.leader from sys_user u left join sys_dept d on u.dept_id = d.dept_id where u.del_flag = '0'
23:04:18.309 [http-nio-8006-exec-7] DEBUG c.r.s.m.S.selectUserList - [debug,135] - ==> Parameters: 
23:04:18.311 [http-nio-8006-exec-7] DEBUG c.r.s.m.S.selectUserList - [debug,135] - <==      Total: 8
23:04:18.312 [http-nio-8006-exec-7] DEBUG c.r.s.m.S.selectUserById - [debug,135] - ==>  Preparing: select u.user_id, u.dept_id, u.user_name, u.nick_name, u.email, u.avatar, u.phonenumber, u.password, u.sex, u.status, u.del_flag, u.login_ip, u.login_date, u.pwd_update_date, u.create_by, u.create_time, u.remark, d.dept_id, d.parent_id, d.ancestors, d.dept_name, d.order_num, d.leader, d.status as dept_status, r.role_id, r.role_name, r.role_key, r.role_sort, r.data_scope, r.status as role_status from sys_user u left join sys_dept d on u.dept_id = d.dept_id left join sys_user_role ur on u.user_id = ur.user_id left join sys_role r on r.role_id = ur.role_id where u.user_id = ? and u.del_flag = '0'
23:04:18.312 [http-nio-8006-exec-7] DEBUG c.r.s.m.S.selectUserById - [debug,135] - ==> Parameters: 1(Long)
23:04:18.313 [http-nio-8006-exec-7] DEBUG c.r.s.m.S.selectUserById - [debug,135] - <==      Total: 1
23:04:18.314 [http-nio-8006-exec-7] DEBUG c.r.s.m.S.selectUserById - [debug,135] - ==>  Preparing: select u.user_id, u.dept_id, u.user_name, u.nick_name, u.email, u.avatar, u.phonenumber, u.password, u.sex, u.status, u.del_flag, u.login_ip, u.login_date, u.pwd_update_date, u.create_by, u.create_time, u.remark, d.dept_id, d.parent_id, d.ancestors, d.dept_name, d.order_num, d.leader, d.status as dept_status, r.role_id, r.role_name, r.role_key, r.role_sort, r.data_scope, r.status as role_status from sys_user u left join sys_dept d on u.dept_id = d.dept_id left join sys_user_role ur on u.user_id = ur.user_id left join sys_role r on r.role_id = ur.role_id where u.user_id = ? and u.del_flag = '0'
23:04:18.314 [http-nio-8006-exec-7] DEBUG c.r.s.m.S.selectUserById - [debug,135] - ==> Parameters: 2(Long)
23:04:18.316 [http-nio-8006-exec-7] DEBUG c.r.s.m.S.selectUserById - [debug,135] - <==      Total: 1
23:04:18.316 [http-nio-8006-exec-7] DEBUG c.r.s.m.S.selectUserById - [debug,135] - ==>  Preparing: select u.user_id, u.dept_id, u.user_name, u.nick_name, u.email, u.avatar, u.phonenumber, u.password, u.sex, u.status, u.del_flag, u.login_ip, u.login_date, u.pwd_update_date, u.create_by, u.create_time, u.remark, d.dept_id, d.parent_id, d.ancestors, d.dept_name, d.order_num, d.leader, d.status as dept_status, r.role_id, r.role_name, r.role_key, r.role_sort, r.data_scope, r.status as role_status from sys_user u left join sys_dept d on u.dept_id = d.dept_id left join sys_user_role ur on u.user_id = ur.user_id left join sys_role r on r.role_id = ur.role_id where u.user_id = ? and u.del_flag = '0'
23:04:18.316 [http-nio-8006-exec-7] DEBUG c.r.s.m.S.selectUserById - [debug,135] - ==> Parameters: 100(Long)
23:04:18.317 [http-nio-8006-exec-7] DEBUG c.r.s.m.S.selectUserById - [debug,135] - <==      Total: 1
23:04:18.319 [http-nio-8006-exec-7] DEBUG c.r.s.m.S.selectUserById - [debug,135] - ==>  Preparing: select u.user_id, u.dept_id, u.user_name, u.nick_name, u.email, u.avatar, u.phonenumber, u.password, u.sex, u.status, u.del_flag, u.login_ip, u.login_date, u.pwd_update_date, u.create_by, u.create_time, u.remark, d.dept_id, d.parent_id, d.ancestors, d.dept_name, d.order_num, d.leader, d.status as dept_status, r.role_id, r.role_name, r.role_key, r.role_sort, r.data_scope, r.status as role_status from sys_user u left join sys_dept d on u.dept_id = d.dept_id left join sys_user_role ur on u.user_id = ur.user_id left join sys_role r on r.role_id = ur.role_id where u.user_id = ? and u.del_flag = '0'
23:04:18.320 [http-nio-8006-exec-7] DEBUG c.r.s.m.S.selectUserById - [debug,135] - ==> Parameters: 101(Long)
23:04:18.321 [http-nio-8006-exec-7] DEBUG c.r.s.m.S.selectUserById - [debug,135] - <==      Total: 1
23:04:18.321 [http-nio-8006-exec-7] DEBUG c.r.s.m.S.selectUserById - [debug,135] - ==>  Preparing: select u.user_id, u.dept_id, u.user_name, u.nick_name, u.email, u.avatar, u.phonenumber, u.password, u.sex, u.status, u.del_flag, u.login_ip, u.login_date, u.pwd_update_date, u.create_by, u.create_time, u.remark, d.dept_id, d.parent_id, d.ancestors, d.dept_name, d.order_num, d.leader, d.status as dept_status, r.role_id, r.role_name, r.role_key, r.role_sort, r.data_scope, r.status as role_status from sys_user u left join sys_dept d on u.dept_id = d.dept_id left join sys_user_role ur on u.user_id = ur.user_id left join sys_role r on r.role_id = ur.role_id where u.user_id = ? and u.del_flag = '0'
23:04:18.322 [http-nio-8006-exec-7] DEBUG c.r.s.m.S.selectUserById - [debug,135] - ==> Parameters: 102(Long)
23:04:18.323 [http-nio-8006-exec-7] DEBUG c.r.s.m.S.selectUserById - [debug,135] - <==      Total: 1
23:04:18.323 [http-nio-8006-exec-7] DEBUG c.r.s.m.S.selectUserById - [debug,135] - ==>  Preparing: select u.user_id, u.dept_id, u.user_name, u.nick_name, u.email, u.avatar, u.phonenumber, u.password, u.sex, u.status, u.del_flag, u.login_ip, u.login_date, u.pwd_update_date, u.create_by, u.create_time, u.remark, d.dept_id, d.parent_id, d.ancestors, d.dept_name, d.order_num, d.leader, d.status as dept_status, r.role_id, r.role_name, r.role_key, r.role_sort, r.data_scope, r.status as role_status from sys_user u left join sys_dept d on u.dept_id = d.dept_id left join sys_user_role ur on u.user_id = ur.user_id left join sys_role r on r.role_id = ur.role_id where u.user_id = ? and u.del_flag = '0'
23:04:18.324 [http-nio-8006-exec-7] DEBUG c.r.s.m.S.selectUserById - [debug,135] - ==> Parameters: 103(Long)
23:04:18.326 [http-nio-8006-exec-7] DEBUG c.r.s.m.S.selectUserById - [debug,135] - <==      Total: 1
23:04:18.326 [http-nio-8006-exec-7] DEBUG c.r.s.m.S.selectUserById - [debug,135] - ==>  Preparing: select u.user_id, u.dept_id, u.user_name, u.nick_name, u.email, u.avatar, u.phonenumber, u.password, u.sex, u.status, u.del_flag, u.login_ip, u.login_date, u.pwd_update_date, u.create_by, u.create_time, u.remark, d.dept_id, d.parent_id, d.ancestors, d.dept_name, d.order_num, d.leader, d.status as dept_status, r.role_id, r.role_name, r.role_key, r.role_sort, r.data_scope, r.status as role_status from sys_user u left join sys_dept d on u.dept_id = d.dept_id left join sys_user_role ur on u.user_id = ur.user_id left join sys_role r on r.role_id = ur.role_id where u.user_id = ? and u.del_flag = '0'
23:04:18.327 [http-nio-8006-exec-7] DEBUG c.r.s.m.S.selectUserById - [debug,135] - ==> Parameters: 104(Long)
23:04:18.328 [http-nio-8006-exec-7] DEBUG c.r.s.m.S.selectUserById - [debug,135] - <==      Total: 1
23:04:18.328 [http-nio-8006-exec-7] DEBUG c.r.s.m.S.selectUserById - [debug,135] - ==>  Preparing: select u.user_id, u.dept_id, u.user_name, u.nick_name, u.email, u.avatar, u.phonenumber, u.password, u.sex, u.status, u.del_flag, u.login_ip, u.login_date, u.pwd_update_date, u.create_by, u.create_time, u.remark, d.dept_id, d.parent_id, d.ancestors, d.dept_name, d.order_num, d.leader, d.status as dept_status, r.role_id, r.role_name, r.role_key, r.role_sort, r.data_scope, r.status as role_status from sys_user u left join sys_dept d on u.dept_id = d.dept_id left join sys_user_role ur on u.user_id = ur.user_id left join sys_role r on r.role_id = ur.role_id where u.user_id = ? and u.del_flag = '0'
23:04:18.329 [http-nio-8006-exec-7] DEBUG c.r.s.m.S.selectUserById - [debug,135] - ==> Parameters: 105(Long)
23:04:18.329 [http-nio-8006-exec-7] DEBUG c.r.s.m.S.selectUserById - [debug,135] - <==      Total: 1
23:04:18.330 [http-nio-8006-exec-7] DEBUG c.r.h.m.T.selectTcmPatientList - [debug,135] - ==>  Preparing: select id, name, first_name, last_name, email, phone, practitioner_id, is_active, consent_signed, consent_signed_at, consent_token, consent_token_expires, merged_into, deleted_at, payload, create_time, update_time from tcm_patient
23:04:18.331 [http-nio-8006-exec-7] DEBUG c.r.h.m.T.selectTcmPatientList - [debug,135] - ==> Parameters: 
23:04:18.332 [http-nio-8006-exec-7] DEBUG c.r.h.m.T.selectTcmPatientList - [debug,135] - <==      Total: 3
23:04:18.332 [http-nio-8006-exec-7] DEBUG c.r.h.m.T.selectTcmAppointmentList - [debug,135] - ==>  Preparing: select id, patient_id, practitioner_id, room_id, service_type, start_time, end_time, status, branch_id, intake_token, intake_submitted, payload, create_time, update_time from tcm_appointment
23:04:18.333 [http-nio-8006-exec-7] DEBUG c.r.h.m.T.selectTcmAppointmentList - [debug,135] - ==> Parameters: 
23:04:18.334 [http-nio-8006-exec-7] DEBUG c.r.h.m.T.selectTcmAppointmentList - [debug,135] - <==      Total: 2
23:04:18.335 [http-nio-8006-exec-7] DEBUG c.r.h.m.T.selectTcmConsultationList - [debug,135] - ==>  Preparing: select id, consultation_id, patient_id, practitioner_id, consult_date, status, branch_id, locked_at, version, deleted_at, payload, create_time, update_time from tcm_consultation
23:04:18.336 [http-nio-8006-exec-7] DEBUG c.r.h.m.T.selectTcmConsultationList - [debug,135] - ==> Parameters: 
23:04:18.338 [http-nio-8006-exec-7] DEBUG c.r.h.m.T.selectTcmConsultationList - [debug,135] - <==      Total: 7
23:04:18.339 [http-nio-8006-exec-7] DEBUG c.r.h.m.T.selectTcmInventoryItemList - [debug,135] - ==>  Preparing: select id, name, category, unit, quantity, price_per_unit, min_stock_level, supplier, supplier_id, grams_per_packet, branch_id, is_active, deleted_at, herb_dict_id, payload, create_time, update_time from tcm_inventory_item WHERE deleted_at IS NULL
23:04:18.340 [http-nio-8006-exec-7] DEBUG c.r.h.m.T.selectTcmInventoryItemList - [debug,135] - ==> Parameters: 
23:04:18.343 [http-nio-8006-exec-7] DEBUG c.r.h.m.T.selectTcmInventoryItemList - [debug,135] - <==      Total: 13
23:04:18.343 [http-nio-8006-exec-7] DEBUG c.r.h.m.T.selectTcmBranchList - [debug,135] - ==>  Preparing: select id, name, code, address, phone, email, manager_id, is_active, is_main, room_ids, create_time, update_time from tcm_branch
23:04:18.344 [http-nio-8006-exec-7] DEBUG c.r.h.m.T.selectTcmBranchList - [debug,135] - ==> Parameters: 
23:04:18.344 [http-nio-8006-exec-7] DEBUG c.r.h.m.T.selectTcmBranchList - [debug,135] - <==      Total: 3
23:04:18.345 [http-nio-8006-exec-7] DEBUG c.r.h.m.T.selectAllSettings - [debug,135] - ==>  Preparing: select setting_key, setting_value, update_time from tcm_clinic_setting order by setting_key
23:04:18.345 [http-nio-8006-exec-7] DEBUG c.r.h.m.T.selectAllSettings - [debug,135] - ==> Parameters: 
23:04:18.346 [http-nio-8006-exec-7] DEBUG c.r.h.m.T.selectAllSettings - [debug,135] - <==      Total: 6
23:04:18.346 [http-nio-8006-exec-7] DEBUG c.r.h.m.T.selectTcmRoomList - [debug,135] - ==>  Preparing: select id, name, branch_id, is_active, create_time, update_time from tcm_room
23:04:18.347 [http-nio-8006-exec-7] DEBUG c.r.h.m.T.selectTcmRoomList - [debug,135] - ==> Parameters: 
23:04:18.348 [http-nio-8006-exec-7] DEBUG c.r.h.m.T.selectTcmRoomList - [debug,135] - <==      Total: 3
23:04:18.348 [http-nio-8006-exec-7] DEBUG c.r.h.m.T.selectTcmServiceTypeList - [debug,135] - ==>  Preparing: select service_key, label, duration, practitioner_time, room_required, default_price, update_time from tcm_service_type
23:04:18.348 [http-nio-8006-exec-7] DEBUG c.r.h.m.T.selectTcmServiceTypeList - [debug,135] - ==> Parameters: 
23:04:18.349 [http-nio-8006-exec-7] DEBUG c.r.h.m.T.selectTcmServiceTypeList - [debug,135] - <==      Total: 3
23:04:18.349 [http-nio-8006-exec-7] DEBUG c.r.h.m.T.selectTcmPriceListList - [debug,135] - ==>  Preparing: select id, name, effective_date, is_active, items_json, create_time, update_time from tcm_price_list
23:04:18.350 [http-nio-8006-exec-7] DEBUG c.r.h.m.T.selectTcmPriceListList - [debug,135] - ==> Parameters: 
23:04:18.351 [http-nio-8006-exec-7] DEBUG c.r.h.m.T.selectTcmPriceListList - [debug,135] - <==      Total: 1
23:04:18.352 [http-nio-8006-exec-7] DEBUG c.r.h.m.T.selectTcmEmailLogList - [debug,135] - ==>  Preparing: select id, to_email, subject, email_type, body, sent_at, payload, create_time from tcm_email_log order by id desc
23:04:18.352 [http-nio-8006-exec-7] DEBUG c.r.h.m.T.selectTcmEmailLogList - [debug,135] - ==> Parameters: 
23:04:18.353 [http-nio-8006-exec-7] DEBUG c.r.h.m.T.selectTcmEmailLogList - [debug,135] - <==      Total: 0
23:04:18.353 [http-nio-8006-exec-7] DEBUG c.r.h.m.T.selectTcmFormulaList - [debug,135] - ==>  Preparing: select id, name, category, description, source, is_active, deleted_at, create_time, update_time from tcm_formula WHERE deleted_at IS NULL order by create_time desc
23:04:18.353 [http-nio-8006-exec-7] DEBUG c.r.h.m.T.selectTcmFormulaList - [debug,135] - ==> Parameters: 
23:04:18.355 [http-nio-8006-exec-7] DEBUG c.r.h.m.T.selectTcmFormulaList - [debug,135] - <==      Total: 51
23:04:18.355 [http-nio-8006-exec-7] DEBUG c.r.h.m.T.selectByFormulaId - [debug,135] - ==>  Preparing: select id, formula_id, herb_name, dosage, unit, sort_order, notes, herb_dict_id from tcm_formula_item where formula_id = ? order by sort_order asc
23:04:18.356 [http-nio-8006-exec-7] DEBUG c.r.h.m.T.selectByFormulaId - [debug,135] - ==> Parameters: ecf8c626-94c4-4825-97d3-21c67adf9366(String)
23:04:18.357 [http-nio-8006-exec-7] DEBUG c.r.h.m.T.selectByFormulaId - [debug,135] - <==      Total: 1
23:04:18.357 [http-nio-8006-exec-7] DEBUG c.r.h.m.T.selectByFormulaId - [debug,135] - ==>  Preparing: select id, formula_id, herb_name, dosage, unit, sort_order, notes, herb_dict_id from tcm_formula_item where formula_id = ? order by sort_order asc
23:04:18.357 [http-nio-8006-exec-7] DEBUG c.r.h.m.T.selectByFormulaId - [debug,135] - ==> Parameters: formula-1(String)
23:04:18.358 [http-nio-8006-exec-7] DEBUG c.r.h.m.T.selectByFormulaId - [debug,135] - <==      Total: 4
23:04:18.359 [http-nio-8006-exec-7] DEBUG c.r.h.m.T.selectByFormulaId - [debug,135] - ==>  Preparing: select id, formula_id, herb_name, dosage, unit, sort_order, notes, herb_dict_id from tcm_formula_item where formula_id = ? order by sort_order asc
23:04:18.359 [http-nio-8006-exec-7] DEBUG c.r.h.m.T.selectByFormulaId - [debug,135] - ==> Parameters: formula-10(String)
23:04:18.360 [http-nio-8006-exec-7] DEBUG c.r.h.m.T.selectByFormulaId - [debug,135] - <==      Total: 5
23:04:18.360 [http-nio-8006-exec-7] DEBUG c.r.h.m.T.selectByFormulaId - [debug,135] - ==>  Preparing: select id, formula_id, herb_name, dosage, unit, sort_order, notes, herb_dict_id from tcm_formula_item where formula_id = ? order by sort_order asc
23:04:18.360 [http-nio-8006-exec-7] DEBUG c.r.h.m.T.selectByFormulaId - [debug,135] - ==> Parameters: formula-11(String)
23:04:18.361 [http-nio-8006-exec-7] DEBUG c.r.h.m.T.selectByFormulaId - [debug,135] - <==      Total: 4
23:04:18.361 [http-nio-8006-exec-7] DEBUG c.r.h.m.T.selectByFormulaId - [debug,135] - ==>  Preparing: select id, formula_id, herb_name, dosage, unit, sort_order, notes, herb_dict_id from tcm_formula_item where formula_id = ? order by sort_order asc
23:04:18.362 [http-nio-8006-exec-7] DEBUG c.r.h.m.T.selectByFormulaId - [debug,135] - ==> Parameters: formula-12(String)
23:04:18.362 [http-nio-8006-exec-7] DEBUG c.r.h.m.T.selectByFormulaId - [debug,135] - <==      Total: 0
23:04:18.363 [http-nio-8006-exec-7] DEBUG c.r.h.m.T.selectByFormulaId - [debug,135] - ==>  Preparing: select id, formula_id, herb_name, dosage, unit, sort_order, notes, herb_dict_id from tcm_formula_item where formula_id = ? order by sort_order asc
23:04:18.363 [http-nio-8006-exec-7] DEBUG c.r.h.m.T.selectByFormulaId - [debug,135] - ==> Parameters: formula-13(String)
23:04:18.364 [http-nio-8006-exec-7] DEBUG c.r.h.m.T.selectByFormulaId - [debug,135] - <==      Total: 0
23:04:18.364 [http-nio-8006-exec-7] DEBUG c.r.h.m.T.selectByFormulaId - [debug,135] - ==>  Preparing: select id, formula_id, herb_name, dosage, unit, sort_order, notes, herb_dict_id from tcm_formula_item where formula_id = ? order by sort_order asc
23:04:18.364 [http-nio-8006-exec-7] DEBUG c.r.h.m.T.selectByFormulaId - [debug,135] - ==> Parameters: formula-14(String)
23:04:18.366 [http-nio-8006-exec-7] DEBUG c.r.h.m.T.selectByFormulaId - [debug,135] - <==      Total: 0
23:04:18.366 [http-nio-8006-exec-7] DEBUG c.r.h.m.T.selectByFormulaId - [debug,135] - ==>  Preparing: select id, formula_id, herb_name, dosage, unit, sort_order, notes, herb_dict_id from tcm_formula_item where formula_id = ? order by sort_order asc
23:04:18.366 [http-nio-8006-exec-7] DEBUG c.r.h.m.T.selectByFormulaId - [debug,135] - ==> Parameters: formula-15(String)
23:04:18.367 [http-nio-8006-exec-7] DEBUG c.r.h.m.T.selectByFormulaId - [debug,135] - <==      Total: 7
23:04:18.367 [http-nio-8006-exec-7] DEBUG c.r.h.m.T.selectByFormulaId - [debug,135] - ==>  Preparing: select id, formula_id, herb_name, dosage, unit, sort_order, notes, herb_dict_id from tcm_formula_item where formula_id = ? order by sort_order asc
23:04:18.367 [http-nio-8006-exec-7] DEBUG c.r.h.m.T.selectByFormulaId - [debug,135] - ==> Parameters: formula-16(String)
23:04:18.368 [http-nio-8006-exec-7] DEBUG c.r.h.m.T.selectByFormulaId - [debug,135] - <==      Total: 0
23:04:18.369 [http-nio-8006-exec-7] DEBUG c.r.h.m.T.selectByFormulaId - [debug,135] - ==>  Preparing: select id, formula_id, herb_name, dosage, unit, sort_order, notes, herb_dict_id from tcm_formula_item where formula_id = ? order by sort_order asc
23:04:18.369 [http-nio-8006-exec-7] DEBUG c.r.h.m.T.selectByFormulaId - [debug,135] - ==> Parameters: formula-17(String)
23:04:18.370 [http-nio-8006-exec-7] DEBUG c.r.h.m.T.selectByFormulaId - [debug,135] - <==      Total: 4
23:04:18.371 [http-nio-8006-exec-7] DEBUG c.r.h.m.T.selectByFormulaId - [debug,135] - ==>  Preparing: select id, formula_id, herb_name, dosage, unit, sort_order, notes, herb_dict_id from tcm_formula_item where formula_id = ? order by sort_order asc
23:04:18.371 [http-nio-8006-exec-7] DEBUG c.r.h.m.T.selectByFormulaId - [debug,135] - ==> Parameters: formula-18(String)
23:04:18.372 [http-nio-8006-exec-7] DEBUG c.r.h.m.T.selectByFormulaId - [debug,135] - <==      Total: 3
23:04:18.372 [http-nio-8006-exec-7] DEBUG c.r.h.m.T.selectByFormulaId - [debug,135] - ==>  Preparing: select id, formula_id, herb_name, dosage, unit, sort_order, notes, herb_dict_id from tcm_formula_item where formula_id = ? order by sort_order asc
23:04:18.373 [http-nio-8006-exec-7] DEBUG c.r.h.m.T.selectByFormulaId - [debug,135] - ==> Parameters: formula-19(String)
23:04:18.373 [http-nio-8006-exec-7] DEBUG c.r.h.m.T.selectByFormulaId - [debug,135] - <==      Total: 0
23:04:18.374 [http-nio-8006-exec-7] DEBUG c.r.h.m.T.selectByFormulaId - [debug,135] - ==>  Preparing: select id, formula_id, herb_name, dosage, unit, sort_order, notes, herb_dict_id from tcm_formula_item where formula_id = ? order by sort_order asc
23:04:18.374 [http-nio-8006-exec-7] DEBUG c.r.h.m.T.selectByFormulaId - [debug,135] - ==> Parameters: formula-2(String)
23:04:18.375 [http-nio-8006-exec-7] DEBUG c.r.h.m.T.selectByFormulaId - [debug,135] - <==      Total: 6
23:04:18.375 [http-nio-8006-exec-7] DEBUG c.r.h.m.T.selectByFormulaId - [debug,135] - ==>  Preparing: select id, formula_id, herb_name, dosage, unit, sort_order, notes, herb_dict_id from tcm_formula_item where formula_id = ? order by sort_order asc
23:04:18.375 [http-nio-8006-exec-7] DEBUG c.r.h.m.T.selectByFormulaId - [debug,135] - ==> Parameters: formula-20(String)
23:04:18.376 [http-nio-8006-exec-7] DEBUG c.r.h.m.T.selectByFormulaId - [debug,135] - <==      Total: 0
23:04:18.377 [http-nio-8006-exec-7] DEBUG c.r.h.m.T.selectByFormulaId - [debug,135] - ==>  Preparing: select id, formula_id, herb_name, dosage, unit, sort_order, notes, herb_dict_id from tcm_formula_item where formula_id = ? order by sort_order asc
23:04:18.377 [http-nio-8006-exec-7] DEBUG c.r.h.m.T.selectByFormulaId - [debug,135] - ==> Parameters: formula-21(String)
23:04:18.379 [http-nio-8006-exec-7] DEBUG c.r.h.m.T.selectByFormulaId - [debug,135] - <==      Total: 4
23:04:18.379 [http-nio-8006-exec-7] DEBUG c.r.h.m.T.selectByFormulaId - [debug,135] - ==>  Preparing: select id, formula_id, herb_name, dosage, unit, sort_order, notes, herb_dict_id from tcm_formula_item where formula_id = ? order by sort_order asc
23:04:18.380 [http-nio-8006-exec-7] DEBUG c.r.h.m.T.selectByFormulaId - [debug,135] - ==> Parameters: formula-22(String)
23:04:18.381 [http-nio-8006-exec-7] DEBUG c.r.h.m.T.selectByFormulaId - [debug,135] - <==      Total: 0
23:04:18.381 [http-nio-8006-exec-7] DEBUG c.r.h.m.T.selectByFormulaId - [debug,135] - ==>  Preparing: select id, formula_id, herb_name, dosage, unit, sort_order, notes, herb_dict_id from tcm_formula_item where formula_id = ? order by sort_order asc
23:04:18.381 [http-nio-8006-exec-7] DEBUG c.r.h.m.T.selectByFormulaId - [debug,135] - ==> Parameters: formula-23(String)
23:04:18.382 [http-nio-8006-exec-7] DEBUG c.r.h.m.T.selectByFormulaId - [debug,135] - <==      Total: 0
23:04:18.383 [http-nio-8006-exec-7] DEBUG c.r.h.m.T.selectByFormulaId - [debug,135] - ==>  Preparing: select id, formula_id, herb_name, dosage, unit, sort_order, notes, herb_dict_id from tcm_formula_item where formula_id = ? order by sort_order asc
23:04:18.383 [http-nio-8006-exec-7] DEBUG c.r.h.m.T.selectByFormulaId - [debug,135] - ==> Parameters: formula-24(String)
23:04:18.384 [http-nio-8006-exec-7] DEBUG c.r.h.m.T.selectByFormulaId - [debug,135] - <==      Total: 5
23:04:18.384 [http-nio-8006-exec-7] DEBUG c.r.h.m.T.selectByFormulaId - [debug,135] - ==>  Preparing: select id, formula_id, herb_name, dosage, unit, sort_order, notes, herb_dict_id from tcm_formula_item where formula_id = ? order by sort_order asc
23:04:18.385 [http-nio-8006-exec-7] DEBUG c.r.h.m.T.selectByFormulaId - [debug,135] - ==> Parameters: formula-25(String)
23:04:18.386 [http-nio-8006-exec-7] DEBUG c.r.h.m.T.selectByFormulaId - [debug,135] - <==      Total: 0
23:04:18.386 [http-nio-8006-exec-7] DEBUG c.r.h.m.T.selectByFormulaId - [debug,135] - ==>  Preparing: select id, formula_id, herb_name, dosage, unit, sort_order, notes, herb_dict_id from tcm_formula_item where formula_id = ? order by sort_order asc
23:04:18.387 [http-nio-8006-exec-7] DEBUG c.r.h.m.T.selectByFormulaId - [debug,135] - ==> Parameters: formula-26(String)
23:04:18.388 [http-nio-8006-exec-7] DEBUG c.r.h.m.T.selectByFormulaId - [debug,135] - <==      Total: 0
23:04:18.388 [http-nio-8006-exec-7] DEBUG c.r.h.m.T.selectByFormulaId - [debug,135] - ==>  Preparing: select id, formula_id, herb_name, dosage, unit, sort_order, notes, herb_dict_id from tcm_formula_item where formula_id = ? order by sort_order asc
23:04:18.388 [http-nio-8006-exec-7] DEBUG c.r.h.m.T.selectByFormulaId - [debug,135] - ==> Parameters: formula-27(String)
23:04:18.389 [http-nio-8006-exec-7] DEBUG c.r.h.m.T.selectByFormulaId - [debug,135] - <==      Total: 0
23:04:18.389 [http-nio-8006-exec-7] DEBUG c.r.h.m.T.selectByFormulaId - [debug,135] - ==>  Preparing: select id, formula_id, herb_name, dosage, unit, sort_order, notes, herb_dict_id from tcm_formula_item where formula_id = ? order by sort_order asc
23:04:18.390 [http-nio-8006-exec-7] DEBUG c.r.h.m.T.selectByFormulaId - [debug,135] - ==> Parameters: formula-28(String)
23:04:18.390 [http-nio-8006-exec-7] DEBUG c.r.h.m.T.selectByFormulaId - [debug,135] - <==      Total: 0
23:04:18.391 [http-nio-8006-exec-7] DEBUG c.r.h.m.T.selectByFormulaId - [debug,135] - ==>  Preparing: select id, formula_id, herb_name, dosage, unit, sort_order, notes, herb_dict_id from tcm_formula_item where formula_id = ? order by sort_order asc
23:04:18.391 [http-nio-8006-exec-7] DEBUG c.r.h.m.T.selectByFormulaId - [debug,135] - ==> Parameters: formula-29(String)
23:04:18.393 [http-nio-8006-exec-7] DEBUG c.r.h.m.T.selectByFormulaId - [debug,135] - <==      Total: 8
23:04:18.393 [http-nio-8006-exec-7] DEBUG c.r.h.m.T.selectByFormulaId - [debug,135] - ==>  Preparing: select id, formula_id, herb_name, dosage, unit, sort_order, notes, herb_dict_id from tcm_formula_item where formula_id = ? order by sort_order asc
23:04:18.394 [http-nio-8006-exec-7] DEBUG c.r.h.m.T.selectByFormulaId - [debug,135] - ==> Parameters: formula-3(String)
23:04:18.394 [http-nio-8006-exec-7] DEBUG c.r.h.m.T.selectByFormulaId - [debug,135] - <==      Total: 8
23:04:18.396 [http-nio-8006-exec-7] DEBUG c.r.h.m.T.selectByFormulaId - [debug,135] - ==>  Preparing: select id, formula_id, herb_name, dosage, unit, sort_order, notes, herb_dict_id from tcm_formula_item where formula_id = ? order by sort_order asc
23:04:18.396 [http-nio-8006-exec-7] DEBUG c.r.h.m.T.selectByFormulaId - [debug,135] - ==> Parameters: formula-30(String)
23:04:18.397 [http-nio-8006-exec-7] DEBUG c.r.h.m.T.selectByFormulaId - [debug,135] - <==      Total: 0
23:04:18.398 [http-nio-8006-exec-7] DEBUG c.r.h.m.T.selectByFormulaId - [debug,135] - ==>  Preparing: select id, formula_id, herb_name, dosage, unit, sort_order, notes, herb_dict_id from tcm_formula_item where formula_id = ? order by sort_order asc
23:04:18.398 [http-nio-8006-exec-7] DEBUG c.r.h.m.T.selectByFormulaId - [debug,135] - ==> Parameters: formula-31(String)
23:04:18.399 [http-nio-8006-exec-7] DEBUG c.r.h.m.T.selectByFormulaId - [debug,135] - <==      Total: 5
23:04:18.399 [http-nio-8006-exec-7] DEBUG c.r.h.m.T.selectByFormulaId - [debug,135] - ==>  Preparing: select id, formula_id, herb_name, dosage, unit, sort_order, notes, herb_dict_id from tcm_formula_item where formula_id = ? order by sort_order asc
23:04:18.399 [http-nio-8006-exec-7] DEBUG c.r.h.m.T.selectByFormulaId - [debug,135] - ==> Parameters: formula-32(String)
23:04:18.399 [http-nio-8006-exec-7] DEBUG c.r.h.m.T.selectByFormulaId - [debug,135] - <==      Total: 0
23:04:18.400 [http-nio-8006-exec-7] DEBUG c.r.h.m.T.selectByFormulaId - [debug,135] - ==>  Preparing: select id, formula_id, herb_name, dosage, unit, sort_order, notes, herb_dict_id from tcm_formula_item where formula_id = ? order by sort_order asc
23:04:18.400 [http-nio-8006-exec-7] DEBUG c.r.h.m.T.selectByFormulaId - [debug,135] - ==> Parameters: formula-33(String)
23:04:18.401 [http-nio-8006-exec-7] DEBUG c.r.h.m.T.selectByFormulaId - [debug,135] - <==      Total: 3
23:04:18.402 [http-nio-8006-exec-7] DEBUG c.r.h.m.T.selectByFormulaId - [debug,135] - ==>  Preparing: select id, formula_id, herb_name, dosage, unit, sort_order, notes, herb_dict_id from tcm_formula_item where formula_id = ? order by sort_order asc
23:04:18.402 [http-nio-8006-exec-7] DEBUG c.r.h.m.T.selectByFormulaId - [debug,135] - ==> Parameters: formula-34(String)
23:04:18.403 [http-nio-8006-exec-7] DEBUG c.r.h.m.T.selectByFormulaId - [debug,135] - <==      Total: 3
23:04:18.403 [http-nio-8006-exec-7] DEBUG c.r.h.m.T.selectByFormulaId - [debug,135] - ==>  Preparing: select id, formula_id, herb_name, dosage, unit, sort_order, notes, herb_dict_id from tcm_formula_item where formula_id = ? order by sort_order asc
23:04:18.404 [http-nio-8006-exec-7] DEBUG c.r.h.m.T.selectByFormulaId - [debug,135] - ==> Parameters: formula-35(String)
23:04:18.405 [http-nio-8006-exec-7] DEBUG c.r.h.m.T.selectByFormulaId - [debug,135] - <==      Total: 4
23:04:18.405 [http-nio-8006-exec-7] DEBUG c.r.h.m.T.selectByFormulaId - [debug,135] - ==>  Preparing: select id, formula_id, herb_name, dosage, unit, sort_order, notes, herb_dict_id from tcm_formula_item where formula_id = ? order by sort_order asc
23:04:18.405 [http-nio-8006-exec-7] DEBUG c.r.h.m.T.selectByFormulaId - [debug,135] - ==> Parameters: formula-36(String)
23:04:18.406 [http-nio-8006-exec-7] DEBUG c.r.h.m.T.selectByFormulaId - [debug,135] - <==      Total: 0
23:04:18.406 [http-nio-8006-exec-7] DEBUG c.r.h.m.T.selectByFormulaId - [debug,135] - ==>  Preparing: select id, formula_id, herb_name, dosage, unit, sort_order, notes, herb_dict_id from tcm_formula_item where formula_id = ? order by sort_order asc
23:04:18.407 [http-nio-8006-exec-7] DEBUG c.r.h.m.T.selectByFormulaId - [debug,135] - ==> Parameters: formula-37(String)
23:04:18.407 [http-nio-8006-exec-7] DEBUG c.r.h.m.T.selectByFormulaId - [debug,135] - <==      Total: 6
23:04:18.407 [http-nio-8006-exec-7] DEBUG c.r.h.m.T.selectByFormulaId - [debug,135] - ==>  Preparing: select id, formula_id, herb_name, dosage, unit, sort_order, notes, herb_dict_id from tcm_formula_item where formula_id = ? order by sort_order asc
23:04:18.407 [http-nio-8006-exec-7] DEBUG c.r.h.m.T.selectByFormulaId - [debug,135] - ==> Parameters: formula-38(String)
23:04:18.409 [http-nio-8006-exec-7] DEBUG c.r.h.m.T.selectByFormulaId - [debug,135] - <==      Total: 0
23:04:18.409 [http-nio-8006-exec-7] DEBUG c.r.h.m.T.selectByFormulaId - [debug,135] - ==>  Preparing: select id, formula_id, herb_name, dosage, unit, sort_order, notes, herb_dict_id from tcm_formula_item where formula_id = ? order by sort_order asc
23:04:18.409 [http-nio-8006-exec-7] DEBUG c.r.h.m.T.selectByFormulaId - [debug,135] - ==> Parameters: formula-39(String)
23:04:18.411 [http-nio-8006-exec-7] DEBUG c.r.h.m.T.selectByFormulaId - [debug,135] - <==      Total: 0
23:04:18.411 [http-nio-8006-exec-7] DEBUG c.r.h.m.T.selectByFormulaId - [debug,135] - ==>  Preparing: select id, formula_id, herb_name, dosage, unit, sort_order, notes, herb_dict_id from tcm_formula_item where formula_id = ? order by sort_order asc
23:04:18.412 [http-nio-8006-exec-7] DEBUG c.r.h.m.T.selectByFormulaId - [debug,135] - ==> Parameters: formula-4(String)
23:04:18.412 [http-nio-8006-exec-7] DEBUG c.r.h.m.T.selectByFormulaId - [debug,135] - <==      Total: 8
23:04:18.413 [http-nio-8006-exec-7] DEBUG c.r.h.m.T.selectByFormulaId - [debug,135] - ==>  Preparing: select id, formula_id, herb_name, dosage, unit, sort_order, notes, herb_dict_id from tcm_formula_item where formula_id = ? order by sort_order asc
23:04:18.413 [http-nio-8006-exec-7] DEBUG c.r.h.m.T.selectByFormulaId - [debug,135] - ==> Parameters: formula-40(String)
23:04:18.414 [http-nio-8006-exec-7] DEBUG c.r.h.m.T.selectByFormulaId - [debug,135] - <==      Total: 0
23:04:18.414 [http-nio-8006-exec-7] DEBUG c.r.h.m.T.selectByFormulaId - [debug,135] - ==>  Preparing: select id, formula_id, herb_name, dosage, unit, sort_order, notes, herb_dict_id from tcm_formula_item where formula_id = ? order by sort_order asc
23:04:18.414 [http-nio-8006-exec-7] DEBUG c.r.h.m.T.selectByFormulaId - [debug,135] - ==> Parameters: formula-41(String)
23:04:18.414 [http-nio-8006-exec-7] DEBUG c.r.h.m.T.selectByFormulaId - [debug,135] - <==      Total: 0
23:04:18.416 [http-nio-8006-exec-7] DEBUG c.r.h.m.T.selectByFormulaId - [debug,135] - ==>  Preparing: select id, formula_id, herb_name, dosage, unit, sort_order, notes, herb_dict_id from tcm_formula_item where formula_id = ? order by sort_order asc
23:04:18.416 [http-nio-8006-exec-7] DEBUG c.r.h.m.T.selectByFormulaId - [debug,135] - ==> Parameters: formula-42(String)
23:04:18.417 [http-nio-8006-exec-7] DEBUG c.r.h.m.T.selectByFormulaId - [debug,135] - <==      Total: 0
23:04:18.417 [http-nio-8006-exec-7] DEBUG c.r.h.m.T.selectByFormulaId - [debug,135] - ==>  Preparing: select id, formula_id, herb_name, dosage, unit, sort_order, notes, herb_dict_id from tcm_formula_item where formula_id = ? order by sort_order asc
23:04:18.417 [http-nio-8006-exec-7] DEBUG c.r.h.m.T.selectByFormulaId - [debug,135] - ==> Parameters: formula-43(String)
23:04:18.418 [http-nio-8006-exec-7] DEBUG c.r.h.m.T.selectByFormulaId - [debug,135] - <==      Total: 0
23:04:18.418 [http-nio-8006-exec-7] DEBUG c.r.h.m.T.selectByFormulaId - [debug,135] - ==>  Preparing: select id, formula_id, herb_name, dosage, unit, sort_order, notes, herb_dict_id from tcm_formula_item where formula_id = ? order by sort_order asc
23:04:18.419 [http-nio-8006-exec-7] DEBUG c.r.h.m.T.selectByFormulaId - [debug,135] - ==> Parameters: formula-44(String)
23:04:18.419 [http-nio-8006-exec-7] DEBUG c.r.h.m.T.selectByFormulaId - [debug,135] - <==      Total: 0
23:04:18.419 [http-nio-8006-exec-7] DEBUG c.r.h.m.T.selectByFormulaId - [debug,135] - ==>  Preparing: select id, formula_id, herb_name, dosage, unit, sort_order, notes, herb_dict_id from tcm_formula_item where formula_id = ? order by sort_order asc
23:04:18.419 [http-nio-8006-exec-7] DEBUG c.r.h.m.T.selectByFormulaId - [debug,135] - ==> Parameters: formula-45(String)
23:04:18.420 [http-nio-8006-exec-7] DEBUG c.r.h.m.T.selectByFormulaId - [debug,135] - <==      Total: 0
23:04:18.421 [http-nio-8006-exec-7] DEBUG c.r.h.m.T.selectByFormulaId - [debug,135] - ==>  Preparing: select id, formula_id, herb_name, dosage, unit, sort_order, notes, herb_dict_id from tcm_formula_item where formula_id = ? order by sort_order asc
23:04:18.421 [http-nio-8006-exec-7] DEBUG c.r.h.m.T.selectByFormulaId - [debug,135] - ==> Parameters: formula-46(String)
23:04:18.422 [http-nio-8006-exec-7] DEBUG c.r.h.m.T.selectByFormulaId - [debug,135] - <==      Total: 0
23:04:18.422 [http-nio-8006-exec-7] DEBUG c.r.h.m.T.selectByFormulaId - [debug,135] - ==>  Preparing: select id, formula_id, herb_name, dosage, unit, sort_order, notes, herb_dict_id from tcm_formula_item where formula_id = ? order by sort_order asc
23:04:18.422 [http-nio-8006-exec-7] DEBUG c.r.h.m.T.selectByFormulaId - [debug,135] - ==> Parameters: formula-47(String)
23:04:18.422 [http-nio-8006-exec-7] DEBUG c.r.h.m.T.selectByFormulaId - [debug,135] - <==      Total: 0
23:04:18.423 [http-nio-8006-exec-7] DEBUG c.r.h.m.T.selectByFormulaId - [debug,135] - ==>  Preparing: select id, formula_id, herb_name, dosage, unit, sort_order, notes, herb_dict_id from tcm_formula_item where formula_id = ? order by sort_order asc
23:04:18.423 [http-nio-8006-exec-7] DEBUG c.r.h.m.T.selectByFormulaId - [debug,135] - ==> Parameters: formula-48(String)
23:04:18.424 [http-nio-8006-exec-7] DEBUG c.r.h.m.T.selectByFormulaId - [debug,135] - <==      Total: 0
23:04:18.424 [http-nio-8006-exec-7] DEBUG c.r.h.m.T.selectByFormulaId - [debug,135] - ==>  Preparing: select id, formula_id, herb_name, dosage, unit, sort_order, notes, herb_dict_id from tcm_formula_item where formula_id = ? order by sort_order asc
23:04:18.425 [http-nio-8006-exec-7] DEBUG c.r.h.m.T.selectByFormulaId - [debug,135] - ==> Parameters: formula-49(String)
23:04:18.426 [http-nio-8006-exec-7] DEBUG c.r.h.m.T.selectByFormulaId - [debug,135] - <==      Total: 0
23:04:18.426 [http-nio-8006-exec-7] DEBUG c.r.h.m.T.selectByFormulaId - [debug,135] - ==>  Preparing: select id, formula_id, herb_name, dosage, unit, sort_order, notes, herb_dict_id from tcm_formula_item where formula_id = ? order by sort_order asc
23:04:18.426 [http-nio-8006-exec-7] DEBUG c.r.h.m.T.selectByFormulaId - [debug,135] - ==> Parameters: formula-5(String)
23:04:18.427 [http-nio-8006-exec-7] DEBUG c.r.h.m.T.selectByFormulaId - [debug,135] - <==      Total: 8
23:04:18.428 [http-nio-8006-exec-7] DEBUG c.r.h.m.T.selectByFormulaId - [debug,135] - ==>  Preparing: select id, formula_id, herb_name, dosage, unit, sort_order, notes, herb_dict_id from tcm_formula_item where formula_id = ? order by sort_order asc
23:04:18.428 [http-nio-8006-exec-7] DEBUG c.r.h.m.T.selectByFormulaId - [debug,135] - ==> Parameters: formula-50(String)
23:04:18.429 [http-nio-8006-exec-7] DEBUG c.r.h.m.T.selectByFormulaId - [debug,135] - <==      Total: 7
23:04:18.429 [http-nio-8006-exec-7] DEBUG c.r.h.m.T.selectByFormulaId - [debug,135] - ==>  Preparing: select id, formula_id, herb_name, dosage, unit, sort_order, notes, herb_dict_id from tcm_formula_item where formula_id = ? order by sort_order asc
23:04:18.429 [http-nio-8006-exec-7] DEBUG c.r.h.m.T.selectByFormulaId - [debug,135] - ==> Parameters: formula-6(String)
23:04:18.430 [http-nio-8006-exec-7] DEBUG c.r.h.m.T.selectByFormulaId - [debug,135] - <==      Total: 7
23:04:18.431 [http-nio-8006-exec-7] DEBUG c.r.h.m.T.selectByFormulaId - [debug,135] - ==>  Preparing: select id, formula_id, herb_name, dosage, unit, sort_order, notes, herb_dict_id from tcm_formula_item where formula_id = ? order by sort_order asc
23:04:18.431 [http-nio-8006-exec-7] DEBUG c.r.h.m.T.selectByFormulaId - [debug,135] - ==> Parameters: formula-7(String)
23:04:18.432 [http-nio-8006-exec-7] DEBUG c.r.h.m.T.selectByFormulaId - [debug,135] - <==      Total: 5
23:04:18.432 [http-nio-8006-exec-7] DEBUG c.r.h.m.T.selectByFormulaId - [debug,135] - ==>  Preparing: select id, formula_id, herb_name, dosage, unit, sort_order, notes, herb_dict_id from tcm_formula_item where formula_id = ? order by sort_order asc
23:04:18.433 [http-nio-8006-exec-7] DEBUG c.r.h.m.T.selectByFormulaId - [debug,135] - ==> Parameters: formula-8(String)
23:04:18.433 [http-nio-8006-exec-7] DEBUG c.r.h.m.T.selectByFormulaId - [debug,135] - <==      Total: 8
23:04:18.433 [http-nio-8006-exec-7] DEBUG c.r.h.m.T.selectByFormulaId - [debug,135] - ==>  Preparing: select id, formula_id, herb_name, dosage, unit, sort_order, notes, herb_dict_id from tcm_formula_item where formula_id = ? order by sort_order asc
23:04:18.434 [http-nio-8006-exec-7] DEBUG c.r.h.m.T.selectByFormulaId - [debug,135] - ==> Parameters: formula-9(String)
23:04:18.434 [http-nio-8006-exec-7] DEBUG c.r.h.m.T.selectByFormulaId - [debug,135] - <==      Total: 4
23:04:18.436 [http-nio-8006-exec-7] DEBUG c.r.h.m.T.selectTcmSupplierList - [debug,135] - ==>  Preparing: select id, name, contact_person, phone, email, address, notes, is_active, deleted_at, create_time, update_time from tcm_supplier WHERE deleted_at IS NULL order by create_time desc
23:04:18.436 [http-nio-8006-exec-7] DEBUG c.r.h.m.T.selectTcmSupplierList - [debug,135] - ==> Parameters: 
23:04:18.437 [http-nio-8006-exec-7] DEBUG c.r.h.m.T.selectTcmSupplierList - [debug,135] - <==      Total: 4
23:04:18.437 [http-nio-8006-exec-7] DEBUG c.r.h.m.T.selectTcmAcupointList - [debug,135] - ==>  Preparing: select id, name, pinyin, english_name, meridian, location, indication, method, notes, is_active, deleted_at, create_time, update_time from tcm_acupoint WHERE deleted_at IS NULL order by name asc
23:04:18.438 [http-nio-8006-exec-7] DEBUG c.r.h.m.T.selectTcmAcupointList - [debug,135] - ==> Parameters: 
23:04:18.440 [http-nio-8006-exec-7] DEBUG c.r.h.m.T.selectTcmAcupointList - [debug,135] - <==      Total: 100
23:04:18.441 [http-nio-8006-exec-7] DEBUG c.r.h.m.T.selectAll - [debug,135] - ==>  Preparing: select id, from_unit, to_unit, factor, notes, create_time from tcm_unit_conversion order by from_unit, to_unit
23:04:18.441 [http-nio-8006-exec-7] DEBUG c.r.h.m.T.selectAll - [debug,135] - ==> Parameters: 
23:04:18.442 [http-nio-8006-exec-7] DEBUG c.r.h.m.T.selectAll - [debug,135] - <==      Total: 16
23:04:18.443 [http-nio-8006-exec-7] DEBUG c.r.h.m.T.selectTcmHerbDictList - [debug,135] - ==>  Preparing: select id, name, alias, pinyin, category, nature, taste, meridian_tropism, efficacy, indication, dosage_range, contraindication, notes, is_active, deleted_at, create_time, update_time from tcm_herb_dict WHERE deleted_at IS NULL order by category asc, name asc
23:04:18.443 [http-nio-8006-exec-7] DEBUG c.r.h.m.T.selectTcmHerbDictList - [debug,135] - ==> Parameters: 
23:04:18.446 [http-nio-8006-exec-7] DEBUG c.r.h.m.T.selectTcmHerbDictList - [debug,135] - <==      Total: 80
23:04:18.447 [http-nio-8006-exec-7] DEBUG c.r.h.m.T.selectTcmMeridianList - [debug,135] - ==>  Preparing: select id, name, english_name, abbr, category, organ, pathway, acupoint_count, indication, notes, is_active, deleted_at, create_time, update_time from tcm_meridian WHERE deleted_at IS NULL order by id asc
23:04:18.447 [http-nio-8006-exec-7] DEBUG c.r.h.m.T.selectTcmMeridianList - [debug,135] - ==> Parameters: 
23:04:18.451 [http-nio-8006-exec-7] DEBUG c.r.h.m.T.selectTcmMeridianList - [debug,135] - <==      Total: 14
23:04:18.452 [http-nio-8006-exec-7] DEBUG c.r.h.m.T.selectTcmTreatmentTemplateList - [debug,135] - ==>  Preparing: select id, name, disease, category, description, acupoints_json, formula_ids, advice, notes, is_active, deleted_at, create_time, update_time from tcm_treatment_template WHERE deleted_at IS NULL order by category asc, name asc
23:04:18.452 [http-nio-8006-exec-7] DEBUG c.r.h.m.T.selectTcmTreatmentTemplateList - [debug,135] - ==> Parameters: 
23:04:18.454 [http-nio-8006-exec-7] DEBUG c.r.h.m.T.selectTcmTreatmentTemplateList - [debug,135] - <==      Total: 10
23:04:18.581 [http-nio-8006-exec-8] DEBUG c.r.h.m.T.selectTcmInventoryItemList - [debug,135] - ==>  Preparing: select id, name, category, unit, quantity, price_per_unit, min_stock_level, supplier, supplier_id, grams_per_packet, branch_id, is_active, deleted_at, herb_dict_id, payload, create_time, update_time from tcm_inventory_item WHERE deleted_at IS NULL
23:04:18.582 [http-nio-8006-exec-8] DEBUG c.r.h.m.T.selectTcmInventoryItemList - [debug,135] - ==> Parameters: 
23:04:18.584 [http-nio-8006-exec-8] DEBUG c.r.h.m.T.selectTcmInventoryItemList - [debug,135] - <==      Total: 13
23:04:18.649 [http-nio-8006-exec-9] DEBUG c.r.s.m.S.selectUserList - [debug,135] - ==>  Preparing: select u.user_id, u.dept_id, u.nick_name, u.user_name, u.email, u.avatar, u.phonenumber, u.sex, u.status, u.del_flag, u.login_ip, u.login_date, u.create_by, u.create_time, u.remark, d.dept_name, d.leader from sys_user u left join sys_dept d on u.dept_id = d.dept_id where u.del_flag = '0'
23:04:18.650 [http-nio-8006-exec-9] DEBUG c.r.s.m.S.selectUserList - [debug,135] - ==> Parameters: 
23:04:18.652 [http-nio-8006-exec-9] DEBUG c.r.s.m.S.selectUserList - [debug,135] - <==      Total: 8
23:04:18.652 [http-nio-8006-exec-9] DEBUG c.r.s.m.S.selectUserById - [debug,135] - ==>  Preparing: select u.user_id, u.dept_id, u.user_name, u.nick_name, u.email, u.avatar, u.phonenumber, u.password, u.sex, u.status, u.del_flag, u.login_ip, u.login_date, u.pwd_update_date, u.create_by, u.create_time, u.remark, d.dept_id, d.parent_id, d.ancestors, d.dept_name, d.order_num, d.leader, d.status as dept_status, r.role_id, r.role_name, r.role_key, r.role_sort, r.data_scope, r.status as role_status from sys_user u left join sys_dept d on u.dept_id = d.dept_id left join sys_user_role ur on u.user_id = ur.user_id left join sys_role r on r.role_id = ur.role_id where u.user_id = ? and u.del_flag = '0'
23:04:18.653 [http-nio-8006-exec-9] DEBUG c.r.s.m.S.selectUserById - [debug,135] - ==> Parameters: 1(Long)
23:04:18.654 [http-nio-8006-exec-9] DEBUG c.r.s.m.S.selectUserById - [debug,135] - <==      Total: 1
23:04:18.655 [http-nio-8006-exec-9] DEBUG c.r.s.m.S.selectUserById - [debug,135] - ==>  Preparing: select u.user_id, u.dept_id, u.user_name, u.nick_name, u.email, u.avatar, u.phonenumber, u.password, u.sex, u.status, u.del_flag, u.login_ip, u.login_date, u.pwd_update_date, u.create_by, u.create_time, u.remark, d.dept_id, d.parent_id, d.ancestors, d.dept_name, d.order_num, d.leader, d.status as dept_status, r.role_id, r.role_name, r.role_key, r.role_sort, r.data_scope, r.status as role_status from sys_user u left join sys_dept d on u.dept_id = d.dept_id left join sys_user_role ur on u.user_id = ur.user_id left join sys_role r on r.role_id = ur.role_id where u.user_id = ? and u.del_flag = '0'
23:04:18.655 [http-nio-8006-exec-9] DEBUG c.r.s.m.S.selectUserById - [debug,135] - ==> Parameters: 2(Long)
23:04:18.657 [http-nio-8006-exec-9] DEBUG c.r.s.m.S.selectUserById - [debug,135] - <==      Total: 1
23:04:18.657 [http-nio-8006-exec-9] DEBUG c.r.s.m.S.selectUserById - [debug,135] - ==>  Preparing: select u.user_id, u.dept_id, u.user_name, u.nick_name, u.email, u.avatar, u.phonenumber, u.password, u.sex, u.status, u.del_flag, u.login_ip, u.login_date, u.pwd_update_date, u.create_by, u.create_time, u.remark, d.dept_id, d.parent_id, d.ancestors, d.dept_name, d.order_num, d.leader, d.status as dept_status, r.role_id, r.role_name, r.role_key, r.role_sort, r.data_scope, r.status as role_status from sys_user u left join sys_dept d on u.dept_id = d.dept_id left join sys_user_role ur on u.user_id = ur.user_id left join sys_role r on r.role_id = ur.role_id where u.user_id = ? and u.del_flag = '0'
23:04:18.658 [http-nio-8006-exec-9] DEBUG c.r.s.m.S.selectUserById - [debug,135] - ==> Parameters: 100(Long)
23:04:18.659 [http-nio-8006-exec-9] DEBUG c.r.s.m.S.selectUserById - [debug,135] - <==      Total: 1
23:04:18.659 [http-nio-8006-exec-9] DEBUG c.r.s.m.S.selectUserById - [debug,135] - ==>  Preparing: select u.user_id, u.dept_id, u.user_name, u.nick_name, u.email, u.avatar, u.phonenumber, u.password, u.sex, u.status, u.del_flag, u.login_ip, u.login_date, u.pwd_update_date, u.create_by, u.create_time, u.remark, d.dept_id, d.parent_id, d.ancestors, d.dept_name, d.order_num, d.leader, d.status as dept_status, r.role_id, r.role_name, r.role_key, r.role_sort, r.data_scope, r.status as role_status from sys_user u left join sys_dept d on u.dept_id = d.dept_id left join sys_user_role ur on u.user_id = ur.user_id left join sys_role r on r.role_id = ur.role_id where u.user_id = ? and u.del_flag = '0'
23:04:18.659 [http-nio-8006-exec-9] DEBUG c.r.s.m.S.selectUserById - [debug,135] - ==> Parameters: 101(Long)
23:04:18.660 [http-nio-8006-exec-9] DEBUG c.r.s.m.S.selectUserById - [debug,135] - <==      Total: 1
23:04:18.661 [http-nio-8006-exec-9] DEBUG c.r.s.m.S.selectUserById - [debug,135] - ==>  Preparing: select u.user_id, u.dept_id, u.user_name, u.nick_name, u.email, u.avatar, u.phonenumber, u.password, u.sex, u.status, u.del_flag, u.login_ip, u.login_date, u.pwd_update_date, u.create_by, u.create_time, u.remark, d.dept_id, d.parent_id, d.ancestors, d.dept_name, d.order_num, d.leader, d.status as dept_status, r.role_id, r.role_name, r.role_key, r.role_sort, r.data_scope, r.status as role_status from sys_user u left join sys_dept d on u.dept_id = d.dept_id left join sys_user_role ur on u.user_id = ur.user_id left join sys_role r on r.role_id = ur.role_id where u.user_id = ? and u.del_flag = '0'
23:04:18.661 [http-nio-8006-exec-9] DEBUG c.r.s.m.S.selectUserById - [debug,135] - ==> Parameters: 102(Long)
23:04:18.662 [http-nio-8006-exec-9] DEBUG c.r.s.m.S.selectUserById - [debug,135] - <==      Total: 1
23:04:18.663 [http-nio-8006-exec-9] DEBUG c.r.s.m.S.selectUserById - [debug,135] - ==>  Preparing: select u.user_id, u.dept_id, u.user_name, u.nick_name, u.email, u.avatar, u.phonenumber, u.password, u.sex, u.status, u.del_flag, u.login_ip, u.login_date, u.pwd_update_date, u.create_by, u.create_time, u.remark, d.dept_id, d.parent_id, d.ancestors, d.dept_name, d.order_num, d.leader, d.status as dept_status, r.role_id, r.role_name, r.role_key, r.role_sort, r.data_scope, r.status as role_status from sys_user u left join sys_dept d on u.dept_id = d.dept_id left join sys_user_role ur on u.user_id = ur.user_id left join sys_role r on r.role_id = ur.role_id where u.user_id = ? and u.del_flag = '0'
23:04:18.663 [http-nio-8006-exec-9] DEBUG c.r.s.m.S.selectUserById - [debug,135] - ==> Parameters: 103(Long)
23:04:18.664 [http-nio-8006-exec-9] DEBUG c.r.s.m.S.selectUserById - [debug,135] - <==      Total: 1
23:04:18.664 [http-nio-8006-exec-9] DEBUG c.r.s.m.S.selectUserById - [debug,135] - ==>  Preparing: select u.user_id, u.dept_id, u.user_name, u.nick_name, u.email, u.avatar, u.phonenumber, u.password, u.sex, u.status, u.del_flag, u.login_ip, u.login_date, u.pwd_update_date, u.create_by, u.create_time, u.remark, d.dept_id, d.parent_id, d.ancestors, d.dept_name, d.order_num, d.leader, d.status as dept_status, r.role_id, r.role_name, r.role_key, r.role_sort, r.data_scope, r.status as role_status from sys_user u left join sys_dept d on u.dept_id = d.dept_id left join sys_user_role ur on u.user_id = ur.user_id left join sys_role r on r.role_id = ur.role_id where u.user_id = ? and u.del_flag = '0'
23:04:18.664 [http-nio-8006-exec-9] DEBUG c.r.s.m.S.selectUserById - [debug,135] - ==> Parameters: 104(Long)
23:04:18.666 [http-nio-8006-exec-9] DEBUG c.r.s.m.S.selectUserById - [debug,135] - <==      Total: 1
23:04:18.667 [http-nio-8006-exec-9] DEBUG c.r.s.m.S.selectUserById - [debug,135] - ==>  Preparing: select u.user_id, u.dept_id, u.user_name, u.nick_name, u.email, u.avatar, u.phonenumber, u.password, u.sex, u.status, u.del_flag, u.login_ip, u.login_date, u.pwd_update_date, u.create_by, u.create_time, u.remark, d.dept_id, d.parent_id, d.ancestors, d.dept_name, d.order_num, d.leader, d.status as dept_status, r.role_id, r.role_name, r.role_key, r.role_sort, r.data_scope, r.status as role_status from sys_user u left join sys_dept d on u.dept_id = d.dept_id left join sys_user_role ur on u.user_id = ur.user_id left join sys_role r on r.role_id = ur.role_id where u.user_id = ? and u.del_flag = '0'
23:04:18.667 [http-nio-8006-exec-9] DEBUG c.r.s.m.S.selectUserById - [debug,135] - ==> Parameters: 105(Long)
23:04:18.668 [http-nio-8006-exec-9] DEBUG c.r.s.m.S.selectUserById - [debug,135] - <==      Total: 1
23:04:18.669 [http-nio-8006-exec-9] DEBUG c.r.h.m.T.selectTcmPatientList - [debug,135] - ==>  Preparing: select id, name, first_name, last_name, email, phone, practitioner_id, is_active, consent_signed, consent_signed_at, consent_token, consent_token_expires, merged_into, deleted_at, payload, create_time, update_time from tcm_patient
23:04:18.669 [http-nio-8006-exec-9] DEBUG c.r.h.m.T.selectTcmPatientList - [debug,135] - ==> Parameters: 
23:04:18.670 [http-nio-8006-exec-9] DEBUG c.r.h.m.T.selectTcmPatientList - [debug,135] - <==      Total: 3
23:04:18.671 [http-nio-8006-exec-9] DEBUG c.r.h.m.T.selectTcmAppointmentList - [debug,135] - ==>  Preparing: select id, patient_id, practitioner_id, room_id, service_type, start_time, end_time, status, branch_id, intake_token, intake_submitted, payload, create_time, update_time from tcm_appointment
23:04:18.671 [http-nio-8006-exec-9] DEBUG c.r.h.m.T.selectTcmAppointmentList - [debug,135] - ==> Parameters: 
23:04:18.672 [http-nio-8006-exec-9] DEBUG c.r.h.m.T.selectTcmAppointmentList - [debug,135] - <==      Total: 2
23:04:18.672 [http-nio-8006-exec-9] DEBUG c.r.h.m.T.selectTcmConsultationList - [debug,135] - ==>  Preparing: select id, consultation_id, patient_id, practitioner_id, consult_date, status, branch_id, locked_at, version, deleted_at, payload, create_time, update_time from tcm_consultation
23:04:18.673 [http-nio-8006-exec-9] DEBUG c.r.h.m.T.selectTcmConsultationList - [debug,135] - ==> Parameters: 
23:04:18.674 [http-nio-8006-exec-9] DEBUG c.r.h.m.T.selectTcmConsultationList - [debug,135] - <==      Total: 7
23:04:18.676 [http-nio-8006-exec-9] DEBUG c.r.h.m.T.selectTcmInventoryItemList - [debug,135] - ==>  Preparing: select id, name, category, unit, quantity, price_per_unit, min_stock_level, supplier, supplier_id, grams_per_packet, branch_id, is_active, deleted_at, herb_dict_id, payload, create_time, update_time from tcm_inventory_item WHERE deleted_at IS NULL
23:04:18.676 [http-nio-8006-exec-9] DEBUG c.r.h.m.T.selectTcmInventoryItemList - [debug,135] - ==> Parameters: 
23:04:18.677 [http-nio-8006-exec-9] DEBUG c.r.h.m.T.selectTcmInventoryItemList - [debug,135] - <==      Total: 13
23:04:18.677 [http-nio-8006-exec-9] DEBUG c.r.h.m.T.selectTcmBranchList - [debug,135] - ==>  Preparing: select id, name, code, address, phone, email, manager_id, is_active, is_main, room_ids, create_time, update_time from tcm_branch
23:04:18.677 [http-nio-8006-exec-9] DEBUG c.r.h.m.T.selectTcmBranchList - [debug,135] - ==> Parameters: 
23:04:18.678 [http-nio-8006-exec-9] DEBUG c.r.h.m.T.selectTcmBranchList - [debug,135] - <==      Total: 3
23:04:18.679 [http-nio-8006-exec-9] DEBUG c.r.h.m.T.selectAllSettings - [debug,135] - ==>  Preparing: select setting_key, setting_value, update_time from tcm_clinic_setting order by setting_key
23:04:18.679 [http-nio-8006-exec-9] DEBUG c.r.h.m.T.selectAllSettings - [debug,135] - ==> Parameters: 
23:04:18.680 [http-nio-8006-exec-9] DEBUG c.r.h.m.T.selectAllSettings - [debug,135] - <==      Total: 6
23:04:18.680 [http-nio-8006-exec-9] DEBUG c.r.h.m.T.selectTcmRoomList - [debug,135] - ==>  Preparing: select id, name, branch_id, is_active, create_time, update_time from tcm_room
23:04:18.680 [http-nio-8006-exec-9] DEBUG c.r.h.m.T.selectTcmRoomList - [debug,135] - ==> Parameters: 
23:04:18.681 [http-nio-8006-exec-9] DEBUG c.r.h.m.T.selectTcmRoomList - [debug,135] - <==      Total: 3
23:04:18.681 [http-nio-8006-exec-9] DEBUG c.r.h.m.T.selectTcmServiceTypeList - [debug,135] - ==>  Preparing: select service_key, label, duration, practitioner_time, room_required, default_price, update_time from tcm_service_type
23:04:18.682 [http-nio-8006-exec-9] DEBUG c.r.h.m.T.selectTcmServiceTypeList - [debug,135] - ==> Parameters: 
23:04:18.682 [http-nio-8006-exec-9] DEBUG c.r.h.m.T.selectTcmServiceTypeList - [debug,135] - <==      Total: 3
23:04:18.682 [http-nio-8006-exec-9] DEBUG c.r.h.m.T.selectTcmPriceListList - [debug,135] - ==>  Preparing: select id, name, effective_date, is_active, items_json, create_time, update_time from tcm_price_list
23:04:18.683 [http-nio-8006-exec-9] DEBUG c.r.h.m.T.selectTcmPriceListList - [debug,135] - ==> Parameters: 
23:04:18.683 [http-nio-8006-exec-9] DEBUG c.r.h.m.T.selectTcmPriceListList - [debug,135] - <==      Total: 1
23:04:18.684 [http-nio-8006-exec-9] DEBUG c.r.h.m.T.selectTcmEmailLogList - [debug,135] - ==>  Preparing: select id, to_email, subject, email_type, body, sent_at, payload, create_time from tcm_email_log order by id desc
23:04:18.684 [http-nio-8006-exec-9] DEBUG c.r.h.m.T.selectTcmEmailLogList - [debug,135] - ==> Parameters: 
23:04:18.685 [http-nio-8006-exec-9] DEBUG c.r.h.m.T.selectTcmEmailLogList - [debug,135] - <==      Total: 0
23:04:18.685 [http-nio-8006-exec-9] DEBUG c.r.h.m.T.selectTcmFormulaList - [debug,135] - ==>  Preparing: select id, name, category, description, source, is_active, deleted_at, create_time, update_time from tcm_formula WHERE deleted_at IS NULL order by create_time desc
23:04:18.685 [http-nio-8006-exec-9] DEBUG c.r.h.m.T.selectTcmFormulaList - [debug,135] - ==> Parameters: 
23:04:18.687 [http-nio-8006-exec-9] DEBUG c.r.h.m.T.selectTcmFormulaList - [debug,135] - <==      Total: 51
23:04:18.687 [http-nio-8006-exec-9] DEBUG c.r.h.m.T.selectByFormulaId - [debug,135] - ==>  Preparing: select id, formula_id, herb_name, dosage, unit, sort_order, notes, herb_dict_id from tcm_formula_item where formula_id = ? order by sort_order asc
23:04:18.687 [http-nio-8006-exec-9] DEBUG c.r.h.m.T.selectByFormulaId - [debug,135] - ==> Parameters: ecf8c626-94c4-4825-97d3-21c67adf9366(String)
23:04:18.688 [http-nio-8006-exec-9] DEBUG c.r.h.m.T.selectByFormulaId - [debug,135] - <==      Total: 1
23:04:18.689 [http-nio-8006-exec-9] DEBUG c.r.h.m.T.selectByFormulaId - [debug,135] - ==>  Preparing: select id, formula_id, herb_name, dosage, unit, sort_order, notes, herb_dict_id from tcm_formula_item where formula_id = ? order by sort_order asc
23:04:18.689 [http-nio-8006-exec-9] DEBUG c.r.h.m.T.selectByFormulaId - [debug,135] - ==> Parameters: formula-1(String)
23:04:18.690 [http-nio-8006-exec-9] DEBUG c.r.h.m.T.selectByFormulaId - [debug,135] - <==      Total: 4
23:04:18.690 [http-nio-8006-exec-9] DEBUG c.r.h.m.T.selectByFormulaId - [debug,135] - ==>  Preparing: select id, formula_id, herb_name, dosage, unit, sort_order, notes, herb_dict_id from tcm_formula_item where formula_id = ? order by sort_order asc
23:04:18.690 [http-nio-8006-exec-9] DEBUG c.r.h.m.T.selectByFormulaId - [debug,135] - ==> Parameters: formula-10(String)
23:04:18.691 [http-nio-8006-exec-9] DEBUG c.r.h.m.T.selectByFormulaId - [debug,135] - <==      Total: 5
23:04:18.691 [http-nio-8006-exec-9] DEBUG c.r.h.m.T.selectByFormulaId - [debug,135] - ==>  Preparing: select id, formula_id, herb_name, dosage, unit, sort_order, notes, herb_dict_id from tcm_formula_item where formula_id = ? order by sort_order asc
23:04:18.692 [http-nio-8006-exec-9] DEBUG c.r.h.m.T.selectByFormulaId - [debug,135] - ==> Parameters: formula-11(String)
23:04:18.692 [http-nio-8006-exec-9] DEBUG c.r.h.m.T.selectByFormulaId - [debug,135] - <==      Total: 4
23:04:18.692 [http-nio-8006-exec-9] DEBUG c.r.h.m.T.selectByFormulaId - [debug,135] - ==>  Preparing: select id, formula_id, herb_name, dosage, unit, sort_order, notes, herb_dict_id from tcm_formula_item where formula_id = ? order by sort_order asc
23:04:18.693 [http-nio-8006-exec-9] DEBUG c.r.h.m.T.selectByFormulaId - [debug,135] - ==> Parameters: formula-12(String)
23:04:18.693 [http-nio-8006-exec-9] DEBUG c.r.h.m.T.selectByFormulaId - [debug,135] - <==      Total: 0
23:04:18.694 [http-nio-8006-exec-9] DEBUG c.r.h.m.T.selectByFormulaId - [debug,135] - ==>  Preparing: select id, formula_id, herb_name, dosage, unit, sort_order, notes, herb_dict_id from tcm_formula_item where formula_id = ? order by sort_order asc
23:04:18.694 [http-nio-8006-exec-9] DEBUG c.r.h.m.T.selectByFormulaId - [debug,135] - ==> Parameters: formula-13(String)
23:04:18.694 [http-nio-8006-exec-9] DEBUG c.r.h.m.T.selectByFormulaId - [debug,135] - <==      Total: 0
23:04:18.695 [http-nio-8006-exec-9] DEBUG c.r.h.m.T.selectByFormulaId - [debug,135] - ==>  Preparing: select id, formula_id, herb_name, dosage, unit, sort_order, notes, herb_dict_id from tcm_formula_item where formula_id = ? order by sort_order asc
23:04:18.695 [http-nio-8006-exec-9] DEBUG c.r.h.m.T.selectByFormulaId - [debug,135] - ==> Parameters: formula-14(String)
23:04:18.696 [http-nio-8006-exec-9] DEBUG c.r.h.m.T.selectByFormulaId - [debug,135] - <==      Total: 0
23:04:18.696 [http-nio-8006-exec-9] DEBUG c.r.h.m.T.selectByFormulaId - [debug,135] - ==>  Preparing: select id, formula_id, herb_name, dosage, unit, sort_order, notes, herb_dict_id from tcm_formula_item where formula_id = ? order by sort_order asc
23:04:18.697 [http-nio-8006-exec-9] DEBUG c.r.h.m.T.selectByFormulaId - [debug,135] - ==> Parameters: formula-15(String)
23:04:18.697 [http-nio-8006-exec-9] DEBUG c.r.h.m.T.selectByFormulaId - [debug,135] - <==      Total: 7
23:04:18.697 [http-nio-8006-exec-9] DEBUG c.r.h.m.T.selectByFormulaId - [debug,135] - ==>  Preparing: select id, formula_id, herb_name, dosage, unit, sort_order, notes, herb_dict_id from tcm_formula_item where formula_id = ? order by sort_order asc
23:04:18.697 [http-nio-8006-exec-9] DEBUG c.r.h.m.T.selectByFormulaId - [debug,135] - ==> Parameters: formula-16(String)
23:04:18.697 [http-nio-8006-exec-9] DEBUG c.r.h.m.T.selectByFormulaId - [debug,135] - <==      Total: 0
23:04:18.699 [http-nio-8006-exec-9] DEBUG c.r.h.m.T.selectByFormulaId - [debug,135] - ==>  Preparing: select id, formula_id, herb_name, dosage, unit, sort_order, notes, herb_dict_id from tcm_formula_item where formula_id = ? order by sort_order asc
23:04:18.699 [http-nio-8006-exec-9] DEBUG c.r.h.m.T.selectByFormulaId - [debug,135] - ==> Parameters: formula-17(String)
23:04:18.699 [http-nio-8006-exec-9] DEBUG c.r.h.m.T.selectByFormulaId - [debug,135] - <==      Total: 4
23:04:18.699 [http-nio-8006-exec-9] DEBUG c.r.h.m.T.selectByFormulaId - [debug,135] - ==>  Preparing: select id, formula_id, herb_name, dosage, unit, sort_order, notes, herb_dict_id from tcm_formula_item where formula_id = ? order by sort_order asc
23:04:18.700 [http-nio-8006-exec-9] DEBUG c.r.h.m.T.selectByFormulaId - [debug,135] - ==> Parameters: formula-18(String)
23:04:18.700 [http-nio-8006-exec-9] DEBUG c.r.h.m.T.selectByFormulaId - [debug,135] - <==      Total: 3
23:04:18.701 [http-nio-8006-exec-9] DEBUG c.r.h.m.T.selectByFormulaId - [debug,135] - ==>  Preparing: select id, formula_id, herb_name, dosage, unit, sort_order, notes, herb_dict_id from tcm_formula_item where formula_id = ? order by sort_order asc
23:04:18.701 [http-nio-8006-exec-9] DEBUG c.r.h.m.T.selectByFormulaId - [debug,135] - ==> Parameters: formula-19(String)
23:04:18.701 [http-nio-8006-exec-9] DEBUG c.r.h.m.T.selectByFormulaId - [debug,135] - <==      Total: 0
23:04:18.702 [http-nio-8006-exec-9] DEBUG c.r.h.m.T.selectByFormulaId - [debug,135] - ==>  Preparing: select id, formula_id, herb_name, dosage, unit, sort_order, notes, herb_dict_id from tcm_formula_item where formula_id = ? order by sort_order asc
23:04:18.702 [http-nio-8006-exec-9] DEBUG c.r.h.m.T.selectByFormulaId - [debug,135] - ==> Parameters: formula-2(String)
23:04:18.703 [http-nio-8006-exec-9] DEBUG c.r.h.m.T.selectByFormulaId - [debug,135] - <==      Total: 6
23:04:18.703 [http-nio-8006-exec-9] DEBUG c.r.h.m.T.selectByFormulaId - [debug,135] - ==>  Preparing: select id, formula_id, herb_name, dosage, unit, sort_order, notes, herb_dict_id from tcm_formula_item where formula_id = ? order by sort_order asc
23:04:18.704 [http-nio-8006-exec-9] DEBUG c.r.h.m.T.selectByFormulaId - [debug,135] - ==> Parameters: formula-20(String)
23:04:18.704 [http-nio-8006-exec-9] DEBUG c.r.h.m.T.selectByFormulaId - [debug,135] - <==      Total: 0
23:04:18.704 [http-nio-8006-exec-9] DEBUG c.r.h.m.T.selectByFormulaId - [debug,135] - ==>  Preparing: select id, formula_id, herb_name, dosage, unit, sort_order, notes, herb_dict_id from tcm_formula_item where formula_id = ? order by sort_order asc
23:04:18.704 [http-nio-8006-exec-9] DEBUG c.r.h.m.T.selectByFormulaId - [debug,135] - ==> Parameters: formula-21(String)
23:04:18.706 [http-nio-8006-exec-9] DEBUG c.r.h.m.T.selectByFormulaId - [debug,135] - <==      Total: 4
23:04:18.706 [http-nio-8006-exec-9] DEBUG c.r.h.m.T.selectByFormulaId - [debug,135] - ==>  Preparing: select id, formula_id, herb_name, dosage, unit, sort_order, notes, herb_dict_id from tcm_formula_item where formula_id = ? order by sort_order asc
23:04:18.707 [http-nio-8006-exec-9] DEBUG c.r.h.m.T.selectByFormulaId - [debug,135] - ==> Parameters: formula-22(String)
23:04:18.707 [http-nio-8006-exec-9] DEBUG c.r.h.m.T.selectByFormulaId - [debug,135] - <==      Total: 0
23:04:18.708 [http-nio-8006-exec-9] DEBUG c.r.h.m.T.selectByFormulaId - [debug,135] - ==>  Preparing: select id, formula_id, herb_name, dosage, unit, sort_order, notes, herb_dict_id from tcm_formula_item where formula_id = ? order by sort_order asc
23:04:18.708 [http-nio-8006-exec-9] DEBUG c.r.h.m.T.selectByFormulaId - [debug,135] - ==> Parameters: formula-23(String)
23:04:18.709 [http-nio-8006-exec-9] DEBUG c.r.h.m.T.selectByFormulaId - [debug,135] - <==      Total: 0
23:04:18.709 [http-nio-8006-exec-9] DEBUG c.r.h.m.T.selectByFormulaId - [debug,135] - ==>  Preparing: select id, formula_id, herb_name, dosage, unit, sort_order, notes, herb_dict_id from tcm_formula_item where formula_id = ? order by sort_order asc
23:04:18.709 [http-nio-8006-exec-9] DEBUG c.r.h.m.T.selectByFormulaId - [debug,135] - ==> Parameters: formula-24(String)
23:04:18.709 [http-nio-8006-exec-9] DEBUG c.r.h.m.T.selectByFormulaId - [debug,135] - <==      Total: 5
23:04:18.710 [http-nio-8006-exec-9] DEBUG c.r.h.m.T.selectByFormulaId - [debug,135] - ==>  Preparing: select id, formula_id, herb_name, dosage, unit, sort_order, notes, herb_dict_id from tcm_formula_item where formula_id = ? order by sort_order asc
23:04:18.710 [http-nio-8006-exec-9] DEBUG c.r.h.m.T.selectByFormulaId - [debug,135] - ==> Parameters: formula-25(String)
23:04:18.711 [http-nio-8006-exec-9] DEBUG c.r.h.m.T.selectByFormulaId - [debug,135] - <==      Total: 0
23:04:18.711 [http-nio-8006-exec-9] DEBUG c.r.h.m.T.selectByFormulaId - [debug,135] - ==>  Preparing: select id, formula_id, herb_name, dosage, unit, sort_order, notes, herb_dict_id from tcm_formula_item where formula_id = ? order by sort_order asc
23:04:18.712 [http-nio-8006-exec-9] DEBUG c.r.h.m.T.selectByFormulaId - [debug,135] - ==> Parameters: formula-26(String)
23:04:18.712 [http-nio-8006-exec-9] DEBUG c.r.h.m.T.selectByFormulaId - [debug,135] - <==      Total: 0
23:04:18.712 [http-nio-8006-exec-9] DEBUG c.r.h.m.T.selectByFormulaId - [debug,135] - ==>  Preparing: select id, formula_id, herb_name, dosage, unit, sort_order, notes, herb_dict_id from tcm_formula_item where formula_id = ? order by sort_order asc
23:04:18.713 [http-nio-8006-exec-9] DEBUG c.r.h.m.T.selectByFormulaId - [debug,135] - ==> Parameters: formula-27(String)
23:04:18.713 [http-nio-8006-exec-9] DEBUG c.r.h.m.T.selectByFormulaId - [debug,135] - <==      Total: 0
23:04:18.714 [http-nio-8006-exec-9] DEBUG c.r.h.m.T.selectByFormulaId - [debug,135] - ==>  Preparing: select id, formula_id, herb_name, dosage, unit, sort_order, notes, herb_dict_id from tcm_formula_item where formula_id = ? order by sort_order asc
23:04:18.714 [http-nio-8006-exec-9] DEBUG c.r.h.m.T.selectByFormulaId - [debug,135] - ==> Parameters: formula-28(String)
23:04:18.715 [http-nio-8006-exec-9] DEBUG c.r.h.m.T.selectByFormulaId - [debug,135] - <==      Total: 0
23:04:18.715 [http-nio-8006-exec-9] DEBUG c.r.h.m.T.selectByFormulaId - [debug,135] - ==>  Preparing: select id, formula_id, herb_name, dosage, unit, sort_order, notes, herb_dict_id from tcm_formula_item where formula_id = ? order by sort_order asc
23:04:18.715 [http-nio-8006-exec-9] DEBUG c.r.h.m.T.selectByFormulaId - [debug,135] - ==> Parameters: formula-29(String)
23:04:18.716 [http-nio-8006-exec-9] DEBUG c.r.h.m.T.selectByFormulaId - [debug,135] - <==      Total: 8
23:04:18.716 [http-nio-8006-exec-9] DEBUG c.r.h.m.T.selectByFormulaId - [debug,135] - ==>  Preparing: select id, formula_id, herb_name, dosage, unit, sort_order, notes, herb_dict_id from tcm_formula_item where formula_id = ? order by sort_order asc
23:04:18.716 [http-nio-8006-exec-9] DEBUG c.r.h.m.T.selectByFormulaId - [debug,135] - ==> Parameters: formula-3(String)
23:04:18.717 [http-nio-8006-exec-9] DEBUG c.r.h.m.T.selectByFormulaId - [debug,135] - <==      Total: 8
23:04:18.717 [http-nio-8006-exec-9] DEBUG c.r.h.m.T.selectByFormulaId - [debug,135] - ==>  Preparing: select id, formula_id, herb_name, dosage, unit, sort_order, notes, herb_dict_id from tcm_formula_item where formula_id = ? order by sort_order asc
23:04:18.718 [http-nio-8006-exec-9] DEBUG c.r.h.m.T.selectByFormulaId - [debug,135] - ==> Parameters: formula-30(String)
23:04:18.718 [http-nio-8006-exec-9] DEBUG c.r.h.m.T.selectByFormulaId - [debug,135] - <==      Total: 0
23:04:18.719 [http-nio-8006-exec-9] DEBUG c.r.h.m.T.selectByFormulaId - [debug,135] - ==>  Preparing: select id, formula_id, herb_name, dosage, unit, sort_order, notes, herb_dict_id from tcm_formula_item where formula_id = ? order by sort_order asc
23:04:18.719 [http-nio-8006-exec-9] DEBUG c.r.h.m.T.selectByFormulaId - [debug,135] - ==> Parameters: formula-31(String)
23:04:18.719 [http-nio-8006-exec-9] DEBUG c.r.h.m.T.selectByFormulaId - [debug,135] - <==      Total: 5
23:04:18.720 [http-nio-8006-exec-9] DEBUG c.r.h.m.T.selectByFormulaId - [debug,135] - ==>  Preparing: select id, formula_id, herb_name, dosage, unit, sort_order, notes, herb_dict_id from tcm_formula_item where formula_id = ? order by sort_order asc
23:04:18.720 [http-nio-8006-exec-9] DEBUG c.r.h.m.T.selectByFormulaId - [debug,135] - ==> Parameters: formula-32(String)
23:04:18.720 [http-nio-8006-exec-9] DEBUG c.r.h.m.T.selectByFormulaId - [debug,135] - <==      Total: 0
23:04:18.721 [http-nio-8006-exec-9] DEBUG c.r.h.m.T.selectByFormulaId - [debug,135] - ==>  Preparing: select id, formula_id, herb_name, dosage, unit, sort_order, notes, herb_dict_id from tcm_formula_item where formula_id = ? order by sort_order asc
23:04:18.721 [http-nio-8006-exec-9] DEBUG c.r.h.m.T.selectByFormulaId - [debug,135] - ==> Parameters: formula-33(String)
23:04:18.722 [http-nio-8006-exec-9] DEBUG c.r.h.m.T.selectByFormulaId - [debug,135] - <==      Total: 3
23:04:18.722 [http-nio-8006-exec-9] DEBUG c.r.h.m.T.selectByFormulaId - [debug,135] - ==>  Preparing: select id, formula_id, herb_name, dosage, unit, sort_order, notes, herb_dict_id from tcm_formula_item where formula_id = ? order by sort_order asc
23:04:18.722 [http-nio-8006-exec-9] DEBUG c.r.h.m.T.selectByFormulaId - [debug,135] - ==> Parameters: formula-34(String)
23:04:18.723 [http-nio-8006-exec-9] DEBUG c.r.h.m.T.selectByFormulaId - [debug,135] - <==      Total: 3
23:04:18.723 [http-nio-8006-exec-9] DEBUG c.r.h.m.T.selectByFormulaId - [debug,135] - ==>  Preparing: select id, formula_id, herb_name, dosage, unit, sort_order, notes, herb_dict_id from tcm_formula_item where formula_id = ? order by sort_order asc
23:04:18.723 [http-nio-8006-exec-9] DEBUG c.r.h.m.T.selectByFormulaId - [debug,135] - ==> Parameters: formula-35(String)
23:04:18.724 [http-nio-8006-exec-9] DEBUG c.r.h.m.T.selectByFormulaId - [debug,135] - <==      Total: 4
23:04:18.725 [http-nio-8006-exec-9] DEBUG c.r.h.m.T.selectByFormulaId - [debug,135] - ==>  Preparing: select id, formula_id, herb_name, dosage, unit, sort_order, notes, herb_dict_id from tcm_formula_item where formula_id = ? order by sort_order asc
23:04:18.725 [http-nio-8006-exec-9] DEBUG c.r.h.m.T.selectByFormulaId - [debug,135] - ==> Parameters: formula-36(String)
23:04:18.726 [http-nio-8006-exec-9] DEBUG c.r.h.m.T.selectByFormulaId - [debug,135] - <==      Total: 0
23:04:18.726 [http-nio-8006-exec-9] DEBUG c.r.h.m.T.selectByFormulaId - [debug,135] - ==>  Preparing: select id, formula_id, herb_name, dosage, unit, sort_order, notes, herb_dict_id from tcm_formula_item where formula_id = ? order by sort_order asc
23:04:18.727 [http-nio-8006-exec-9] DEBUG c.r.h.m.T.selectByFormulaId - [debug,135] - ==> Parameters: formula-37(String)
23:04:18.727 [http-nio-8006-exec-9] DEBUG c.r.h.m.T.selectByFormulaId - [debug,135] - <==      Total: 6
23:04:18.728 [http-nio-8006-exec-9] DEBUG c.r.h.m.T.selectByFormulaId - [debug,135] - ==>  Preparing: select id, formula_id, herb_name, dosage, unit, sort_order, notes, herb_dict_id from tcm_formula_item where formula_id = ? order by sort_order asc
23:04:18.729 [http-nio-8006-exec-9] DEBUG c.r.h.m.T.selectByFormulaId - [debug,135] - ==> Parameters: formula-38(String)
23:04:18.729 [http-nio-8006-exec-9] DEBUG c.r.h.m.T.selectByFormulaId - [debug,135] - <==      Total: 0
23:04:18.730 [http-nio-8006-exec-9] DEBUG c.r.h.m.T.selectByFormulaId - [debug,135] - ==>  Preparing: select id, formula_id, herb_name, dosage, unit, sort_order, notes, herb_dict_id from tcm_formula_item where formula_id = ? order by sort_order asc
23:04:18.730 [http-nio-8006-exec-9] DEBUG c.r.h.m.T.selectByFormulaId - [debug,135] - ==> Parameters: formula-39(String)
23:04:18.731 [http-nio-8006-exec-9] DEBUG c.r.h.m.T.selectByFormulaId - [debug,135] - <==      Total: 0
23:04:18.731 [http-nio-8006-exec-9] DEBUG c.r.h.m.T.selectByFormulaId - [debug,135] - ==>  Preparing: select id, formula_id, herb_name, dosage, unit, sort_order, notes, herb_dict_id from tcm_formula_item where formula_id = ? order by sort_order asc
23:04:18.731 [http-nio-8006-exec-9] DEBUG c.r.h.m.T.selectByFormulaId - [debug,135] - ==> Parameters: formula-4(String)
23:04:18.732 [http-nio-8006-exec-9] DEBUG c.r.h.m.T.selectByFormulaId - [debug,135] - <==      Total: 8
23:04:18.732 [http-nio-8006-exec-9] DEBUG c.r.h.m.T.selectByFormulaId - [debug,135] - ==>  Preparing: select id, formula_id, herb_name, dosage, unit, sort_order, notes, herb_dict_id from tcm_formula_item where formula_id = ? order by sort_order asc
23:04:18.732 [http-nio-8006-exec-9] DEBUG c.r.h.m.T.selectByFormulaId - [debug,135] - ==> Parameters: formula-40(String)
23:04:18.733 [http-nio-8006-exec-9] DEBUG c.r.h.m.T.selectByFormulaId - [debug,135] - <==      Total: 0
23:04:18.733 [http-nio-8006-exec-9] DEBUG c.r.h.m.T.selectByFormulaId - [debug,135] - ==>  Preparing: select id, formula_id, herb_name, dosage, unit, sort_order, notes, herb_dict_id from tcm_formula_item where formula_id = ? order by sort_order asc
23:04:18.733 [http-nio-8006-exec-9] DEBUG c.r.h.m.T.selectByFormulaId - [debug,135] - ==> Parameters: formula-41(String)
23:04:18.734 [http-nio-8006-exec-9] DEBUG c.r.h.m.T.selectByFormulaId - [debug,135] - <==      Total: 0
23:04:18.734 [http-nio-8006-exec-9] DEBUG c.r.h.m.T.selectByFormulaId - [debug,135] - ==>  Preparing: select id, formula_id, herb_name, dosage, unit, sort_order, notes, herb_dict_id from tcm_formula_item where formula_id = ? order by sort_order asc
23:04:18.734 [http-nio-8006-exec-9] DEBUG c.r.h.m.T.selectByFormulaId - [debug,135] - ==> Parameters: formula-42(String)
23:04:18.735 [http-nio-8006-exec-9] DEBUG c.r.h.m.T.selectByFormulaId - [debug,135] - <==      Total: 0
23:04:18.735 [http-nio-8006-exec-9] DEBUG c.r.h.m.T.selectByFormulaId - [debug,135] - ==>  Preparing: select id, formula_id, herb_name, dosage, unit, sort_order, notes, herb_dict_id from tcm_formula_item where formula_id = ? order by sort_order asc
23:04:18.735 [http-nio-8006-exec-9] DEBUG c.r.h.m.T.selectByFormulaId - [debug,135] - ==> Parameters: formula-43(String)
23:04:18.736 [http-nio-8006-exec-9] DEBUG c.r.h.m.T.selectByFormulaId - [debug,135] - <==      Total: 0
23:04:18.736 [http-nio-8006-exec-9] DEBUG c.r.h.m.T.selectByFormulaId - [debug,135] - ==>  Preparing: select id, formula_id, herb_name, dosage, unit, sort_order, notes, herb_dict_id from tcm_formula_item where formula_id = ? order by sort_order asc
23:04:18.737 [http-nio-8006-exec-9] DEBUG c.r.h.m.T.selectByFormulaId - [debug,135] - ==> Parameters: formula-44(String)
23:04:18.737 [http-nio-8006-exec-9] DEBUG c.r.h.m.T.selectByFormulaId - [debug,135] - <==      Total: 0
23:04:18.738 [http-nio-8006-exec-9] DEBUG c.r.h.m.T.selectByFormulaId - [debug,135] - ==>  Preparing: select id, formula_id, herb_name, dosage, unit, sort_order, notes, herb_dict_id from tcm_formula_item where formula_id = ? order by sort_order asc
23:04:18.738 [http-nio-8006-exec-9] DEBUG c.r.h.m.T.selectByFormulaId - [debug,135] - ==> Parameters: formula-45(String)
23:04:18.738 [http-nio-8006-exec-9] DEBUG c.r.h.m.T.selectByFormulaId - [debug,135] - <==      Total: 0
23:04:18.739 [http-nio-8006-exec-9] DEBUG c.r.h.m.T.selectByFormulaId - [debug,135] - ==>  Preparing: select id, formula_id, herb_name, dosage, unit, sort_order, notes, herb_dict_id from tcm_formula_item where formula_id = ? order by sort_order asc
23:04:18.739 [http-nio-8006-exec-9] DEBUG c.r.h.m.T.selectByFormulaId - [debug,135] - ==> Parameters: formula-46(String)
23:04:18.739 [http-nio-8006-exec-9] DEBUG c.r.h.m.T.selectByFormulaId - [debug,135] - <==      Total: 0
23:04:18.739 [http-nio-8006-exec-9] DEBUG c.r.h.m.T.selectByFormulaId - [debug,135] - ==>  Preparing: select id, formula_id, herb_name, dosage, unit, sort_order, notes, herb_dict_id from tcm_formula_item where formula_id = ? order by sort_order asc
23:04:18.740 [http-nio-8006-exec-9] DEBUG c.r.h.m.T.selectByFormulaId - [debug,135] - ==> Parameters: formula-47(String)
23:04:18.740 [http-nio-8006-exec-9] DEBUG c.r.h.m.T.selectByFormulaId - [debug,135] - <==      Total: 0
23:04:18.741 [http-nio-8006-exec-9] DEBUG c.r.h.m.T.selectByFormulaId - [debug,135] - ==>  Preparing: select id, formula_id, herb_name, dosage, unit, sort_order, notes, herb_dict_id from tcm_formula_item where formula_id = ? order by sort_order asc
23:04:18.741 [http-nio-8006-exec-9] DEBUG c.r.h.m.T.selectByFormulaId - [debug,135] - ==> Parameters: formula-48(String)
23:04:18.741 [http-nio-8006-exec-9] DEBUG c.r.h.m.T.selectByFormulaId - [debug,135] - <==      Total: 0
23:04:18.742 [http-nio-8006-exec-9] DEBUG c.r.h.m.T.selectByFormulaId - [debug,135] - ==>  Preparing: select id, formula_id, herb_name, dosage, unit, sort_order, notes, herb_dict_id from tcm_formula_item where formula_id = ? order by sort_order asc
23:04:18.742 [http-nio-8006-exec-9] DEBUG c.r.h.m.T.selectByFormulaId - [debug,135] - ==> Parameters: formula-49(String)
23:04:18.743 [http-nio-8006-exec-9] DEBUG c.r.h.m.T.selectByFormulaId - [debug,135] - <==      Total: 0
23:04:18.743 [http-nio-8006-exec-9] DEBUG c.r.h.m.T.selectByFormulaId - [debug,135] - ==>  Preparing: select id, formula_id, herb_name, dosage, unit, sort_order, notes, herb_dict_id from tcm_formula_item where formula_id = ? order by sort_order asc
23:04:18.743 [http-nio-8006-exec-9] DEBUG c.r.h.m.T.selectByFormulaId - [debug,135] - ==> Parameters: formula-5(String)
23:04:18.744 [http-nio-8006-exec-9] DEBUG c.r.h.m.T.selectByFormulaId - [debug,135] - <==      Total: 8
23:04:18.744 [http-nio-8006-exec-9] DEBUG c.r.h.m.T.selectByFormulaId - [debug,135] - ==>  Preparing: select id, formula_id, herb_name, dosage, unit, sort_order, notes, herb_dict_id from tcm_formula_item where formula_id = ? order by sort_order asc
23:04:18.744 [http-nio-8006-exec-9] DEBUG c.r.h.m.T.selectByFormulaId - [debug,135] - ==> Parameters: formula-50(String)
23:04:18.746 [http-nio-8006-exec-9] DEBUG c.r.h.m.T.selectByFormulaId - [debug,135] - <==      Total: 7
23:04:18.746 [http-nio-8006-exec-9] DEBUG c.r.h.m.T.selectByFormulaId - [debug,135] - ==>  Preparing: select id, formula_id, herb_name, dosage, unit, sort_order, notes, herb_dict_id from tcm_formula_item where formula_id = ? order by sort_order asc
23:04:18.746 [http-nio-8006-exec-9] DEBUG c.r.h.m.T.selectByFormulaId - [debug,135] - ==> Parameters: formula-6(String)
23:04:18.747 [http-nio-8006-exec-9] DEBUG c.r.h.m.T.selectByFormulaId - [debug,135] - <==      Total: 7
23:04:18.748 [http-nio-8006-exec-9] DEBUG c.r.h.m.T.selectByFormulaId - [debug,135] - ==>  Preparing: select id, formula_id, herb_name, dosage, unit, sort_order, notes, herb_dict_id from tcm_formula_item where formula_id = ? order by sort_order asc
23:04:18.748 [http-nio-8006-exec-9] DEBUG c.r.h.m.T.selectByFormulaId - [debug,135] - ==> Parameters: formula-7(String)
23:04:18.749 [http-nio-8006-exec-9] DEBUG c.r.h.m.T.selectByFormulaId - [debug,135] - <==      Total: 5
23:04:18.749 [http-nio-8006-exec-9] DEBUG c.r.h.m.T.selectByFormulaId - [debug,135] - ==>  Preparing: select id, formula_id, herb_name, dosage, unit, sort_order, notes, herb_dict_id from tcm_formula_item where formula_id = ? order by sort_order asc
23:04:18.749 [http-nio-8006-exec-9] DEBUG c.r.h.m.T.selectByFormulaId - [debug,135] - ==> Parameters: formula-8(String)
23:04:18.750 [http-nio-8006-exec-9] DEBUG c.r.h.m.T.selectByFormulaId - [debug,135] - <==      Total: 8
23:04:18.750 [http-nio-8006-exec-9] DEBUG c.r.h.m.T.selectByFormulaId - [debug,135] - ==>  Preparing: select id, formula_id, herb_name, dosage, unit, sort_order, notes, herb_dict_id from tcm_formula_item where formula_id = ? order by sort_order asc
23:04:18.750 [http-nio-8006-exec-9] DEBUG c.r.h.m.T.selectByFormulaId - [debug,135] - ==> Parameters: formula-9(String)
23:04:18.751 [http-nio-8006-exec-9] DEBUG c.r.h.m.T.selectByFormulaId - [debug,135] - <==      Total: 4
23:04:18.752 [http-nio-8006-exec-9] DEBUG c.r.h.m.T.selectTcmSupplierList - [debug,135] - ==>  Preparing: select id, name, contact_person, phone, email, address, notes, is_active, deleted_at, create_time, update_time from tcm_supplier WHERE deleted_at IS NULL order by create_time desc
23:04:18.752 [http-nio-8006-exec-9] DEBUG c.r.h.m.T.selectTcmSupplierList - [debug,135] - ==> Parameters: 
23:04:18.753 [http-nio-8006-exec-9] DEBUG c.r.h.m.T.selectTcmSupplierList - [debug,135] - <==      Total: 4
23:04:18.753 [http-nio-8006-exec-9] DEBUG c.r.h.m.T.selectTcmAcupointList - [debug,135] - ==>  Preparing: select id, name, pinyin, english_name, meridian, location, indication, method, notes, is_active, deleted_at, create_time, update_time from tcm_acupoint WHERE deleted_at IS NULL order by name asc
23:04:18.753 [http-nio-8006-exec-9] DEBUG c.r.h.m.T.selectTcmAcupointList - [debug,135] - ==> Parameters: 
23:04:18.757 [http-nio-8006-exec-9] DEBUG c.r.h.m.T.selectTcmAcupointList - [debug,135] - <==      Total: 100
23:04:18.759 [http-nio-8006-exec-9] DEBUG c.r.h.m.T.selectAll - [debug,135] - ==>  Preparing: select id, from_unit, to_unit, factor, notes, create_time from tcm_unit_conversion order by from_unit, to_unit
23:04:18.759 [http-nio-8006-exec-9] DEBUG c.r.h.m.T.selectAll - [debug,135] - ==> Parameters: 
23:04:18.759 [http-nio-8006-exec-9] DEBUG c.r.h.m.T.selectAll - [debug,135] - <==      Total: 16
23:04:18.760 [http-nio-8006-exec-9] DEBUG c.r.h.m.T.selectTcmHerbDictList - [debug,135] - ==>  Preparing: select id, name, alias, pinyin, category, nature, taste, meridian_tropism, efficacy, indication, dosage_range, contraindication, notes, is_active, deleted_at, create_time, update_time from tcm_herb_dict WHERE deleted_at IS NULL order by category asc, name asc
23:04:18.760 [http-nio-8006-exec-9] DEBUG c.r.h.m.T.selectTcmHerbDictList - [debug,135] - ==> Parameters: 
23:04:18.764 [http-nio-8006-exec-9] DEBUG c.r.h.m.T.selectTcmHerbDictList - [debug,135] - <==      Total: 80
23:04:18.764 [http-nio-8006-exec-9] DEBUG c.r.h.m.T.selectTcmMeridianList - [debug,135] - ==>  Preparing: select id, name, english_name, abbr, category, organ, pathway, acupoint_count, indication, notes, is_active, deleted_at, create_time, update_time from tcm_meridian WHERE deleted_at IS NULL order by id asc
23:04:18.764 [http-nio-8006-exec-9] DEBUG c.r.h.m.T.selectTcmMeridianList - [debug,135] - ==> Parameters: 
23:04:18.766 [http-nio-8006-exec-9] DEBUG c.r.h.m.T.selectTcmMeridianList - [debug,135] - <==      Total: 14
23:04:18.767 [http-nio-8006-exec-9] DEBUG c.r.h.m.T.selectTcmTreatmentTemplateList - [debug,135] - ==>  Preparing: select id, name, disease, category, description, acupoints_json, formula_ids, advice, notes, is_active, deleted_at, create_time, update_time from tcm_treatment_template WHERE deleted_at IS NULL order by category asc, name asc
23:04:18.767 [http-nio-8006-exec-9] DEBUG c.r.h.m.T.selectTcmTreatmentTemplateList - [debug,135] - ==> Parameters: 
23:04:18.768 [http-nio-8006-exec-9] DEBUG c.r.h.m.T.selectTcmTreatmentTemplateList - [debug,135] - <==      Total: 10
23:04:18.787 [http-nio-8006-exec-10] DEBUG c.r.s.m.S.selectUserList - [debug,135] - ==>  Preparing: select u.user_id, u.dept_id, u.nick_name, u.user_name, u.email, u.avatar, u.phonenumber, u.sex, u.status, u.del_flag, u.login_ip, u.login_date, u.create_by, u.create_time, u.remark, d.dept_name, d.leader from sys_user u left join sys_dept d on u.dept_id = d.dept_id where u.del_flag = '0'
23:04:18.788 [http-nio-8006-exec-10] DEBUG c.r.s.m.S.selectUserList - [debug,135] - ==> Parameters: 
23:04:18.789 [http-nio-8006-exec-10] DEBUG c.r.s.m.S.selectUserList - [debug,135] - <==      Total: 8
23:04:18.790 [http-nio-8006-exec-10] DEBUG c.r.s.m.S.selectUserById - [debug,135] - ==>  Preparing: select u.user_id, u.dept_id, u.user_name, u.nick_name, u.email, u.avatar, u.phonenumber, u.password, u.sex, u.status, u.del_flag, u.login_ip, u.login_date, u.pwd_update_date, u.create_by, u.create_time, u.remark, d.dept_id, d.parent_id, d.ancestors, d.dept_name, d.order_num, d.leader, d.status as dept_status, r.role_id, r.role_name, r.role_key, r.role_sort, r.data_scope, r.status as role_status from sys_user u left join sys_dept d on u.dept_id = d.dept_id left join sys_user_role ur on u.user_id = ur.user_id left join sys_role r on r.role_id = ur.role_id where u.user_id = ? and u.del_flag = '0'
23:04:18.790 [http-nio-8006-exec-10] DEBUG c.r.s.m.S.selectUserById - [debug,135] - ==> Parameters: 1(Long)
23:04:18.792 [http-nio-8006-exec-10] DEBUG c.r.s.m.S.selectUserById - [debug,135] - <==      Total: 1
23:04:18.792 [http-nio-8006-exec-10] DEBUG c.r.s.m.S.selectUserById - [debug,135] - ==>  Preparing: select u.user_id, u.dept_id, u.user_name, u.nick_name, u.email, u.avatar, u.phonenumber, u.password, u.sex, u.status, u.del_flag, u.login_ip, u.login_date, u.pwd_update_date, u.create_by, u.create_time, u.remark, d.dept_id, d.parent_id, d.ancestors, d.dept_name, d.order_num, d.leader, d.status as dept_status, r.role_id, r.role_name, r.role_key, r.role_sort, r.data_scope, r.status as role_status from sys_user u left join sys_dept d on u.dept_id = d.dept_id left join sys_user_role ur on u.user_id = ur.user_id left join sys_role r on r.role_id = ur.role_id where u.user_id = ? and u.del_flag = '0'
23:04:18.793 [http-nio-8006-exec-10] DEBUG c.r.s.m.S.selectUserById - [debug,135] - ==> Parameters: 2(Long)
23:04:18.794 [http-nio-8006-exec-10] DEBUG c.r.s.m.S.selectUserById - [debug,135] - <==      Total: 1
23:04:18.794 [http-nio-8006-exec-10] DEBUG c.r.s.m.S.selectUserById - [debug,135] - ==>  Preparing: select u.user_id, u.dept_id, u.user_name, u.nick_name, u.email, u.avatar, u.phonenumber, u.password, u.sex, u.status, u.del_flag, u.login_ip, u.login_date, u.pwd_update_date, u.create_by, u.create_time, u.remark, d.dept_id, d.parent_id, d.ancestors, d.dept_name, d.order_num, d.leader, d.status as dept_status, r.role_id, r.role_name, r.role_key, r.role_sort, r.data_scope, r.status as role_status from sys_user u left join sys_dept d on u.dept_id = d.dept_id left join sys_user_role ur on u.user_id = ur.user_id left join sys_role r on r.role_id = ur.role_id where u.user_id = ? and u.del_flag = '0'
23:04:18.795 [http-nio-8006-exec-10] DEBUG c.r.s.m.S.selectUserById - [debug,135] - ==> Parameters: 100(Long)
23:04:18.797 [http-nio-8006-exec-10] DEBUG c.r.s.m.S.selectUserById - [debug,135] - <==      Total: 1
23:04:18.797 [http-nio-8006-exec-10] DEBUG c.r.s.m.S.selectUserById - [debug,135] - ==>  Preparing: select u.user_id, u.dept_id, u.user_name, u.nick_name, u.email, u.avatar, u.phonenumber, u.password, u.sex, u.status, u.del_flag, u.login_ip, u.login_date, u.pwd_update_date, u.create_by, u.create_time, u.remark, d.dept_id, d.parent_id, d.ancestors, d.dept_name, d.order_num, d.leader, d.status as dept_status, r.role_id, r.role_name, r.role_key, r.role_sort, r.data_scope, r.status as role_status from sys_user u left join sys_dept d on u.dept_id = d.dept_id left join sys_user_role ur on u.user_id = ur.user_id left join sys_role r on r.role_id = ur.role_id where u.user_id = ? and u.del_flag = '0'
23:04:18.798 [http-nio-8006-exec-10] DEBUG c.r.s.m.S.selectUserById - [debug,135] - ==> Parameters: 101(Long)
23:04:18.799 [http-nio-8006-exec-10] DEBUG c.r.s.m.S.selectUserById - [debug,135] - <==      Total: 1
23:04:18.800 [http-nio-8006-exec-10] DEBUG c.r.s.m.S.selectUserById - [debug,135] - ==>  Preparing: select u.user_id, u.dept_id, u.user_name, u.nick_name, u.email, u.avatar, u.phonenumber, u.password, u.sex, u.status, u.del_flag, u.login_ip, u.login_date, u.pwd_update_date, u.create_by, u.create_time, u.remark, d.dept_id, d.parent_id, d.ancestors, d.dept_name, d.order_num, d.leader, d.status as dept_status, r.role_id, r.role_name, r.role_key, r.role_sort, r.data_scope, r.status as role_status from sys_user u left join sys_dept d on u.dept_id = d.dept_id left join sys_user_role ur on u.user_id = ur.user_id left join sys_role r on r.role_id = ur.role_id where u.user_id = ? and u.del_flag = '0'
23:04:18.801 [http-nio-8006-exec-10] DEBUG c.r.s.m.S.selectUserById - [debug,135] - ==> Parameters: 102(Long)
23:04:18.802 [http-nio-8006-exec-10] DEBUG c.r.s.m.S.selectUserById - [debug,135] - <==      Total: 1
23:04:18.803 [http-nio-8006-exec-10] DEBUG c.r.s.m.S.selectUserById - [debug,135] - ==>  Preparing: select u.user_id, u.dept_id, u.user_name, u.nick_name, u.email, u.avatar, u.phonenumber, u.password, u.sex, u.status, u.del_flag, u.login_ip, u.login_date, u.pwd_update_date, u.create_by, u.create_time, u.remark, d.dept_id, d.parent_id, d.ancestors, d.dept_name, d.order_num, d.leader, d.status as dept_status, r.role_id, r.role_name, r.role_key, r.role_sort, r.data_scope, r.status as role_status from sys_user u left join sys_dept d on u.dept_id = d.dept_id left join sys_user_role ur on u.user_id = ur.user_id left join sys_role r on r.role_id = ur.role_id where u.user_id = ? and u.del_flag = '0'
23:04:18.804 [http-nio-8006-exec-10] DEBUG c.r.s.m.S.selectUserById - [debug,135] - ==> Parameters: 103(Long)
23:04:18.805 [http-nio-8006-exec-10] DEBUG c.r.s.m.S.selectUserById - [debug,135] - <==      Total: 1
23:04:18.806 [http-nio-8006-exec-10] DEBUG c.r.s.m.S.selectUserById - [debug,135] - ==>  Preparing: select u.user_id, u.dept_id, u.user_name, u.nick_name, u.email, u.avatar, u.phonenumber, u.password, u.sex, u.status, u.del_flag, u.login_ip, u.login_date, u.pwd_update_date, u.create_by, u.create_time, u.remark, d.dept_id, d.parent_id, d.ancestors, d.dept_name, d.order_num, d.leader, d.status as dept_status, r.role_id, r.role_name, r.role_key, r.role_sort, r.data_scope, r.status as role_status from sys_user u left join sys_dept d on u.dept_id = d.dept_id left join sys_user_role ur on u.user_id = ur.user_id left join sys_role r on r.role_id = ur.role_id where u.user_id = ? and u.del_flag = '0'
23:04:18.807 [http-nio-8006-exec-10] DEBUG c.r.s.m.S.selectUserById - [debug,135] - ==> Parameters: 104(Long)
23:04:18.808 [http-nio-8006-exec-10] DEBUG c.r.s.m.S.selectUserById - [debug,135] - <==      Total: 1
23:04:18.809 [http-nio-8006-exec-10] DEBUG c.r.s.m.S.selectUserById - [debug,135] - ==>  Preparing: select u.user_id, u.dept_id, u.user_name, u.nick_name, u.email, u.avatar, u.phonenumber, u.password, u.sex, u.status, u.del_flag, u.login_ip, u.login_date, u.pwd_update_date, u.create_by, u.create_time, u.remark, d.dept_id, d.parent_id, d.ancestors, d.dept_name, d.order_num, d.leader, d.status as dept_status, r.role_id, r.role_name, r.role_key, r.role_sort, r.data_scope, r.status as role_status from sys_user u left join sys_dept d on u.dept_id = d.dept_id left join sys_user_role ur on u.user_id = ur.user_id left join sys_role r on r.role_id = ur.role_id where u.user_id = ? and u.del_flag = '0'
23:04:18.809 [http-nio-8006-exec-10] DEBUG c.r.s.m.S.selectUserById - [debug,135] - ==> Parameters: 105(Long)
23:04:18.810 [http-nio-8006-exec-10] DEBUG c.r.s.m.S.selectUserById - [debug,135] - <==      Total: 1
23:04:18.812 [http-nio-8006-exec-10] DEBUG c.r.h.m.T.selectTcmPatientList - [debug,135] - ==>  Preparing: select id, name, first_name, last_name, email, phone, practitioner_id, is_active, consent_signed, consent_signed_at, consent_token, consent_token_expires, merged_into, deleted_at, payload, create_time, update_time from tcm_patient
23:04:18.812 [http-nio-8006-exec-10] DEBUG c.r.h.m.T.selectTcmPatientList - [debug,135] - ==> Parameters: 
23:04:18.814 [http-nio-8006-exec-10] DEBUG c.r.h.m.T.selectTcmPatientList - [debug,135] - <==      Total: 3
23:04:18.814 [http-nio-8006-exec-10] DEBUG c.r.h.m.T.selectTcmAppointmentList - [debug,135] - ==>  Preparing: select id, patient_id, practitioner_id, room_id, service_type, start_time, end_time, status, branch_id, intake_token, intake_submitted, payload, create_time, update_time from tcm_appointment
23:04:18.815 [http-nio-8006-exec-10] DEBUG c.r.h.m.T.selectTcmAppointmentList - [debug,135] - ==> Parameters: 
23:04:18.816 [http-nio-8006-exec-10] DEBUG c.r.h.m.T.selectTcmAppointmentList - [debug,135] - <==      Total: 2
23:04:18.817 [http-nio-8006-exec-10] DEBUG c.r.h.m.T.selectTcmConsultationList - [debug,135] - ==>  Preparing: select id, consultation_id, patient_id, practitioner_id, consult_date, status, branch_id, locked_at, version, deleted_at, payload, create_time, update_time from tcm_consultation
23:04:18.817 [http-nio-8006-exec-10] DEBUG c.r.h.m.T.selectTcmConsultationList - [debug,135] - ==> Parameters: 
23:04:18.819 [http-nio-8006-exec-10] DEBUG c.r.h.m.T.selectTcmConsultationList - [debug,135] - <==      Total: 7
23:04:18.820 [http-nio-8006-exec-10] DEBUG c.r.h.m.T.selectTcmInventoryItemList - [debug,135] - ==>  Preparing: select id, name, category, unit, quantity, price_per_unit, min_stock_level, supplier, supplier_id, grams_per_packet, branch_id, is_active, deleted_at, herb_dict_id, payload, create_time, update_time from tcm_inventory_item WHERE deleted_at IS NULL
23:04:18.820 [http-nio-8006-exec-10] DEBUG c.r.h.m.T.selectTcmInventoryItemList - [debug,135] - ==> Parameters: 
23:04:18.822 [http-nio-8006-exec-10] DEBUG c.r.h.m.T.selectTcmInventoryItemList - [debug,135] - <==      Total: 13
23:04:18.823 [http-nio-8006-exec-10] DEBUG c.r.h.m.T.selectTcmBranchList - [debug,135] - ==>  Preparing: select id, name, code, address, phone, email, manager_id, is_active, is_main, room_ids, create_time, update_time from tcm_branch
23:04:18.823 [http-nio-8006-exec-10] DEBUG c.r.h.m.T.selectTcmBranchList - [debug,135] - ==> Parameters: 
23:04:18.824 [http-nio-8006-exec-10] DEBUG c.r.h.m.T.selectTcmBranchList - [debug,135] - <==      Total: 3
23:04:18.824 [http-nio-8006-exec-10] DEBUG c.r.h.m.T.selectAllSettings - [debug,135] - ==>  Preparing: select setting_key, setting_value, update_time from tcm_clinic_setting order by setting_key
23:04:18.824 [http-nio-8006-exec-10] DEBUG c.r.h.m.T.selectAllSettings - [debug,135] - ==> Parameters: 
23:04:18.827 [http-nio-8006-exec-10] DEBUG c.r.h.m.T.selectAllSettings - [debug,135] - <==      Total: 6
23:04:18.827 [http-nio-8006-exec-10] DEBUG c.r.h.m.T.selectTcmRoomList - [debug,135] - ==>  Preparing: select id, name, branch_id, is_active, create_time, update_time from tcm_room
23:04:18.828 [http-nio-8006-exec-10] DEBUG c.r.h.m.T.selectTcmRoomList - [debug,135] - ==> Parameters: 
23:04:18.829 [http-nio-8006-exec-10] DEBUG c.r.h.m.T.selectTcmRoomList - [debug,135] - <==      Total: 3
23:04:18.829 [http-nio-8006-exec-10] DEBUG c.r.h.m.T.selectTcmServiceTypeList - [debug,135] - ==>  Preparing: select service_key, label, duration, practitioner_time, room_required, default_price, update_time from tcm_service_type
23:04:18.829 [http-nio-8006-exec-10] DEBUG c.r.h.m.T.selectTcmServiceTypeList - [debug,135] - ==> Parameters: 
23:04:18.830 [http-nio-8006-exec-10] DEBUG c.r.h.m.T.selectTcmServiceTypeList - [debug,135] - <==      Total: 3
23:04:18.830 [http-nio-8006-exec-10] DEBUG c.r.h.m.T.selectTcmPriceListList - [debug,135] - ==>  Preparing: select id, name, effective_date, is_active, items_json, create_time, update_time from tcm_price_list
23:04:18.831 [http-nio-8006-exec-10] DEBUG c.r.h.m.T.selectTcmPriceListList - [debug,135] - ==> Parameters: 
23:04:18.832 [http-nio-8006-exec-10] DEBUG c.r.h.m.T.selectTcmPriceListList - [debug,135] - <==      Total: 1
23:04:18.833 [http-nio-8006-exec-10] DEBUG c.r.h.m.T.selectTcmEmailLogList - [debug,135] - ==>  Preparing: select id, to_email, subject, email_type, body, sent_at, payload, create_time from tcm_email_log order by id desc
23:04:18.833 [http-nio-8006-exec-10] DEBUG c.r.h.m.T.selectTcmEmailLogList - [debug,135] - ==> Parameters: 
23:04:18.834 [http-nio-8006-exec-10] DEBUG c.r.h.m.T.selectTcmEmailLogList - [debug,135] - <==      Total: 0
23:04:18.834 [http-nio-8006-exec-10] DEBUG c.r.h.m.T.selectTcmFormulaList - [debug,135] - ==>  Preparing: select id, name, category, description, source, is_active, deleted_at, create_time, update_time from tcm_formula WHERE deleted_at IS NULL order by create_time desc
23:04:18.834 [http-nio-8006-exec-10] DEBUG c.r.h.m.T.selectTcmFormulaList - [debug,135] - ==> Parameters: 
23:04:18.836 [http-nio-8006-exec-10] DEBUG c.r.h.m.T.selectTcmFormulaList - [debug,135] - <==      Total: 51
23:04:18.837 [http-nio-8006-exec-10] DEBUG c.r.h.m.T.selectByFormulaId - [debug,135] - ==>  Preparing: select id, formula_id, herb_name, dosage, unit, sort_order, notes, herb_dict_id from tcm_formula_item where formula_id = ? order by sort_order asc
23:04:18.837 [http-nio-8006-exec-10] DEBUG c.r.h.m.T.selectByFormulaId - [debug,135] - ==> Parameters: ecf8c626-94c4-4825-97d3-21c67adf9366(String)
23:04:18.837 [http-nio-8006-exec-10] DEBUG c.r.h.m.T.selectByFormulaId - [debug,135] - <==      Total: 1
23:04:18.839 [http-nio-8006-exec-10] DEBUG c.r.h.m.T.selectByFormulaId - [debug,135] - ==>  Preparing: select id, formula_id, herb_name, dosage, unit, sort_order, notes, herb_dict_id from tcm_formula_item where formula_id = ? order by sort_order asc
23:04:18.839 [http-nio-8006-exec-10] DEBUG c.r.h.m.T.selectByFormulaId - [debug,135] - ==> Parameters: formula-1(String)
23:04:18.840 [http-nio-8006-exec-10] DEBUG c.r.h.m.T.selectByFormulaId - [debug,135] - <==      Total: 4
23:04:18.840 [http-nio-8006-exec-10] DEBUG c.r.h.m.T.selectByFormulaId - [debug,135] - ==>  Preparing: select id, formula_id, herb_name, dosage, unit, sort_order, notes, herb_dict_id from tcm_formula_item where formula_id = ? order by sort_order asc
23:04:18.840 [http-nio-8006-exec-10] DEBUG c.r.h.m.T.selectByFormulaId - [debug,135] - ==> Parameters: formula-10(String)
23:04:18.841 [http-nio-8006-exec-10] DEBUG c.r.h.m.T.selectByFormulaId - [debug,135] - <==      Total: 5
23:04:18.842 [http-nio-8006-exec-10] DEBUG c.r.h.m.T.selectByFormulaId - [debug,135] - ==>  Preparing: select id, formula_id, herb_name, dosage, unit, sort_order, notes, herb_dict_id from tcm_formula_item where formula_id = ? order by sort_order asc
23:04:18.842 [http-nio-8006-exec-10] DEBUG c.r.h.m.T.selectByFormulaId - [debug,135] - ==> Parameters: formula-11(String)
23:04:18.843 [http-nio-8006-exec-10] DEBUG c.r.h.m.T.selectByFormulaId - [debug,135] - <==      Total: 4
23:04:18.843 [http-nio-8006-exec-10] DEBUG c.r.h.m.T.selectByFormulaId - [debug,135] - ==>  Preparing: select id, formula_id, herb_name, dosage, unit, sort_order, notes, herb_dict_id from tcm_formula_item where formula_id = ? order by sort_order asc
23:04:18.843 [http-nio-8006-exec-10] DEBUG c.r.h.m.T.selectByFormulaId - [debug,135] - ==> Parameters: formula-12(String)
23:04:18.844 [http-nio-8006-exec-10] DEBUG c.r.h.m.T.selectByFormulaId - [debug,135] - <==      Total: 0
23:04:18.844 [http-nio-8006-exec-10] DEBUG c.r.h.m.T.selectByFormulaId - [debug,135] - ==>  Preparing: select id, formula_id, herb_name, dosage, unit, sort_order, notes, herb_dict_id from tcm_formula_item where formula_id = ? order by sort_order asc
23:04:18.845 [http-nio-8006-exec-10] DEBUG c.r.h.m.T.selectByFormulaId - [debug,135] - ==> Parameters: formula-13(String)
23:04:18.845 [http-nio-8006-exec-10] DEBUG c.r.h.m.T.selectByFormulaId - [debug,135] - <==      Total: 0
23:04:18.845 [http-nio-8006-exec-10] DEBUG c.r.h.m.T.selectByFormulaId - [debug,135] - ==>  Preparing: select id, formula_id, herb_name, dosage, unit, sort_order, notes, herb_dict_id from tcm_formula_item where formula_id = ? order by sort_order asc
23:04:18.846 [http-nio-8006-exec-10] DEBUG c.r.h.m.T.selectByFormulaId - [debug,135] - ==> Parameters: formula-14(String)
23:04:18.846 [http-nio-8006-exec-10] DEBUG c.r.h.m.T.selectByFormulaId - [debug,135] - <==      Total: 0
23:04:18.847 [http-nio-8006-exec-10] DEBUG c.r.h.m.T.selectByFormulaId - [debug,135] - ==>  Preparing: select id, formula_id, herb_name, dosage, unit, sort_order, notes, herb_dict_id from tcm_formula_item where formula_id = ? order by sort_order asc
23:04:18.847 [http-nio-8006-exec-10] DEBUG c.r.h.m.T.selectByFormulaId - [debug,135] - ==> Parameters: formula-15(String)
23:04:18.848 [http-nio-8006-exec-10] DEBUG c.r.h.m.T.selectByFormulaId - [debug,135] - <==      Total: 7
23:04:18.848 [http-nio-8006-exec-10] DEBUG c.r.h.m.T.selectByFormulaId - [debug,135] - ==>  Preparing: select id, formula_id, herb_name, dosage, unit, sort_order, notes, herb_dict_id from tcm_formula_item where formula_id = ? order by sort_order asc
23:04:18.848 [http-nio-8006-exec-10] DEBUG c.r.h.m.T.selectByFormulaId - [debug,135] - ==> Parameters: formula-16(String)
23:04:18.849 [http-nio-8006-exec-10] DEBUG c.r.h.m.T.selectByFormulaId - [debug,135] - <==      Total: 0
23:04:18.849 [http-nio-8006-exec-10] DEBUG c.r.h.m.T.selectByFormulaId - [debug,135] - ==>  Preparing: select id, formula_id, herb_name, dosage, unit, sort_order, notes, herb_dict_id from tcm_formula_item where formula_id = ? order by sort_order asc
23:04:18.849 [http-nio-8006-exec-10] DEBUG c.r.h.m.T.selectByFormulaId - [debug,135] - ==> Parameters: formula-17(String)
23:04:18.850 [http-nio-8006-exec-10] DEBUG c.r.h.m.T.selectByFormulaId - [debug,135] - <==      Total: 4
23:04:18.850 [http-nio-8006-exec-10] DEBUG c.r.h.m.T.selectByFormulaId - [debug,135] - ==>  Preparing: select id, formula_id, herb_name, dosage, unit, sort_order, notes, herb_dict_id from tcm_formula_item where formula_id = ? order by sort_order asc
23:04:18.850 [http-nio-8006-exec-10] DEBUG c.r.h.m.T.selectByFormulaId - [debug,135] - ==> Parameters: formula-18(String)
23:04:18.851 [http-nio-8006-exec-10] DEBUG c.r.h.m.T.selectByFormulaId - [debug,135] - <==      Total: 3
23:04:18.851 [http-nio-8006-exec-10] DEBUG c.r.h.m.T.selectByFormulaId - [debug,135] - ==>  Preparing: select id, formula_id, herb_name, dosage, unit, sort_order, notes, herb_dict_id from tcm_formula_item where formula_id = ? order by sort_order asc
23:04:18.852 [http-nio-8006-exec-10] DEBUG c.r.h.m.T.selectByFormulaId - [debug,135] - ==> Parameters: formula-19(String)
23:04:18.852 [http-nio-8006-exec-10] DEBUG c.r.h.m.T.selectByFormulaId - [debug,135] - <==      Total: 0
23:04:18.853 [http-nio-8006-exec-10] DEBUG c.r.h.m.T.selectByFormulaId - [debug,135] - ==>  Preparing: select id, formula_id, herb_name, dosage, unit, sort_order, notes, herb_dict_id from tcm_formula_item where formula_id = ? order by sort_order asc
23:04:18.853 [http-nio-8006-exec-10] DEBUG c.r.h.m.T.selectByFormulaId - [debug,135] - ==> Parameters: formula-2(String)
23:04:18.854 [http-nio-8006-exec-10] DEBUG c.r.h.m.T.selectByFormulaId - [debug,135] - <==      Total: 6
23:04:18.854 [http-nio-8006-exec-10] DEBUG c.r.h.m.T.selectByFormulaId - [debug,135] - ==>  Preparing: select id, formula_id, herb_name, dosage, unit, sort_order, notes, herb_dict_id from tcm_formula_item where formula_id = ? order by sort_order asc
23:04:18.854 [http-nio-8006-exec-10] DEBUG c.r.h.m.T.selectByFormulaId - [debug,135] - ==> Parameters: formula-20(String)
23:04:18.854 [http-nio-8006-exec-10] DEBUG c.r.h.m.T.selectByFormulaId - [debug,135] - <==      Total: 0
23:04:18.856 [http-nio-8006-exec-10] DEBUG c.r.h.m.T.selectByFormulaId - [debug,135] - ==>  Preparing: select id, formula_id, herb_name, dosage, unit, sort_order, notes, herb_dict_id from tcm_formula_item where formula_id = ? order by sort_order asc
23:04:18.856 [http-nio-8006-exec-10] DEBUG c.r.h.m.T.selectByFormulaId - [debug,135] - ==> Parameters: formula-21(String)
23:04:18.856 [http-nio-8006-exec-10] DEBUG c.r.h.m.T.selectByFormulaId - [debug,135] - <==      Total: 4
23:04:18.857 [http-nio-8006-exec-10] DEBUG c.r.h.m.T.selectByFormulaId - [debug,135] - ==>  Preparing: select id, formula_id, herb_name, dosage, unit, sort_order, notes, herb_dict_id from tcm_formula_item where formula_id = ? order by sort_order asc
23:04:18.857 [http-nio-8006-exec-10] DEBUG c.r.h.m.T.selectByFormulaId - [debug,135] - ==> Parameters: formula-22(String)
23:04:18.858 [http-nio-8006-exec-10] DEBUG c.r.h.m.T.selectByFormulaId - [debug,135] - <==      Total: 0
23:04:18.858 [http-nio-8006-exec-10] DEBUG c.r.h.m.T.selectByFormulaId - [debug,135] - ==>  Preparing: select id, formula_id, herb_name, dosage, unit, sort_order, notes, herb_dict_id from tcm_formula_item where formula_id = ? order by sort_order asc
23:04:18.858 [http-nio-8006-exec-10] DEBUG c.r.h.m.T.selectByFormulaId - [debug,135] - ==> Parameters: formula-23(String)
23:04:18.859 [http-nio-8006-exec-10] DEBUG c.r.h.m.T.selectByFormulaId - [debug,135] - <==      Total: 0
23:04:18.859 [http-nio-8006-exec-10] DEBUG c.r.h.m.T.selectByFormulaId - [debug,135] - ==>  Preparing: select id, formula_id, herb_name, dosage, unit, sort_order, notes, herb_dict_id from tcm_formula_item where formula_id = ? order by sort_order asc
23:04:18.860 [http-nio-8006-exec-10] DEBUG c.r.h.m.T.selectByFormulaId - [debug,135] - ==> Parameters: formula-24(String)
23:04:18.860 [http-nio-8006-exec-10] DEBUG c.r.h.m.T.selectByFormulaId - [debug,135] - <==      Total: 5
23:04:18.860 [http-nio-8006-exec-10] DEBUG c.r.h.m.T.selectByFormulaId - [debug,135] - ==>  Preparing: select id, formula_id, herb_name, dosage, unit, sort_order, notes, herb_dict_id from tcm_formula_item where formula_id = ? order by sort_order asc
23:04:18.860 [http-nio-8006-exec-10] DEBUG c.r.h.m.T.selectByFormulaId - [debug,135] - ==> Parameters: formula-25(String)
23:04:18.861 [http-nio-8006-exec-10] DEBUG c.r.h.m.T.selectByFormulaId - [debug,135] - <==      Total: 0
23:04:18.861 [http-nio-8006-exec-10] DEBUG c.r.h.m.T.selectByFormulaId - [debug,135] - ==>  Preparing: select id, formula_id, herb_name, dosage, unit, sort_order, notes, herb_dict_id from tcm_formula_item where formula_id = ? order by sort_order asc
23:04:18.862 [http-nio-8006-exec-10] DEBUG c.r.h.m.T.selectByFormulaId - [debug,135] - ==> Parameters: formula-26(String)
23:04:18.862 [http-nio-8006-exec-10] DEBUG c.r.h.m.T.selectByFormulaId - [debug,135] - <==      Total: 0
23:04:18.863 [http-nio-8006-exec-10] DEBUG c.r.h.m.T.selectByFormulaId - [debug,135] - ==>  Preparing: select id, formula_id, herb_name, dosage, unit, sort_order, notes, herb_dict_id from tcm_formula_item where formula_id = ? order by sort_order asc
23:04:18.863 [http-nio-8006-exec-10] DEBUG c.r.h.m.T.selectByFormulaId - [debug,135] - ==> Parameters: formula-27(String)
23:04:18.863 [http-nio-8006-exec-10] DEBUG c.r.h.m.T.selectByFormulaId - [debug,135] - <==      Total: 0
23:04:18.865 [http-nio-8006-exec-10] DEBUG c.r.h.m.T.selectByFormulaId - [debug,135] - ==>  Preparing: select id, formula_id, herb_name, dosage, unit, sort_order, notes, herb_dict_id from tcm_formula_item where formula_id = ? order by sort_order asc
23:04:18.865 [http-nio-8006-exec-10] DEBUG c.r.h.m.T.selectByFormulaId - [debug,135] - ==> Parameters: formula-28(String)
23:04:18.866 [http-nio-8006-exec-10] DEBUG c.r.h.m.T.selectByFormulaId - [debug,135] - <==      Total: 0
23:04:18.866 [http-nio-8006-exec-10] DEBUG c.r.h.m.T.selectByFormulaId - [debug,135] - ==>  Preparing: select id, formula_id, herb_name, dosage, unit, sort_order, notes, herb_dict_id from tcm_formula_item where formula_id = ? order by sort_order asc
23:04:18.866 [http-nio-8006-exec-10] DEBUG c.r.h.m.T.selectByFormulaId - [debug,135] - ==> Parameters: formula-29(String)
23:04:18.867 [http-nio-8006-exec-10] DEBUG c.r.h.m.T.selectByFormulaId - [debug,135] - <==      Total: 8
23:04:18.867 [http-nio-8006-exec-10] DEBUG c.r.h.m.T.selectByFormulaId - [debug,135] - ==>  Preparing: select id, formula_id, herb_name, dosage, unit, sort_order, notes, herb_dict_id from tcm_formula_item where formula_id = ? order by sort_order asc
23:04:18.868 [http-nio-8006-exec-10] DEBUG c.r.h.m.T.selectByFormulaId - [debug,135] - ==> Parameters: formula-3(String)
23:04:18.868 [http-nio-8006-exec-10] DEBUG c.r.h.m.T.selectByFormulaId - [debug,135] - <==      Total: 8
23:04:18.869 [http-nio-8006-exec-10] DEBUG c.r.h.m.T.selectByFormulaId - [debug,135] - ==>  Preparing: select id, formula_id, herb_name, dosage, unit, sort_order, notes, herb_dict_id from tcm_formula_item where formula_id = ? order by sort_order asc
23:04:18.869 [http-nio-8006-exec-10] DEBUG c.r.h.m.T.selectByFormulaId - [debug,135] - ==> Parameters: formula-30(String)
23:04:18.870 [http-nio-8006-exec-10] DEBUG c.r.h.m.T.selectByFormulaId - [debug,135] - <==      Total: 0
23:04:18.870 [http-nio-8006-exec-10] DEBUG c.r.h.m.T.selectByFormulaId - [debug,135] - ==>  Preparing: select id, formula_id, herb_name, dosage, unit, sort_order, notes, herb_dict_id from tcm_formula_item where formula_id = ? order by sort_order asc
23:04:18.871 [http-nio-8006-exec-10] DEBUG c.r.h.m.T.selectByFormulaId - [debug,135] - ==> Parameters: formula-31(String)
23:04:18.871 [http-nio-8006-exec-10] DEBUG c.r.h.m.T.selectByFormulaId - [debug,135] - <==      Total: 5
23:04:18.872 [http-nio-8006-exec-10] DEBUG c.r.h.m.T.selectByFormulaId - [debug,135] - ==>  Preparing: select id, formula_id, herb_name, dosage, unit, sort_order, notes, herb_dict_id from tcm_formula_item where formula_id = ? order by sort_order asc
23:04:18.872 [http-nio-8006-exec-10] DEBUG c.r.h.m.T.selectByFormulaId - [debug,135] - ==> Parameters: formula-32(String)
23:04:18.872 [http-nio-8006-exec-10] DEBUG c.r.h.m.T.selectByFormulaId - [debug,135] - <==      Total: 0
23:04:18.872 [http-nio-8006-exec-10] DEBUG c.r.h.m.T.selectByFormulaId - [debug,135] - ==>  Preparing: select id, formula_id, herb_name, dosage, unit, sort_order, notes, herb_dict_id from tcm_formula_item where formula_id = ? order by sort_order asc
23:04:18.873 [http-nio-8006-exec-10] DEBUG c.r.h.m.T.selectByFormulaId - [debug,135] - ==> Parameters: formula-33(String)
23:04:18.873 [http-nio-8006-exec-10] DEBUG c.r.h.m.T.selectByFormulaId - [debug,135] - <==      Total: 3
23:04:18.874 [http-nio-8006-exec-10] DEBUG c.r.h.m.T.selectByFormulaId - [debug,135] - ==>  Preparing: select id, formula_id, herb_name, dosage, unit, sort_order, notes, herb_dict_id from tcm_formula_item where formula_id = ? order by sort_order asc
23:04:18.874 [http-nio-8006-exec-10] DEBUG c.r.h.m.T.selectByFormulaId - [debug,135] - ==> Parameters: formula-34(String)
23:04:18.874 [http-nio-8006-exec-10] DEBUG c.r.h.m.T.selectByFormulaId - [debug,135] - <==      Total: 3
23:04:18.875 [http-nio-8006-exec-10] DEBUG c.r.h.m.T.selectByFormulaId - [debug,135] - ==>  Preparing: select id, formula_id, herb_name, dosage, unit, sort_order, notes, herb_dict_id from tcm_formula_item where formula_id = ? order by sort_order asc
23:04:18.875 [http-nio-8006-exec-10] DEBUG c.r.h.m.T.selectByFormulaId - [debug,135] - ==> Parameters: formula-35(String)
23:04:18.875 [http-nio-8006-exec-10] DEBUG c.r.h.m.T.selectByFormulaId - [debug,135] - <==      Total: 4
23:04:18.876 [http-nio-8006-exec-10] DEBUG c.r.h.m.T.selectByFormulaId - [debug,135] - ==>  Preparing: select id, formula_id, herb_name, dosage, unit, sort_order, notes, herb_dict_id from tcm_formula_item where formula_id = ? order by sort_order asc
23:04:18.876 [http-nio-8006-exec-10] DEBUG c.r.h.m.T.selectByFormulaId - [debug,135] - ==> Parameters: formula-36(String)
23:04:18.876 [http-nio-8006-exec-10] DEBUG c.r.h.m.T.selectByFormulaId - [debug,135] - <==      Total: 0
23:04:18.877 [http-nio-8006-exec-10] DEBUG c.r.h.m.T.selectByFormulaId - [debug,135] - ==>  Preparing: select id, formula_id, herb_name, dosage, unit, sort_order, notes, herb_dict_id from tcm_formula_item where formula_id = ? order by sort_order asc
23:04:18.878 [http-nio-8006-exec-10] DEBUG c.r.h.m.T.selectByFormulaId - [debug,135] - ==> Parameters: formula-37(String)
23:04:18.878 [http-nio-8006-exec-10] DEBUG c.r.h.m.T.selectByFormulaId - [debug,135] - <==      Total: 6
23:04:18.878 [http-nio-8006-exec-10] DEBUG c.r.h.m.T.selectByFormulaId - [debug,135] - ==>  Preparing: select id, formula_id, herb_name, dosage, unit, sort_order, notes, herb_dict_id from tcm_formula_item where formula_id = ? order by sort_order asc
23:04:18.879 [http-nio-8006-exec-10] DEBUG c.r.h.m.T.selectByFormulaId - [debug,135] - ==> Parameters: formula-38(String)
23:04:18.879 [http-nio-8006-exec-10] DEBUG c.r.h.m.T.selectByFormulaId - [debug,135] - <==      Total: 0
23:04:18.879 [http-nio-8006-exec-10] DEBUG c.r.h.m.T.selectByFormulaId - [debug,135] - ==>  Preparing: select id, formula_id, herb_name, dosage, unit, sort_order, notes, herb_dict_id from tcm_formula_item where formula_id = ? order by sort_order asc
23:04:18.880 [http-nio-8006-exec-10] DEBUG c.r.h.m.T.selectByFormulaId - [debug,135] - ==> Parameters: formula-39(String)
23:04:18.880 [http-nio-8006-exec-10] DEBUG c.r.h.m.T.selectByFormulaId - [debug,135] - <==      Total: 0
23:04:18.880 [http-nio-8006-exec-10] DEBUG c.r.h.m.T.selectByFormulaId - [debug,135] - ==>  Preparing: select id, formula_id, herb_name, dosage, unit, sort_order, notes, herb_dict_id from tcm_formula_item where formula_id = ? order by sort_order asc
23:04:18.881 [http-nio-8006-exec-10] DEBUG c.r.h.m.T.selectByFormulaId - [debug,135] - ==> Parameters: formula-4(String)
23:04:18.881 [http-nio-8006-exec-10] DEBUG c.r.h.m.T.selectByFormulaId - [debug,135] - <==      Total: 8
23:04:18.882 [http-nio-8006-exec-10] DEBUG c.r.h.m.T.selectByFormulaId - [debug,135] - ==>  Preparing: select id, formula_id, herb_name, dosage, unit, sort_order, notes, herb_dict_id from tcm_formula_item where formula_id = ? order by sort_order asc
23:04:18.882 [http-nio-8006-exec-10] DEBUG c.r.h.m.T.selectByFormulaId - [debug,135] - ==> Parameters: formula-40(String)
23:04:18.882 [http-nio-8006-exec-10] DEBUG c.r.h.m.T.selectByFormulaId - [debug,135] - <==      Total: 0
23:04:18.883 [http-nio-8006-exec-10] DEBUG c.r.h.m.T.selectByFormulaId - [debug,135] - ==>  Preparing: select id, formula_id, herb_name, dosage, unit, sort_order, notes, herb_dict_id from tcm_formula_item where formula_id = ? order by sort_order asc
23:04:18.883 [http-nio-8006-exec-10] DEBUG c.r.h.m.T.selectByFormulaId - [debug,135] - ==> Parameters: formula-41(String)
23:04:18.883 [http-nio-8006-exec-10] DEBUG c.r.h.m.T.selectByFormulaId - [debug,135] - <==      Total: 0
23:04:18.883 [http-nio-8006-exec-10] DEBUG c.r.h.m.T.selectByFormulaId - [debug,135] - ==>  Preparing: select id, formula_id, herb_name, dosage, unit, sort_order, notes, herb_dict_id from tcm_formula_item where formula_id = ? order by sort_order asc
23:04:18.884 [http-nio-8006-exec-10] DEBUG c.r.h.m.T.selectByFormulaId - [debug,135] - ==> Parameters: formula-42(String)
23:04:18.884 [http-nio-8006-exec-10] DEBUG c.r.h.m.T.selectByFormulaId - [debug,135] - <==      Total: 0
23:04:18.884 [http-nio-8006-exec-10] DEBUG c.r.h.m.T.selectByFormulaId - [debug,135] - ==>  Preparing: select id, formula_id, herb_name, dosage, unit, sort_order, notes, herb_dict_id from tcm_formula_item where formula_id = ? order by sort_order asc
23:04:18.886 [http-nio-8006-exec-10] DEBUG c.r.h.m.T.selectByFormulaId - [debug,135] - ==> Parameters: formula-43(String)
23:04:18.886 [http-nio-8006-exec-10] DEBUG c.r.h.m.T.selectByFormulaId - [debug,135] - <==      Total: 0
23:04:18.886 [http-nio-8006-exec-10] DEBUG c.r.h.m.T.selectByFormulaId - [debug,135] - ==>  Preparing: select id, formula_id, herb_name, dosage, unit, sort_order, notes, herb_dict_id from tcm_formula_item where formula_id = ? order by sort_order asc
23:04:18.887 [http-nio-8006-exec-10] DEBUG c.r.h.m.T.selectByFormulaId - [debug,135] - ==> Parameters: formula-44(String)
23:04:18.888 [http-nio-8006-exec-10] DEBUG c.r.h.m.T.selectByFormulaId - [debug,135] - <==      Total: 0
23:04:18.888 [http-nio-8006-exec-10] DEBUG c.r.h.m.T.selectByFormulaId - [debug,135] - ==>  Preparing: select id, formula_id, herb_name, dosage, unit, sort_order, notes, herb_dict_id from tcm_formula_item where formula_id = ? order by sort_order asc
23:04:18.888 [http-nio-8006-exec-10] DEBUG c.r.h.m.T.selectByFormulaId - [debug,135] - ==> Parameters: formula-45(String)
23:04:18.889 [http-nio-8006-exec-10] DEBUG c.r.h.m.T.selectByFormulaId - [debug,135] - <==      Total: 0
23:04:18.889 [http-nio-8006-exec-10] DEBUG c.r.h.m.T.selectByFormulaId - [debug,135] - ==>  Preparing: select id, formula_id, herb_name, dosage, unit, sort_order, notes, herb_dict_id from tcm_formula_item where formula_id = ? order by sort_order asc
23:04:18.890 [http-nio-8006-exec-10] DEBUG c.r.h.m.T.selectByFormulaId - [debug,135] - ==> Parameters: formula-46(String)
23:04:18.890 [http-nio-8006-exec-10] DEBUG c.r.h.m.T.selectByFormulaId - [debug,135] - <==      Total: 0
23:04:18.890 [http-nio-8006-exec-10] DEBUG c.r.h.m.T.selectByFormulaId - [debug,135] - ==>  Preparing: select id, formula_id, herb_name, dosage, unit, sort_order, notes, herb_dict_id from tcm_formula_item where formula_id = ? order by sort_order asc
23:04:18.891 [http-nio-8006-exec-10] DEBUG c.r.h.m.T.selectByFormulaId - [debug,135] - ==> Parameters: formula-47(String)
23:04:18.891 [http-nio-8006-exec-10] DEBUG c.r.h.m.T.selectByFormulaId - [debug,135] - <==      Total: 0
23:04:18.892 [http-nio-8006-exec-10] DEBUG c.r.h.m.T.selectByFormulaId - [debug,135] - ==>  Preparing: select id, formula_id, herb_name, dosage, unit, sort_order, notes, herb_dict_id from tcm_formula_item where formula_id = ? order by sort_order asc
23:04:18.892 [http-nio-8006-exec-10] DEBUG c.r.h.m.T.selectByFormulaId - [debug,135] - ==> Parameters: formula-48(String)
23:04:18.893 [http-nio-8006-exec-10] DEBUG c.r.h.m.T.selectByFormulaId - [debug,135] - <==      Total: 0
23:04:18.893 [http-nio-8006-exec-10] DEBUG c.r.h.m.T.selectByFormulaId - [debug,135] - ==>  Preparing: select id, formula_id, herb_name, dosage, unit, sort_order, notes, herb_dict_id from tcm_formula_item where formula_id = ? order by sort_order asc
23:04:18.893 [http-nio-8006-exec-10] DEBUG c.r.h.m.T.selectByFormulaId - [debug,135] - ==> Parameters: formula-49(String)
23:04:18.894 [http-nio-8006-exec-10] DEBUG c.r.h.m.T.selectByFormulaId - [debug,135] - <==      Total: 0
23:04:18.894 [http-nio-8006-exec-10] DEBUG c.r.h.m.T.selectByFormulaId - [debug,135] - ==>  Preparing: select id, formula_id, herb_name, dosage, unit, sort_order, notes, herb_dict_id from tcm_formula_item where formula_id = ? order by sort_order asc
23:04:18.894 [http-nio-8006-exec-10] DEBUG c.r.h.m.T.selectByFormulaId - [debug,135] - ==> Parameters: formula-5(String)
23:04:18.896 [http-nio-8006-exec-10] DEBUG c.r.h.m.T.selectByFormulaId - [debug,135] - <==      Total: 8
23:04:18.896 [http-nio-8006-exec-10] DEBUG c.r.h.m.T.selectByFormulaId - [debug,135] - ==>  Preparing: select id, formula_id, herb_name, dosage, unit, sort_order, notes, herb_dict_id from tcm_formula_item where formula_id = ? order by sort_order asc
23:04:18.896 [http-nio-8006-exec-10] DEBUG c.r.h.m.T.selectByFormulaId - [debug,135] - ==> Parameters: formula-50(String)
23:04:18.897 [http-nio-8006-exec-10] DEBUG c.r.h.m.T.selectByFormulaId - [debug,135] - <==      Total: 7
23:04:18.897 [http-nio-8006-exec-10] DEBUG c.r.h.m.T.selectByFormulaId - [debug,135] - ==>  Preparing: select id, formula_id, herb_name, dosage, unit, sort_order, notes, herb_dict_id from tcm_formula_item where formula_id = ? order by sort_order asc
23:04:18.897 [http-nio-8006-exec-10] DEBUG c.r.h.m.T.selectByFormulaId - [debug,135] - ==> Parameters: formula-6(String)
23:04:18.898 [http-nio-8006-exec-10] DEBUG c.r.h.m.T.selectByFormulaId - [debug,135] - <==      Total: 7
23:04:18.898 [http-nio-8006-exec-10] DEBUG c.r.h.m.T.selectByFormulaId - [debug,135] - ==>  Preparing: select id, formula_id, herb_name, dosage, unit, sort_order, notes, herb_dict_id from tcm_formula_item where formula_id = ? order by sort_order asc
23:04:18.899 [http-nio-8006-exec-10] DEBUG c.r.h.m.T.selectByFormulaId - [debug,135] - ==> Parameters: formula-7(String)
23:04:18.899 [http-nio-8006-exec-10] DEBUG c.r.h.m.T.selectByFormulaId - [debug,135] - <==      Total: 5
23:04:18.900 [http-nio-8006-exec-10] DEBUG c.r.h.m.T.selectByFormulaId - [debug,135] - ==>  Preparing: select id, formula_id, herb_name, dosage, unit, sort_order, notes, herb_dict_id from tcm_formula_item where formula_id = ? order by sort_order asc
23:04:18.900 [http-nio-8006-exec-10] DEBUG c.r.h.m.T.selectByFormulaId - [debug,135] - ==> Parameters: formula-8(String)
23:04:18.901 [http-nio-8006-exec-10] DEBUG c.r.h.m.T.selectByFormulaId - [debug,135] - <==      Total: 8
23:04:18.901 [http-nio-8006-exec-10] DEBUG c.r.h.m.T.selectByFormulaId - [debug,135] - ==>  Preparing: select id, formula_id, herb_name, dosage, unit, sort_order, notes, herb_dict_id from tcm_formula_item where formula_id = ? order by sort_order asc
23:04:18.902 [http-nio-8006-exec-10] DEBUG c.r.h.m.T.selectByFormulaId - [debug,135] - ==> Parameters: formula-9(String)
23:04:18.902 [http-nio-8006-exec-10] DEBUG c.r.h.m.T.selectByFormulaId - [debug,135] - <==      Total: 4
23:04:18.903 [http-nio-8006-exec-10] DEBUG c.r.h.m.T.selectTcmSupplierList - [debug,135] - ==>  Preparing: select id, name, contact_person, phone, email, address, notes, is_active, deleted_at, create_time, update_time from tcm_supplier WHERE deleted_at IS NULL order by create_time desc
23:04:18.903 [http-nio-8006-exec-10] DEBUG c.r.h.m.T.selectTcmSupplierList - [debug,135] - ==> Parameters: 
23:04:18.905 [http-nio-8006-exec-10] DEBUG c.r.h.m.T.selectTcmSupplierList - [debug,135] - <==      Total: 4
23:04:18.905 [http-nio-8006-exec-10] DEBUG c.r.h.m.T.selectTcmAcupointList - [debug,135] - ==>  Preparing: select id, name, pinyin, english_name, meridian, location, indication, method, notes, is_active, deleted_at, create_time, update_time from tcm_acupoint WHERE deleted_at IS NULL order by name asc
23:04:18.906 [http-nio-8006-exec-10] DEBUG c.r.h.m.T.selectTcmAcupointList - [debug,135] - ==> Parameters: 
23:04:18.909 [http-nio-8006-exec-10] DEBUG c.r.h.m.T.selectTcmAcupointList - [debug,135] - <==      Total: 100
23:04:18.910 [http-nio-8006-exec-10] DEBUG c.r.h.m.T.selectAll - [debug,135] - ==>  Preparing: select id, from_unit, to_unit, factor, notes, create_time from tcm_unit_conversion order by from_unit, to_unit
23:04:18.911 [http-nio-8006-exec-10] DEBUG c.r.h.m.T.selectAll - [debug,135] - ==> Parameters: 
23:04:18.911 [http-nio-8006-exec-10] DEBUG c.r.h.m.T.selectAll - [debug,135] - <==      Total: 16
23:04:18.912 [http-nio-8006-exec-10] DEBUG c.r.h.m.T.selectTcmHerbDictList - [debug,135] - ==>  Preparing: select id, name, alias, pinyin, category, nature, taste, meridian_tropism, efficacy, indication, dosage_range, contraindication, notes, is_active, deleted_at, create_time, update_time from tcm_herb_dict WHERE deleted_at IS NULL order by category asc, name asc
23:04:18.912 [http-nio-8006-exec-10] DEBUG c.r.h.m.T.selectTcmHerbDictList - [debug,135] - ==> Parameters: 
23:04:18.916 [http-nio-8006-exec-10] DEBUG c.r.h.m.T.selectTcmHerbDictList - [debug,135] - <==      Total: 80
23:04:18.916 [http-nio-8006-exec-10] DEBUG c.r.h.m.T.selectTcmMeridianList - [debug,135] - ==>  Preparing: select id, name, english_name, abbr, category, organ, pathway, acupoint_count, indication, notes, is_active, deleted_at, create_time, update_time from tcm_meridian WHERE deleted_at IS NULL order by id asc
23:04:18.916 [http-nio-8006-exec-10] DEBUG c.r.h.m.T.selectTcmMeridianList - [debug,135] - ==> Parameters: 
23:04:18.918 [http-nio-8006-exec-10] DEBUG c.r.h.m.T.selectTcmMeridianList - [debug,135] - <==      Total: 14
23:04:18.918 [http-nio-8006-exec-10] DEBUG c.r.h.m.T.selectTcmTreatmentTemplateList - [debug,135] - ==>  Preparing: select id, name, disease, category, description, acupoints_json, formula_ids, advice, notes, is_active, deleted_at, create_time, update_time from tcm_treatment_template WHERE deleted_at IS NULL order by category asc, name asc
23:04:18.919 [http-nio-8006-exec-10] DEBUG c.r.h.m.T.selectTcmTreatmentTemplateList - [debug,135] - ==> Parameters: 
23:04:18.920 [http-nio-8006-exec-10] DEBUG c.r.h.m.T.selectTcmTreatmentTemplateList - [debug,135] - <==      Total: 10
23:04:21.430 [http-nio-8006-exec-11] DEBUG c.r.h.m.T.selectTcmInventoryItemList - [debug,135] - ==>  Preparing: select id, name, category, unit, quantity, price_per_unit, min_stock_level, supplier, supplier_id, grams_per_packet, branch_id, is_active, deleted_at, herb_dict_id, payload, create_time, update_time from tcm_inventory_item WHERE deleted_at IS NULL
23:04:21.431 [http-nio-8006-exec-11] DEBUG c.r.h.m.T.selectTcmInventoryItemList - [debug,135] - ==> Parameters: 
23:04:21.432 [http-nio-8006-exec-11] DEBUG c.r.h.m.T.selectTcmInventoryItemList - [debug,135] - <==      Total: 13
23:04:21.541 [http-nio-8006-exec-12] DEBUG c.r.s.m.S.selectUserList - [debug,135] - ==>  Preparing: select u.user_id, u.dept_id, u.nick_name, u.user_name, u.email, u.avatar, u.phonenumber, u.sex, u.status, u.del_flag, u.login_ip, u.login_date, u.create_by, u.create_time, u.remark, d.dept_name, d.leader from sys_user u left join sys_dept d on u.dept_id = d.dept_id where u.del_flag = '0'
23:04:21.542 [http-nio-8006-exec-12] DEBUG c.r.s.m.S.selectUserList - [debug,135] - ==> Parameters: 
23:04:21.543 [http-nio-8006-exec-12] DEBUG c.r.s.m.S.selectUserList - [debug,135] - <==      Total: 8
23:04:21.544 [http-nio-8006-exec-12] DEBUG c.r.s.m.S.selectUserById - [debug,135] - ==>  Preparing: select u.user_id, u.dept_id, u.user_name, u.nick_name, u.email, u.avatar, u.phonenumber, u.password, u.sex, u.status, u.del_flag, u.login_ip, u.login_date, u.pwd_update_date, u.create_by, u.create_time, u.remark, d.dept_id, d.parent_id, d.ancestors, d.dept_name, d.order_num, d.leader, d.status as dept_status, r.role_id, r.role_name, r.role_key, r.role_sort, r.data_scope, r.status as role_status from sys_user u left join sys_dept d on u.dept_id = d.dept_id left join sys_user_role ur on u.user_id = ur.user_id left join sys_role r on r.role_id = ur.role_id where u.user_id = ? and u.del_flag = '0'
23:04:21.545 [http-nio-8006-exec-12] DEBUG c.r.s.m.S.selectUserById - [debug,135] - ==> Parameters: 1(Long)
23:04:21.546 [http-nio-8006-exec-12] DEBUG c.r.s.m.S.selectUserById - [debug,135] - <==      Total: 1
23:04:21.546 [http-nio-8006-exec-12] DEBUG c.r.s.m.S.selectUserById - [debug,135] - ==>  Preparing: select u.user_id, u.dept_id, u.user_name, u.nick_name, u.email, u.avatar, u.phonenumber, u.password, u.sex, u.status, u.del_flag, u.login_ip, u.login_date, u.pwd_update_date, u.create_by, u.create_time, u.remark, d.dept_id, d.parent_id, d.ancestors, d.dept_name, d.order_num, d.leader, d.status as dept_status, r.role_id, r.role_name, r.role_key, r.role_sort, r.data_scope, r.status as role_status from sys_user u left join sys_dept d on u.dept_id = d.dept_id left join sys_user_role ur on u.user_id = ur.user_id left join sys_role r on r.role_id = ur.role_id where u.user_id = ? and u.del_flag = '0'
23:04:21.547 [http-nio-8006-exec-12] DEBUG c.r.s.m.S.selectUserById - [debug,135] - ==> Parameters: 2(Long)
23:04:21.548 [http-nio-8006-exec-12] DEBUG c.r.s.m.S.selectUserById - [debug,135] - <==      Total: 1
23:04:21.549 [http-nio-8006-exec-12] DEBUG c.r.s.m.S.selectUserById - [debug,135] - ==>  Preparing: select u.user_id, u.dept_id, u.user_name, u.nick_name, u.email, u.avatar, u.phonenumber, u.password, u.sex, u.status, u.del_flag, u.login_ip, u.login_date, u.pwd_update_date, u.create_by, u.create_time, u.remark, d.dept_id, d.parent_id, d.ancestors, d.dept_name, d.order_num, d.leader, d.status as dept_status, r.role_id, r.role_name, r.role_key, r.role_sort, r.data_scope, r.status as role_status from sys_user u left join sys_dept d on u.dept_id = d.dept_id left join sys_user_role ur on u.user_id = ur.user_id left join sys_role r on r.role_id = ur.role_id where u.user_id = ? and u.del_flag = '0'
23:04:21.549 [http-nio-8006-exec-12] DEBUG c.r.s.m.S.selectUserById - [debug,135] - ==> Parameters: 100(Long)
23:04:21.550 [http-nio-8006-exec-12] DEBUG c.r.s.m.S.selectUserById - [debug,135] - <==      Total: 1
23:04:21.551 [http-nio-8006-exec-12] DEBUG c.r.s.m.S.selectUserById - [debug,135] - ==>  Preparing: select u.user_id, u.dept_id, u.user_name, u.nick_name, u.email, u.avatar, u.phonenumber, u.password, u.sex, u.status, u.del_flag, u.login_ip, u.login_date, u.pwd_update_date, u.create_by, u.create_time, u.remark, d.dept_id, d.parent_id, d.ancestors, d.dept_name, d.order_num, d.leader, d.status as dept_status, r.role_id, r.role_name, r.role_key, r.role_sort, r.data_scope, r.status as role_status from sys_user u left join sys_dept d on u.dept_id = d.dept_id left join sys_user_role ur on u.user_id = ur.user_id left join sys_role r on r.role_id = ur.role_id where u.user_id = ? and u.del_flag = '0'
23:04:21.551 [http-nio-8006-exec-12] DEBUG c.r.s.m.S.selectUserById - [debug,135] - ==> Parameters: 101(Long)
23:04:21.552 [http-nio-8006-exec-12] DEBUG c.r.s.m.S.selectUserById - [debug,135] - <==      Total: 1
23:04:21.552 [http-nio-8006-exec-12] DEBUG c.r.s.m.S.selectUserById - [debug,135] - ==>  Preparing: select u.user_id, u.dept_id, u.user_name, u.nick_name, u.email, u.avatar, u.phonenumber, u.password, u.sex, u.status, u.del_flag, u.login_ip, u.login_date, u.pwd_update_date, u.create_by, u.create_time, u.remark, d.dept_id, d.parent_id, d.ancestors, d.dept_name, d.order_num, d.leader, d.status as dept_status, r.role_id, r.role_name, r.role_key, r.role_sort, r.data_scope, r.status as role_status from sys_user u left join sys_dept d on u.dept_id = d.dept_id left join sys_user_role ur on u.user_id = ur.user_id left join sys_role r on r.role_id = ur.role_id where u.user_id = ? and u.del_flag = '0'
23:04:21.552 [http-nio-8006-exec-12] DEBUG c.r.s.m.S.selectUserById - [debug,135] - ==> Parameters: 102(Long)
23:04:21.553 [http-nio-8006-exec-12] DEBUG c.r.s.m.S.selectUserById - [debug,135] - <==      Total: 1
23:04:21.554 [http-nio-8006-exec-12] DEBUG c.r.s.m.S.selectUserById - [debug,135] - ==>  Preparing: select u.user_id, u.dept_id, u.user_name, u.nick_name, u.email, u.avatar, u.phonenumber, u.password, u.sex, u.status, u.del_flag, u.login_ip, u.login_date, u.pwd_update_date, u.create_by, u.create_time, u.remark, d.dept_id, d.parent_id, d.ancestors, d.dept_name, d.order_num, d.leader, d.status as dept_status, r.role_id, r.role_name, r.role_key, r.role_sort, r.data_scope, r.status as role_status from sys_user u left join sys_dept d on u.dept_id = d.dept_id left join sys_user_role ur on u.user_id = ur.user_id left join sys_role r on r.role_id = ur.role_id where u.user_id = ? and u.del_flag = '0'
23:04:21.554 [http-nio-8006-exec-12] DEBUG c.r.s.m.S.selectUserById - [debug,135] - ==> Parameters: 103(Long)
23:04:21.555 [http-nio-8006-exec-12] DEBUG c.r.s.m.S.selectUserById - [debug,135] - <==      Total: 1
23:04:21.556 [http-nio-8006-exec-12] DEBUG c.r.s.m.S.selectUserById - [debug,135] - ==>  Preparing: select u.user_id, u.dept_id, u.user_name, u.nick_name, u.email, u.avatar, u.phonenumber, u.password, u.sex, u.status, u.del_flag, u.login_ip, u.login_date, u.pwd_update_date, u.create_by, u.create_time, u.remark, d.dept_id, d.parent_id, d.ancestors, d.dept_name, d.order_num, d.leader, d.status as dept_status, r.role_id, r.role_name, r.role_key, r.role_sort, r.data_scope, r.status as role_status from sys_user u left join sys_dept d on u.dept_id = d.dept_id left join sys_user_role ur on u.user_id = ur.user_id left join sys_role r on r.role_id = ur.role_id where u.user_id = ? and u.del_flag = '0'
23:04:21.556 [http-nio-8006-exec-12] DEBUG c.r.s.m.S.selectUserById - [debug,135] - ==> Parameters: 104(Long)
23:04:21.557 [http-nio-8006-exec-12] DEBUG c.r.s.m.S.selectUserById - [debug,135] - <==      Total: 1
23:04:21.557 [http-nio-8006-exec-12] DEBUG c.r.s.m.S.selectUserById - [debug,135] - ==>  Preparing: select u.user_id, u.dept_id, u.user_name, u.nick_name, u.email, u.avatar, u.phonenumber, u.password, u.sex, u.status, u.del_flag, u.login_ip, u.login_date, u.pwd_update_date, u.create_by, u.create_time, u.remark, d.dept_id, d.parent_id, d.ancestors, d.dept_name, d.order_num, d.leader, d.status as dept_status, r.role_id, r.role_name, r.role_key, r.role_sort, r.data_scope, r.status as role_status from sys_user u left join sys_dept d on u.dept_id = d.dept_id left join sys_user_role ur on u.user_id = ur.user_id left join sys_role r on r.role_id = ur.role_id where u.user_id = ? and u.del_flag = '0'
23:04:21.557 [http-nio-8006-exec-12] DEBUG c.r.s.m.S.selectUserById - [debug,135] - ==> Parameters: 105(Long)
23:04:21.558 [http-nio-8006-exec-12] DEBUG c.r.s.m.S.selectUserById - [debug,135] - <==      Total: 1
23:04:21.558 [http-nio-8006-exec-12] DEBUG c.r.h.m.T.selectTcmPatientList - [debug,135] - ==>  Preparing: select id, name, first_name, last_name, email, phone, practitioner_id, is_active, consent_signed, consent_signed_at, consent_token, consent_token_expires, merged_into, deleted_at, payload, create_time, update_time from tcm_patient
23:04:21.559 [http-nio-8006-exec-12] DEBUG c.r.h.m.T.selectTcmPatientList - [debug,135] - ==> Parameters: 
23:04:21.560 [http-nio-8006-exec-12] DEBUG c.r.h.m.T.selectTcmPatientList - [debug,135] - <==      Total: 3
23:04:21.560 [http-nio-8006-exec-12] DEBUG c.r.h.m.T.selectTcmAppointmentList - [debug,135] - ==>  Preparing: select id, patient_id, practitioner_id, room_id, service_type, start_time, end_time, status, branch_id, intake_token, intake_submitted, payload, create_time, update_time from tcm_appointment
23:04:21.561 [http-nio-8006-exec-12] DEBUG c.r.h.m.T.selectTcmAppointmentList - [debug,135] - ==> Parameters: 
23:04:21.562 [http-nio-8006-exec-12] DEBUG c.r.h.m.T.selectTcmAppointmentList - [debug,135] - <==      Total: 2
23:04:21.562 [http-nio-8006-exec-12] DEBUG c.r.h.m.T.selectTcmConsultationList - [debug,135] - ==>  Preparing: select id, consultation_id, patient_id, practitioner_id, consult_date, status, branch_id, locked_at, version, deleted_at, payload, create_time, update_time from tcm_consultation
23:04:21.563 [http-nio-8006-exec-12] DEBUG c.r.h.m.T.selectTcmConsultationList - [debug,135] - ==> Parameters: 
23:04:21.564 [http-nio-8006-exec-12] DEBUG c.r.h.m.T.selectTcmConsultationList - [debug,135] - <==      Total: 7
23:04:21.566 [http-nio-8006-exec-12] DEBUG c.r.h.m.T.selectTcmInventoryItemList - [debug,135] - ==>  Preparing: select id, name, category, unit, quantity, price_per_unit, min_stock_level, supplier, supplier_id, grams_per_packet, branch_id, is_active, deleted_at, herb_dict_id, payload, create_time, update_time from tcm_inventory_item WHERE deleted_at IS NULL
23:04:21.566 [http-nio-8006-exec-12] DEBUG c.r.h.m.T.selectTcmInventoryItemList - [debug,135] - ==> Parameters: 
23:04:21.568 [http-nio-8006-exec-12] DEBUG c.r.h.m.T.selectTcmInventoryItemList - [debug,135] - <==      Total: 13
23:04:21.568 [http-nio-8006-exec-12] DEBUG c.r.h.m.T.selectTcmBranchList - [debug,135] - ==>  Preparing: select id, name, code, address, phone, email, manager_id, is_active, is_main, room_ids, create_time, update_time from tcm_branch
23:04:21.568 [http-nio-8006-exec-12] DEBUG c.r.h.m.T.selectTcmBranchList - [debug,135] - ==> Parameters: 
23:04:21.569 [http-nio-8006-exec-12] DEBUG c.r.h.m.T.selectTcmBranchList - [debug,135] - <==      Total: 3
23:04:21.569 [http-nio-8006-exec-12] DEBUG c.r.h.m.T.selectAllSettings - [debug,135] - ==>  Preparing: select setting_key, setting_value, update_time from tcm_clinic_setting order by setting_key
23:04:21.570 [http-nio-8006-exec-12] DEBUG c.r.h.m.T.selectAllSettings - [debug,135] - ==> Parameters: 
23:04:21.570 [http-nio-8006-exec-12] DEBUG c.r.h.m.T.selectAllSettings - [debug,135] - <==      Total: 6
23:04:21.570 [http-nio-8006-exec-12] DEBUG c.r.h.m.T.selectTcmRoomList - [debug,135] - ==>  Preparing: select id, name, branch_id, is_active, create_time, update_time from tcm_room
23:04:21.571 [http-nio-8006-exec-12] DEBUG c.r.h.m.T.selectTcmRoomList - [debug,135] - ==> Parameters: 
23:04:21.571 [http-nio-8006-exec-12] DEBUG c.r.h.m.T.selectTcmRoomList - [debug,135] - <==      Total: 3
23:04:21.572 [http-nio-8006-exec-12] DEBUG c.r.h.m.T.selectTcmServiceTypeList - [debug,135] - ==>  Preparing: select service_key, label, duration, practitioner_time, room_required, default_price, update_time from tcm_service_type
23:04:21.572 [http-nio-8006-exec-12] DEBUG c.r.h.m.T.selectTcmServiceTypeList - [debug,135] - ==> Parameters: 
23:04:21.573 [http-nio-8006-exec-12] DEBUG c.r.h.m.T.selectTcmServiceTypeList - [debug,135] - <==      Total: 3
23:04:21.573 [http-nio-8006-exec-12] DEBUG c.r.h.m.T.selectTcmPriceListList - [debug,135] - ==>  Preparing: select id, name, effective_date, is_active, items_json, create_time, update_time from tcm_price_list
23:04:21.574 [http-nio-8006-exec-12] DEBUG c.r.h.m.T.selectTcmPriceListList - [debug,135] - ==> Parameters: 
23:04:21.574 [http-nio-8006-exec-12] DEBUG c.r.h.m.T.selectTcmPriceListList - [debug,135] - <==      Total: 1
23:04:21.575 [http-nio-8006-exec-12] DEBUG c.r.h.m.T.selectTcmEmailLogList - [debug,135] - ==>  Preparing: select id, to_email, subject, email_type, body, sent_at, payload, create_time from tcm_email_log order by id desc
23:04:21.575 [http-nio-8006-exec-12] DEBUG c.r.h.m.T.selectTcmEmailLogList - [debug,135] - ==> Parameters: 
23:04:21.576 [http-nio-8006-exec-12] DEBUG c.r.h.m.T.selectTcmEmailLogList - [debug,135] - <==      Total: 0
23:04:21.576 [http-nio-8006-exec-12] DEBUG c.r.h.m.T.selectTcmFormulaList - [debug,135] - ==>  Preparing: select id, name, category, description, source, is_active, deleted_at, create_time, update_time from tcm_formula WHERE deleted_at IS NULL order by create_time desc
23:04:21.576 [http-nio-8006-exec-12] DEBUG c.r.h.m.T.selectTcmFormulaList - [debug,135] - ==> Parameters: 
23:04:21.578 [http-nio-8006-exec-12] DEBUG c.r.h.m.T.selectTcmFormulaList - [debug,135] - <==      Total: 51
23:04:21.578 [http-nio-8006-exec-12] DEBUG c.r.h.m.T.selectByFormulaId - [debug,135] - ==>  Preparing: select id, formula_id, herb_name, dosage, unit, sort_order, notes, herb_dict_id from tcm_formula_item where formula_id = ? order by sort_order asc
23:04:21.579 [http-nio-8006-exec-12] DEBUG c.r.h.m.T.selectByFormulaId - [debug,135] - ==> Parameters: ecf8c626-94c4-4825-97d3-21c67adf9366(String)
23:04:21.580 [http-nio-8006-exec-12] DEBUG c.r.h.m.T.selectByFormulaId - [debug,135] - <==      Total: 1
23:04:21.580 [http-nio-8006-exec-12] DEBUG c.r.h.m.T.selectByFormulaId - [debug,135] - ==>  Preparing: select id, formula_id, herb_name, dosage, unit, sort_order, notes, herb_dict_id from tcm_formula_item where formula_id = ? order by sort_order asc
23:04:21.580 [http-nio-8006-exec-12] DEBUG c.r.h.m.T.selectByFormulaId - [debug,135] - ==> Parameters: formula-1(String)
23:04:21.581 [http-nio-8006-exec-12] DEBUG c.r.h.m.T.selectByFormulaId - [debug,135] - <==      Total: 4
23:04:21.581 [http-nio-8006-exec-12] DEBUG c.r.h.m.T.selectByFormulaId - [debug,135] - ==>  Preparing: select id, formula_id, herb_name, dosage, unit, sort_order, notes, herb_dict_id from tcm_formula_item where formula_id = ? order by sort_order asc
23:04:21.582 [http-nio-8006-exec-12] DEBUG c.r.h.m.T.selectByFormulaId - [debug,135] - ==> Parameters: formula-10(String)
23:04:21.582 [http-nio-8006-exec-12] DEBUG c.r.h.m.T.selectByFormulaId - [debug,135] - <==      Total: 5
23:04:21.582 [http-nio-8006-exec-12] DEBUG c.r.h.m.T.selectByFormulaId - [debug,135] - ==>  Preparing: select id, formula_id, herb_name, dosage, unit, sort_order, notes, herb_dict_id from tcm_formula_item where formula_id = ? order by sort_order asc
23:04:21.583 [http-nio-8006-exec-12] DEBUG c.r.h.m.T.selectByFormulaId - [debug,135] - ==> Parameters: formula-11(String)
23:04:21.583 [http-nio-8006-exec-12] DEBUG c.r.h.m.T.selectByFormulaId - [debug,135] - <==      Total: 4
23:04:21.583 [http-nio-8006-exec-12] DEBUG c.r.h.m.T.selectByFormulaId - [debug,135] - ==>  Preparing: select id, formula_id, herb_name, dosage, unit, sort_order, notes, herb_dict_id from tcm_formula_item where formula_id = ? order by sort_order asc
23:04:21.584 [http-nio-8006-exec-12] DEBUG c.r.h.m.T.selectByFormulaId - [debug,135] - ==> Parameters: formula-12(String)
23:04:21.584 [http-nio-8006-exec-12] DEBUG c.r.h.m.T.selectByFormulaId - [debug,135] - <==      Total: 0
23:04:21.584 [http-nio-8006-exec-12] DEBUG c.r.h.m.T.selectByFormulaId - [debug,135] - ==>  Preparing: select id, formula_id, herb_name, dosage, unit, sort_order, notes, herb_dict_id from tcm_formula_item where formula_id = ? order by sort_order asc
23:04:21.585 [http-nio-8006-exec-12] DEBUG c.r.h.m.T.selectByFormulaId - [debug,135] - ==> Parameters: formula-13(String)
23:04:21.585 [http-nio-8006-exec-12] DEBUG c.r.h.m.T.selectByFormulaId - [debug,135] - <==      Total: 0
23:04:21.586 [http-nio-8006-exec-12] DEBUG c.r.h.m.T.selectByFormulaId - [debug,135] - ==>  Preparing: select id, formula_id, herb_name, dosage, unit, sort_order, notes, herb_dict_id from tcm_formula_item where formula_id = ? order by sort_order asc
23:04:21.586 [http-nio-8006-exec-12] DEBUG c.r.h.m.T.selectByFormulaId - [debug,135] - ==> Parameters: formula-14(String)
23:04:21.586 [http-nio-8006-exec-12] DEBUG c.r.h.m.T.selectByFormulaId - [debug,135] - <==      Total: 0
23:04:21.587 [http-nio-8006-exec-12] DEBUG c.r.h.m.T.selectByFormulaId - [debug,135] - ==>  Preparing: select id, formula_id, herb_name, dosage, unit, sort_order, notes, herb_dict_id from tcm_formula_item where formula_id = ? order by sort_order asc
23:04:21.587 [http-nio-8006-exec-12] DEBUG c.r.h.m.T.selectByFormulaId - [debug,135] - ==> Parameters: formula-15(String)
23:04:21.588 [http-nio-8006-exec-12] DEBUG c.r.h.m.T.selectByFormulaId - [debug,135] - <==      Total: 7
23:04:21.588 [http-nio-8006-exec-12] DEBUG c.r.h.m.T.selectByFormulaId - [debug,135] - ==>  Preparing: select id, formula_id, herb_name, dosage, unit, sort_order, notes, herb_dict_id from tcm_formula_item where formula_id = ? order by sort_order asc
23:04:21.588 [http-nio-8006-exec-12] DEBUG c.r.h.m.T.selectByFormulaId - [debug,135] - ==> Parameters: formula-16(String)
23:04:21.589 [http-nio-8006-exec-12] DEBUG c.r.h.m.T.selectByFormulaId - [debug,135] - <==      Total: 0
23:04:21.589 [http-nio-8006-exec-12] DEBUG c.r.h.m.T.selectByFormulaId - [debug,135] - ==>  Preparing: select id, formula_id, herb_name, dosage, unit, sort_order, notes, herb_dict_id from tcm_formula_item where formula_id = ? order by sort_order asc
23:04:21.589 [http-nio-8006-exec-12] DEBUG c.r.h.m.T.selectByFormulaId - [debug,135] - ==> Parameters: formula-17(String)
23:04:21.589 [http-nio-8006-exec-12] DEBUG c.r.h.m.T.selectByFormulaId - [debug,135] - <==      Total: 4
23:04:21.590 [http-nio-8006-exec-12] DEBUG c.r.h.m.T.selectByFormulaId - [debug,135] - ==>  Preparing: select id, formula_id, herb_name, dosage, unit, sort_order, notes, herb_dict_id from tcm_formula_item where formula_id = ? order by sort_order asc
23:04:21.590 [http-nio-8006-exec-12] DEBUG c.r.h.m.T.selectByFormulaId - [debug,135] - ==> Parameters: formula-18(String)
23:04:21.591 [http-nio-8006-exec-12] DEBUG c.r.h.m.T.selectByFormulaId - [debug,135] - <==      Total: 3
23:04:21.591 [http-nio-8006-exec-12] DEBUG c.r.h.m.T.selectByFormulaId - [debug,135] - ==>  Preparing: select id, formula_id, herb_name, dosage, unit, sort_order, notes, herb_dict_id from tcm_formula_item where formula_id = ? order by sort_order asc
23:04:21.591 [http-nio-8006-exec-12] DEBUG c.r.h.m.T.selectByFormulaId - [debug,135] - ==> Parameters: formula-19(String)
23:04:21.592 [http-nio-8006-exec-12] DEBUG c.r.h.m.T.selectByFormulaId - [debug,135] - <==      Total: 0
23:04:21.592 [http-nio-8006-exec-12] DEBUG c.r.h.m.T.selectByFormulaId - [debug,135] - ==>  Preparing: select id, formula_id, herb_name, dosage, unit, sort_order, notes, herb_dict_id from tcm_formula_item where formula_id = ? order by sort_order asc
23:04:21.593 [http-nio-8006-exec-12] DEBUG c.r.h.m.T.selectByFormulaId - [debug,135] - ==> Parameters: formula-2(String)
23:04:21.593 [http-nio-8006-exec-12] DEBUG c.r.h.m.T.selectByFormulaId - [debug,135] - <==      Total: 6
23:04:21.594 [http-nio-8006-exec-12] DEBUG c.r.h.m.T.selectByFormulaId - [debug,135] - ==>  Preparing: select id, formula_id, herb_name, dosage, unit, sort_order, notes, herb_dict_id from tcm_formula_item where formula_id = ? order by sort_order asc
23:04:21.594 [http-nio-8006-exec-12] DEBUG c.r.h.m.T.selectByFormulaId - [debug,135] - ==> Parameters: formula-20(String)
23:04:21.594 [http-nio-8006-exec-12] DEBUG c.r.h.m.T.selectByFormulaId - [debug,135] - <==      Total: 0
23:04:21.594 [http-nio-8006-exec-12] DEBUG c.r.h.m.T.selectByFormulaId - [debug,135] - ==>  Preparing: select id, formula_id, herb_name, dosage, unit, sort_order, notes, herb_dict_id from tcm_formula_item where formula_id = ? order by sort_order asc
23:04:21.594 [http-nio-8006-exec-12] DEBUG c.r.h.m.T.selectByFormulaId - [debug,135] - ==> Parameters: formula-21(String)
23:04:21.596 [http-nio-8006-exec-12] DEBUG c.r.h.m.T.selectByFormulaId - [debug,135] - <==      Total: 4
23:04:21.596 [http-nio-8006-exec-12] DEBUG c.r.h.m.T.selectByFormulaId - [debug,135] - ==>  Preparing: select id, formula_id, herb_name, dosage, unit, sort_order, notes, herb_dict_id from tcm_formula_item where formula_id = ? order by sort_order asc
23:04:21.597 [http-nio-8006-exec-12] DEBUG c.r.h.m.T.selectByFormulaId - [debug,135] - ==> Parameters: formula-22(String)
23:04:21.597 [http-nio-8006-exec-12] DEBUG c.r.h.m.T.selectByFormulaId - [debug,135] - <==      Total: 0
23:04:21.597 [http-nio-8006-exec-12] DEBUG c.r.h.m.T.selectByFormulaId - [debug,135] - ==>  Preparing: select id, formula_id, herb_name, dosage, unit, sort_order, notes, herb_dict_id from tcm_formula_item where formula_id = ? order by sort_order asc
23:04:21.598 [http-nio-8006-exec-12] DEBUG c.r.h.m.T.selectByFormulaId - [debug,135] - ==> Parameters: formula-23(String)
23:04:21.598 [http-nio-8006-exec-12] DEBUG c.r.h.m.T.selectByFormulaId - [debug,135] - <==      Total: 0
23:04:21.599 [http-nio-8006-exec-12] DEBUG c.r.h.m.T.selectByFormulaId - [debug,135] - ==>  Preparing: select id, formula_id, herb_name, dosage, unit, sort_order, notes, herb_dict_id from tcm_formula_item where formula_id = ? order by sort_order asc
23:04:21.599 [http-nio-8006-exec-12] DEBUG c.r.h.m.T.selectByFormulaId - [debug,135] - ==> Parameters: formula-24(String)
23:04:21.599 [http-nio-8006-exec-12] DEBUG c.r.h.m.T.selectByFormulaId - [debug,135] - <==      Total: 5
23:04:21.599 [http-nio-8006-exec-12] DEBUG c.r.h.m.T.selectByFormulaId - [debug,135] - ==>  Preparing: select id, formula_id, herb_name, dosage, unit, sort_order, notes, herb_dict_id from tcm_formula_item where formula_id = ? order by sort_order asc
23:04:21.600 [http-nio-8006-exec-12] DEBUG c.r.h.m.T.selectByFormulaId - [debug,135] - ==> Parameters: formula-25(String)
23:04:21.600 [http-nio-8006-exec-12] DEBUG c.r.h.m.T.selectByFormulaId - [debug,135] - <==      Total: 0
23:04:21.600 [http-nio-8006-exec-12] DEBUG c.r.h.m.T.selectByFormulaId - [debug,135] - ==>  Preparing: select id, formula_id, herb_name, dosage, unit, sort_order, notes, herb_dict_id from tcm_formula_item where formula_id = ? order by sort_order asc
23:04:21.601 [http-nio-8006-exec-12] DEBUG c.r.h.m.T.selectByFormulaId - [debug,135] - ==> Parameters: formula-26(String)
23:04:21.601 [http-nio-8006-exec-12] DEBUG c.r.h.m.T.selectByFormulaId - [debug,135] - <==      Total: 0
23:04:21.601 [http-nio-8006-exec-12] DEBUG c.r.h.m.T.selectByFormulaId - [debug,135] - ==>  Preparing: select id, formula_id, herb_name, dosage, unit, sort_order, notes, herb_dict_id from tcm_formula_item where formula_id = ? order by sort_order asc
23:04:21.602 [http-nio-8006-exec-12] DEBUG c.r.h.m.T.selectByFormulaId - [debug,135] - ==> Parameters: formula-27(String)
23:04:21.602 [http-nio-8006-exec-12] DEBUG c.r.h.m.T.selectByFormulaId - [debug,135] - <==      Total: 0
23:04:21.602 [http-nio-8006-exec-12] DEBUG c.r.h.m.T.selectByFormulaId - [debug,135] - ==>  Preparing: select id, formula_id, herb_name, dosage, unit, sort_order, notes, herb_dict_id from tcm_formula_item where formula_id = ? order by sort_order asc
23:04:21.603 [http-nio-8006-exec-12] DEBUG c.r.h.m.T.selectByFormulaId - [debug,135] - ==> Parameters: formula-28(String)
23:04:21.603 [http-nio-8006-exec-12] DEBUG c.r.h.m.T.selectByFormulaId - [debug,135] - <==      Total: 0
23:04:21.604 [http-nio-8006-exec-12] DEBUG c.r.h.m.T.selectByFormulaId - [debug,135] - ==>  Preparing: select id, formula_id, herb_name, dosage, unit, sort_order, notes, herb_dict_id from tcm_formula_item where formula_id = ? order by sort_order asc
23:04:21.604 [http-nio-8006-exec-12] DEBUG c.r.h.m.T.selectByFormulaId - [debug,135] - ==> Parameters: formula-29(String)
23:04:21.604 [http-nio-8006-exec-12] DEBUG c.r.h.m.T.selectByFormulaId - [debug,135] - <==      Total: 8
23:04:21.606 [http-nio-8006-exec-12] DEBUG c.r.h.m.T.selectByFormulaId - [debug,135] - ==>  Preparing: select id, formula_id, herb_name, dosage, unit, sort_order, notes, herb_dict_id from tcm_formula_item where formula_id = ? order by sort_order asc
23:04:21.606 [http-nio-8006-exec-12] DEBUG c.r.h.m.T.selectByFormulaId - [debug,135] - ==> Parameters: formula-3(String)
23:04:21.607 [http-nio-8006-exec-12] DEBUG c.r.h.m.T.selectByFormulaId - [debug,135] - <==      Total: 8
23:04:21.607 [http-nio-8006-exec-12] DEBUG c.r.h.m.T.selectByFormulaId - [debug,135] - ==>  Preparing: select id, formula_id, herb_name, dosage, unit, sort_order, notes, herb_dict_id from tcm_formula_item where formula_id = ? order by sort_order asc
23:04:21.608 [http-nio-8006-exec-12] DEBUG c.r.h.m.T.selectByFormulaId - [debug,135] - ==> Parameters: formula-30(String)
23:04:21.608 [http-nio-8006-exec-12] DEBUG c.r.h.m.T.selectByFormulaId - [debug,135] - <==      Total: 0
23:04:21.609 [http-nio-8006-exec-12] DEBUG c.r.h.m.T.selectByFormulaId - [debug,135] - ==>  Preparing: select id, formula_id, herb_name, dosage, unit, sort_order, notes, herb_dict_id from tcm_formula_item where formula_id = ? order by sort_order asc
23:04:21.609 [http-nio-8006-exec-12] DEBUG c.r.h.m.T.selectByFormulaId - [debug,135] - ==> Parameters: formula-31(String)
23:04:21.610 [http-nio-8006-exec-12] DEBUG c.r.h.m.T.selectByFormulaId - [debug,135] - <==      Total: 5
23:04:21.610 [http-nio-8006-exec-12] DEBUG c.r.h.m.T.selectByFormulaId - [debug,135] - ==>  Preparing: select id, formula_id, herb_name, dosage, unit, sort_order, notes, herb_dict_id from tcm_formula_item where formula_id = ? order by sort_order asc
23:04:21.610 [http-nio-8006-exec-12] DEBUG c.r.h.m.T.selectByFormulaId - [debug,135] - ==> Parameters: formula-32(String)
23:04:21.611 [http-nio-8006-exec-12] DEBUG c.r.h.m.T.selectByFormulaId - [debug,135] - <==      Total: 0
23:04:21.611 [http-nio-8006-exec-12] DEBUG c.r.h.m.T.selectByFormulaId - [debug,135] - ==>  Preparing: select id, formula_id, herb_name, dosage, unit, sort_order, notes, herb_dict_id from tcm_formula_item where formula_id = ? order by sort_order asc
23:04:21.611 [http-nio-8006-exec-12] DEBUG c.r.h.m.T.selectByFormulaId - [debug,135] - ==> Parameters: formula-33(String)
23:04:21.612 [http-nio-8006-exec-12] DEBUG c.r.h.m.T.selectByFormulaId - [debug,135] - <==      Total: 3
23:04:21.612 [http-nio-8006-exec-12] DEBUG c.r.h.m.T.selectByFormulaId - [debug,135] - ==>  Preparing: select id, formula_id, herb_name, dosage, unit, sort_order, notes, herb_dict_id from tcm_formula_item where formula_id = ? order by sort_order asc
23:04:21.612 [http-nio-8006-exec-12] DEBUG c.r.h.m.T.selectByFormulaId - [debug,135] - ==> Parameters: formula-34(String)
23:04:21.613 [http-nio-8006-exec-12] DEBUG c.r.h.m.T.selectByFormulaId - [debug,135] - <==      Total: 3
23:04:21.613 [http-nio-8006-exec-12] DEBUG c.r.h.m.T.selectByFormulaId - [debug,135] - ==>  Preparing: select id, formula_id, herb_name, dosage, unit, sort_order, notes, herb_dict_id from tcm_formula_item where formula_id = ? order by sort_order asc
23:04:21.613 [http-nio-8006-exec-12] DEBUG c.r.h.m.T.selectByFormulaId - [debug,135] - ==> Parameters: formula-35(String)
23:04:21.614 [http-nio-8006-exec-12] DEBUG c.r.h.m.T.selectByFormulaId - [debug,135] - <==      Total: 4
23:04:21.614 [http-nio-8006-exec-12] DEBUG c.r.h.m.T.selectByFormulaId - [debug,135] - ==>  Preparing: select id, formula_id, herb_name, dosage, unit, sort_order, notes, herb_dict_id from tcm_formula_item where formula_id = ? order by sort_order asc
23:04:21.614 [http-nio-8006-exec-12] DEBUG c.r.h.m.T.selectByFormulaId - [debug,135] - ==> Parameters: formula-36(String)
23:04:21.615 [http-nio-8006-exec-12] DEBUG c.r.h.m.T.selectByFormulaId - [debug,135] - <==      Total: 0
23:04:21.615 [http-nio-8006-exec-12] DEBUG c.r.h.m.T.selectByFormulaId - [debug,135] - ==>  Preparing: select id, formula_id, herb_name, dosage, unit, sort_order, notes, herb_dict_id from tcm_formula_item where formula_id = ? order by sort_order asc
23:04:21.615 [http-nio-8006-exec-12] DEBUG c.r.h.m.T.selectByFormulaId - [debug,135] - ==> Parameters: formula-37(String)
23:04:21.616 [http-nio-8006-exec-12] DEBUG c.r.h.m.T.selectByFormulaId - [debug,135] - <==      Total: 6
23:04:21.616 [http-nio-8006-exec-12] DEBUG c.r.h.m.T.selectByFormulaId - [debug,135] - ==>  Preparing: select id, formula_id, herb_name, dosage, unit, sort_order, notes, herb_dict_id from tcm_formula_item where formula_id = ? order by sort_order asc
23:04:21.616 [http-nio-8006-exec-12] DEBUG c.r.h.m.T.selectByFormulaId - [debug,135] - ==> Parameters: formula-38(String)
23:04:21.617 [http-nio-8006-exec-12] DEBUG c.r.h.m.T.selectByFormulaId - [debug,135] - <==      Total: 0
23:04:21.617 [http-nio-8006-exec-12] DEBUG c.r.h.m.T.selectByFormulaId - [debug,135] - ==>  Preparing: select id, formula_id, herb_name, dosage, unit, sort_order, notes, herb_dict_id from tcm_formula_item where formula_id = ? order by sort_order asc
23:04:21.617 [http-nio-8006-exec-12] DEBUG c.r.h.m.T.selectByFormulaId - [debug,135] - ==> Parameters: formula-39(String)
23:04:21.617 [http-nio-8006-exec-12] DEBUG c.r.h.m.T.selectByFormulaId - [debug,135] - <==      Total: 0
23:04:21.619 [http-nio-8006-exec-12] DEBUG c.r.h.m.T.selectByFormulaId - [debug,135] - ==>  Preparing: select id, formula_id, herb_name, dosage, unit, sort_order, notes, herb_dict_id from tcm_formula_item where formula_id = ? order by sort_order asc
23:04:21.619 [http-nio-8006-exec-12] DEBUG c.r.h.m.T.selectByFormulaId - [debug,135] - ==> Parameters: formula-4(String)
23:04:21.619 [http-nio-8006-exec-12] DEBUG c.r.h.m.T.selectByFormulaId - [debug,135] - <==      Total: 8
23:04:21.620 [http-nio-8006-exec-12] DEBUG c.r.h.m.T.selectByFormulaId - [debug,135] - ==>  Preparing: select id, formula_id, herb_name, dosage, unit, sort_order, notes, herb_dict_id from tcm_formula_item where formula_id = ? order by sort_order asc
23:04:21.620 [http-nio-8006-exec-12] DEBUG c.r.h.m.T.selectByFormulaId - [debug,135] - ==> Parameters: formula-40(String)
23:04:21.620 [http-nio-8006-exec-12] DEBUG c.r.h.m.T.selectByFormulaId - [debug,135] - <==      Total: 0
23:04:21.621 [http-nio-8006-exec-12] DEBUG c.r.h.m.T.selectByFormulaId - [debug,135] - ==>  Preparing: select id, formula_id, herb_name, dosage, unit, sort_order, notes, herb_dict_id from tcm_formula_item where formula_id = ? order by sort_order asc
23:04:21.621 [http-nio-8006-exec-12] DEBUG c.r.h.m.T.selectByFormulaId - [debug,135] - ==> Parameters: formula-41(String)
23:04:21.621 [http-nio-8006-exec-12] DEBUG c.r.h.m.T.selectByFormulaId - [debug,135] - <==      Total: 0
23:04:21.622 [http-nio-8006-exec-12] DEBUG c.r.h.m.T.selectByFormulaId - [debug,135] - ==>  Preparing: select id, formula_id, herb_name, dosage, unit, sort_order, notes, herb_dict_id from tcm_formula_item where formula_id = ? order by sort_order asc
23:04:21.622 [http-nio-8006-exec-12] DEBUG c.r.h.m.T.selectByFormulaId - [debug,135] - ==> Parameters: formula-42(String)
23:04:21.623 [http-nio-8006-exec-12] DEBUG c.r.h.m.T.selectByFormulaId - [debug,135] - <==      Total: 0
23:04:21.623 [http-nio-8006-exec-12] DEBUG c.r.h.m.T.selectByFormulaId - [debug,135] - ==>  Preparing: select id, formula_id, herb_name, dosage, unit, sort_order, notes, herb_dict_id from tcm_formula_item where formula_id = ? order by sort_order asc
23:04:21.623 [http-nio-8006-exec-12] DEBUG c.r.h.m.T.selectByFormulaId - [debug,135] - ==> Parameters: formula-43(String)
23:04:21.624 [http-nio-8006-exec-12] DEBUG c.r.h.m.T.selectByFormulaId - [debug,135] - <==      Total: 0
23:04:21.624 [http-nio-8006-exec-12] DEBUG c.r.h.m.T.selectByFormulaId - [debug,135] - ==>  Preparing: select id, formula_id, herb_name, dosage, unit, sort_order, notes, herb_dict_id from tcm_formula_item where formula_id = ? order by sort_order asc
23:04:21.625 [http-nio-8006-exec-12] DEBUG c.r.h.m.T.selectByFormulaId - [debug,135] - ==> Parameters: formula-44(String)
23:04:21.625 [http-nio-8006-exec-12] DEBUG c.r.h.m.T.selectByFormulaId - [debug,135] - <==      Total: 0
23:04:21.625 [http-nio-8006-exec-12] DEBUG c.r.h.m.T.selectByFormulaId - [debug,135] - ==>  Preparing: select id, formula_id, herb_name, dosage, unit, sort_order, notes, herb_dict_id from tcm_formula_item where formula_id = ? order by sort_order asc
23:04:21.626 [http-nio-8006-exec-12] DEBUG c.r.h.m.T.selectByFormulaId - [debug,135] - ==> Parameters: formula-45(String)
23:04:21.626 [http-nio-8006-exec-12] DEBUG c.r.h.m.T.selectByFormulaId - [debug,135] - <==      Total: 0
23:04:21.627 [http-nio-8006-exec-12] DEBUG c.r.h.m.T.selectByFormulaId - [debug,135] - ==>  Preparing: select id, formula_id, herb_name, dosage, unit, sort_order, notes, herb_dict_id from tcm_formula_item where formula_id = ? order by sort_order asc
23:04:21.627 [http-nio-8006-exec-12] DEBUG c.r.h.m.T.selectByFormulaId - [debug,135] - ==> Parameters: formula-46(String)
23:04:21.627 [http-nio-8006-exec-12] DEBUG c.r.h.m.T.selectByFormulaId - [debug,135] - <==      Total: 0
23:04:21.628 [http-nio-8006-exec-12] DEBUG c.r.h.m.T.selectByFormulaId - [debug,135] - ==>  Preparing: select id, formula_id, herb_name, dosage, unit, sort_order, notes, herb_dict_id from tcm_formula_item where formula_id = ? order by sort_order asc
23:04:21.629 [http-nio-8006-exec-12] DEBUG c.r.h.m.T.selectByFormulaId - [debug,135] - ==> Parameters: formula-47(String)
23:04:21.631 [http-nio-8006-exec-12] DEBUG c.r.h.m.T.selectByFormulaId - [debug,135] - <==      Total: 0
23:04:21.631 [http-nio-8006-exec-12] DEBUG c.r.h.m.T.selectByFormulaId - [debug,135] - ==>  Preparing: select id, formula_id, herb_name, dosage, unit, sort_order, notes, herb_dict_id from tcm_formula_item where formula_id = ? order by sort_order asc
23:04:21.632 [http-nio-8006-exec-12] DEBUG c.r.h.m.T.selectByFormulaId - [debug,135] - ==> Parameters: formula-48(String)
23:04:21.634 [http-nio-8006-exec-12] DEBUG c.r.h.m.T.selectByFormulaId - [debug,135] - <==      Total: 0
23:04:21.635 [http-nio-8006-exec-12] DEBUG c.r.h.m.T.selectByFormulaId - [debug,135] - ==>  Preparing: select id, formula_id, herb_name, dosage, unit, sort_order, notes, herb_dict_id from tcm_formula_item where formula_id = ? order by sort_order asc
23:04:21.635 [http-nio-8006-exec-12] DEBUG c.r.h.m.T.selectByFormulaId - [debug,135] - ==> Parameters: formula-49(String)
23:04:21.637 [http-nio-8006-exec-12] DEBUG c.r.h.m.T.selectByFormulaId - [debug,135] - <==      Total: 0
23:04:21.638 [http-nio-8006-exec-12] DEBUG c.r.h.m.T.selectByFormulaId - [debug,135] - ==>  Preparing: select id, formula_id, herb_name, dosage, unit, sort_order, notes, herb_dict_id from tcm_formula_item where formula_id = ? order by sort_order asc
23:04:21.639 [http-nio-8006-exec-12] DEBUG c.r.h.m.T.selectByFormulaId - [debug,135] - ==> Parameters: formula-5(String)
23:04:21.640 [http-nio-8006-exec-12] DEBUG c.r.h.m.T.selectByFormulaId - [debug,135] - <==      Total: 8
23:04:21.640 [http-nio-8006-exec-12] DEBUG c.r.h.m.T.selectByFormulaId - [debug,135] - ==>  Preparing: select id, formula_id, herb_name, dosage, unit, sort_order, notes, herb_dict_id from tcm_formula_item where formula_id = ? order by sort_order asc
23:04:21.640 [http-nio-8006-exec-12] DEBUG c.r.h.m.T.selectByFormulaId - [debug,135] - ==> Parameters: formula-50(String)
23:04:21.641 [http-nio-8006-exec-12] DEBUG c.r.h.m.T.selectByFormulaId - [debug,135] - <==      Total: 7
23:04:21.642 [http-nio-8006-exec-12] DEBUG c.r.h.m.T.selectByFormulaId - [debug,135] - ==>  Preparing: select id, formula_id, herb_name, dosage, unit, sort_order, notes, herb_dict_id from tcm_formula_item where formula_id = ? order by sort_order asc
23:04:21.642 [http-nio-8006-exec-12] DEBUG c.r.h.m.T.selectByFormulaId - [debug,135] - ==> Parameters: formula-6(String)
23:04:21.643 [http-nio-8006-exec-12] DEBUG c.r.h.m.T.selectByFormulaId - [debug,135] - <==      Total: 7
23:04:21.643 [http-nio-8006-exec-12] DEBUG c.r.h.m.T.selectByFormulaId - [debug,135] - ==>  Preparing: select id, formula_id, herb_name, dosage, unit, sort_order, notes, herb_dict_id from tcm_formula_item where formula_id = ? order by sort_order asc
23:04:21.644 [http-nio-8006-exec-12] DEBUG c.r.h.m.T.selectByFormulaId - [debug,135] - ==> Parameters: formula-7(String)
23:04:21.644 [http-nio-8006-exec-12] DEBUG c.r.h.m.T.selectByFormulaId - [debug,135] - <==      Total: 5
23:04:21.645 [http-nio-8006-exec-12] DEBUG c.r.h.m.T.selectByFormulaId - [debug,135] - ==>  Preparing: select id, formula_id, herb_name, dosage, unit, sort_order, notes, herb_dict_id from tcm_formula_item where formula_id = ? order by sort_order asc
23:04:21.645 [http-nio-8006-exec-12] DEBUG c.r.h.m.T.selectByFormulaId - [debug,135] - ==> Parameters: formula-8(String)
23:04:21.646 [http-nio-8006-exec-12] DEBUG c.r.h.m.T.selectByFormulaId - [debug,135] - <==      Total: 8
23:04:21.646 [http-nio-8006-exec-12] DEBUG c.r.h.m.T.selectByFormulaId - [debug,135] - ==>  Preparing: select id, formula_id, herb_name, dosage, unit, sort_order, notes, herb_dict_id from tcm_formula_item where formula_id = ? order by sort_order asc
23:04:21.646 [http-nio-8006-exec-12] DEBUG c.r.h.m.T.selectByFormulaId - [debug,135] - ==> Parameters: formula-9(String)
23:04:21.647 [http-nio-8006-exec-12] DEBUG c.r.h.m.T.selectByFormulaId - [debug,135] - <==      Total: 4
23:04:21.648 [http-nio-8006-exec-12] DEBUG c.r.h.m.T.selectTcmSupplierList - [debug,135] - ==>  Preparing: select id, name, contact_person, phone, email, address, notes, is_active, deleted_at, create_time, update_time from tcm_supplier WHERE deleted_at IS NULL order by create_time desc
23:04:21.649 [http-nio-8006-exec-12] DEBUG c.r.h.m.T.selectTcmSupplierList - [debug,135] - ==> Parameters: 
23:04:21.650 [http-nio-8006-exec-12] DEBUG c.r.h.m.T.selectTcmSupplierList - [debug,135] - <==      Total: 4
23:04:21.650 [http-nio-8006-exec-12] DEBUG c.r.h.m.T.selectTcmAcupointList - [debug,135] - ==>  Preparing: select id, name, pinyin, english_name, meridian, location, indication, method, notes, is_active, deleted_at, create_time, update_time from tcm_acupoint WHERE deleted_at IS NULL order by name asc
23:04:21.650 [http-nio-8006-exec-12] DEBUG c.r.h.m.T.selectTcmAcupointList - [debug,135] - ==> Parameters: 
23:04:21.652 [http-nio-8006-exec-12] DEBUG c.r.h.m.T.selectTcmAcupointList - [debug,135] - <==      Total: 100
23:04:21.653 [http-nio-8006-exec-12] DEBUG c.r.h.m.T.selectAll - [debug,135] - ==>  Preparing: select id, from_unit, to_unit, factor, notes, create_time from tcm_unit_conversion order by from_unit, to_unit
23:04:21.654 [http-nio-8006-exec-12] DEBUG c.r.h.m.T.selectAll - [debug,135] - ==> Parameters: 
23:04:21.655 [http-nio-8006-exec-12] DEBUG c.r.h.m.T.selectAll - [debug,135] - <==      Total: 16
23:04:21.655 [http-nio-8006-exec-12] DEBUG c.r.h.m.T.selectTcmHerbDictList - [debug,135] - ==>  Preparing: select id, name, alias, pinyin, category, nature, taste, meridian_tropism, efficacy, indication, dosage_range, contraindication, notes, is_active, deleted_at, create_time, update_time from tcm_herb_dict WHERE deleted_at IS NULL order by category asc, name asc
23:04:21.655 [http-nio-8006-exec-12] DEBUG c.r.h.m.T.selectTcmHerbDictList - [debug,135] - ==> Parameters: 
23:04:21.659 [http-nio-8006-exec-12] DEBUG c.r.h.m.T.selectTcmHerbDictList - [debug,135] - <==      Total: 80
23:04:21.660 [http-nio-8006-exec-12] DEBUG c.r.h.m.T.selectTcmMeridianList - [debug,135] - ==>  Preparing: select id, name, english_name, abbr, category, organ, pathway, acupoint_count, indication, notes, is_active, deleted_at, create_time, update_time from tcm_meridian WHERE deleted_at IS NULL order by id asc
23:04:21.660 [http-nio-8006-exec-12] DEBUG c.r.h.m.T.selectTcmMeridianList - [debug,135] - ==> Parameters: 
23:04:21.661 [http-nio-8006-exec-12] DEBUG c.r.h.m.T.selectTcmMeridianList - [debug,135] - <==      Total: 14
23:04:21.662 [http-nio-8006-exec-12] DEBUG c.r.h.m.T.selectTcmTreatmentTemplateList - [debug,135] - ==>  Preparing: select id, name, disease, category, description, acupoints_json, formula_ids, advice, notes, is_active, deleted_at, create_time, update_time from tcm_treatment_template WHERE deleted_at IS NULL order by category asc, name asc
23:04:21.662 [http-nio-8006-exec-12] DEBUG c.r.h.m.T.selectTcmTreatmentTemplateList - [debug,135] - ==> Parameters: 
23:04:21.663 [http-nio-8006-exec-12] DEBUG c.r.h.m.T.selectTcmTreatmentTemplateList - [debug,135] - <==      Total: 10
23:04:21.678 [http-nio-8006-exec-13] DEBUG c.r.s.m.S.selectUserList - [debug,135] - ==>  Preparing: select u.user_id, u.dept_id, u.nick_name, u.user_name, u.email, u.avatar, u.phonenumber, u.sex, u.status, u.del_flag, u.login_ip, u.login_date, u.create_by, u.create_time, u.remark, d.dept_name, d.leader from sys_user u left join sys_dept d on u.dept_id = d.dept_id where u.del_flag = '0'
23:04:21.680 [http-nio-8006-exec-13] DEBUG c.r.s.m.S.selectUserList - [debug,135] - ==> Parameters: 
23:04:21.682 [http-nio-8006-exec-13] DEBUG c.r.s.m.S.selectUserList - [debug,135] - <==      Total: 8
23:04:21.682 [http-nio-8006-exec-13] DEBUG c.r.s.m.S.selectUserById - [debug,135] - ==>  Preparing: select u.user_id, u.dept_id, u.user_name, u.nick_name, u.email, u.avatar, u.phonenumber, u.password, u.sex, u.status, u.del_flag, u.login_ip, u.login_date, u.pwd_update_date, u.create_by, u.create_time, u.remark, d.dept_id, d.parent_id, d.ancestors, d.dept_name, d.order_num, d.leader, d.status as dept_status, r.role_id, r.role_name, r.role_key, r.role_sort, r.data_scope, r.status as role_status from sys_user u left join sys_dept d on u.dept_id = d.dept_id left join sys_user_role ur on u.user_id = ur.user_id left join sys_role r on r.role_id = ur.role_id where u.user_id = ? and u.del_flag = '0'
23:04:21.683 [http-nio-8006-exec-13] DEBUG c.r.s.m.S.selectUserById - [debug,135] - ==> Parameters: 1(Long)
23:04:21.684 [http-nio-8006-exec-13] DEBUG c.r.s.m.S.selectUserById - [debug,135] - <==      Total: 1
23:04:21.685 [http-nio-8006-exec-13] DEBUG c.r.s.m.S.selectUserById - [debug,135] - ==>  Preparing: select u.user_id, u.dept_id, u.user_name, u.nick_name, u.email, u.avatar, u.phonenumber, u.password, u.sex, u.status, u.del_flag, u.login_ip, u.login_date, u.pwd_update_date, u.create_by, u.create_time, u.remark, d.dept_id, d.parent_id, d.ancestors, d.dept_name, d.order_num, d.leader, d.status as dept_status, r.role_id, r.role_name, r.role_key, r.role_sort, r.data_scope, r.status as role_status from sys_user u left join sys_dept d on u.dept_id = d.dept_id left join sys_user_role ur on u.user_id = ur.user_id left join sys_role r on r.role_id = ur.role_id where u.user_id = ? and u.del_flag = '0'
23:04:21.685 [http-nio-8006-exec-13] DEBUG c.r.s.m.S.selectUserById - [debug,135] - ==> Parameters: 2(Long)
23:04:21.686 [http-nio-8006-exec-13] DEBUG c.r.s.m.S.selectUserById - [debug,135] - <==      Total: 1
23:04:21.687 [http-nio-8006-exec-13] DEBUG c.r.s.m.S.selectUserById - [debug,135] - ==>  Preparing: select u.user_id, u.dept_id, u.user_name, u.nick_name, u.email, u.avatar, u.phonenumber, u.password, u.sex, u.status, u.del_flag, u.login_ip, u.login_date, u.pwd_update_date, u.create_by, u.create_time, u.remark, d.dept_id, d.parent_id, d.ancestors, d.dept_name, d.order_num, d.leader, d.status as dept_status, r.role_id, r.role_name, r.role_key, r.role_sort, r.data_scope, r.status as role_status from sys_user u left join sys_dept d on u.dept_id = d.dept_id left join sys_user_role ur on u.user_id = ur.user_id left join sys_role r on r.role_id = ur.role_id where u.user_id = ? and u.del_flag = '0'
23:04:21.687 [http-nio-8006-exec-13] DEBUG c.r.s.m.S.selectUserById - [debug,135] - ==> Parameters: 100(Long)
23:04:21.689 [http-nio-8006-exec-13] DEBUG c.r.s.m.S.selectUserById - [debug,135] - <==      Total: 1
23:04:21.689 [http-nio-8006-exec-13] DEBUG c.r.s.m.S.selectUserById - [debug,135] - ==>  Preparing: select u.user_id, u.dept_id, u.user_name, u.nick_name, u.email, u.avatar, u.phonenumber, u.password, u.sex, u.status, u.del_flag, u.login_ip, u.login_date, u.pwd_update_date, u.create_by, u.create_time, u.remark, d.dept_id, d.parent_id, d.ancestors, d.dept_name, d.order_num, d.leader, d.status as dept_status, r.role_id, r.role_name, r.role_key, r.role_sort, r.data_scope, r.status as role_status from sys_user u left join sys_dept d on u.dept_id = d.dept_id left join sys_user_role ur on u.user_id = ur.user_id left join sys_role r on r.role_id = ur.role_id where u.user_id = ? and u.del_flag = '0'
23:04:21.689 [http-nio-8006-exec-13] DEBUG c.r.s.m.S.selectUserById - [debug,135] - ==> Parameters: 101(Long)
23:04:21.691 [http-nio-8006-exec-13] DEBUG c.r.s.m.S.selectUserById - [debug,135] - <==      Total: 1
23:04:21.691 [http-nio-8006-exec-13] DEBUG c.r.s.m.S.selectUserById - [debug,135] - ==>  Preparing: select u.user_id, u.dept_id, u.user_name, u.nick_name, u.email, u.avatar, u.phonenumber, u.password, u.sex, u.status, u.del_flag, u.login_ip, u.login_date, u.pwd_update_date, u.create_by, u.create_time, u.remark, d.dept_id, d.parent_id, d.ancestors, d.dept_name, d.order_num, d.leader, d.status as dept_status, r.role_id, r.role_name, r.role_key, r.role_sort, r.data_scope, r.status as role_status from sys_user u left join sys_dept d on u.dept_id = d.dept_id left join sys_user_role ur on u.user_id = ur.user_id left join sys_role r on r.role_id = ur.role_id where u.user_id = ? and u.del_flag = '0'
23:04:21.692 [http-nio-8006-exec-13] DEBUG c.r.s.m.S.selectUserById - [debug,135] - ==> Parameters: 102(Long)
23:04:21.693 [http-nio-8006-exec-13] DEBUG c.r.s.m.S.selectUserById - [debug,135] - <==      Total: 1
23:04:21.693 [http-nio-8006-exec-13] DEBUG c.r.s.m.S.selectUserById - [debug,135] - ==>  Preparing: select u.user_id, u.dept_id, u.user_name, u.nick_name, u.email, u.avatar, u.phonenumber, u.password, u.sex, u.status, u.del_flag, u.login_ip, u.login_date, u.pwd_update_date, u.create_by, u.create_time, u.remark, d.dept_id, d.parent_id, d.ancestors, d.dept_name, d.order_num, d.leader, d.status as dept_status, r.role_id, r.role_name, r.role_key, r.role_sort, r.data_scope, r.status as role_status from sys_user u left join sys_dept d on u.dept_id = d.dept_id left join sys_user_role ur on u.user_id = ur.user_id left join sys_role r on r.role_id = ur.role_id where u.user_id = ? and u.del_flag = '0'
23:04:21.694 [http-nio-8006-exec-13] DEBUG c.r.s.m.S.selectUserById - [debug,135] - ==> Parameters: 103(Long)
23:04:21.694 [http-nio-8006-exec-13] DEBUG c.r.s.m.S.selectUserById - [debug,135] - <==      Total: 1
23:04:21.696 [http-nio-8006-exec-13] DEBUG c.r.s.m.S.selectUserById - [debug,135] - ==>  Preparing: select u.user_id, u.dept_id, u.user_name, u.nick_name, u.email, u.avatar, u.phonenumber, u.password, u.sex, u.status, u.del_flag, u.login_ip, u.login_date, u.pwd_update_date, u.create_by, u.create_time, u.remark, d.dept_id, d.parent_id, d.ancestors, d.dept_name, d.order_num, d.leader, d.status as dept_status, r.role_id, r.role_name, r.role_key, r.role_sort, r.data_scope, r.status as role_status from sys_user u left join sys_dept d on u.dept_id = d.dept_id left join sys_user_role ur on u.user_id = ur.user_id left join sys_role r on r.role_id = ur.role_id where u.user_id = ? and u.del_flag = '0'
23:04:21.696 [http-nio-8006-exec-13] DEBUG c.r.s.m.S.selectUserById - [debug,135] - ==> Parameters: 104(Long)
23:04:21.697 [http-nio-8006-exec-13] DEBUG c.r.s.m.S.selectUserById - [debug,135] - <==      Total: 1
23:04:21.697 [http-nio-8006-exec-13] DEBUG c.r.s.m.S.selectUserById - [debug,135] - ==>  Preparing: select u.user_id, u.dept_id, u.user_name, u.nick_name, u.email, u.avatar, u.phonenumber, u.password, u.sex, u.status, u.del_flag, u.login_ip, u.login_date, u.pwd_update_date, u.create_by, u.create_time, u.remark, d.dept_id, d.parent_id, d.ancestors, d.dept_name, d.order_num, d.leader, d.status as dept_status, r.role_id, r.role_name, r.role_key, r.role_sort, r.data_scope, r.status as role_status from sys_user u left join sys_dept d on u.dept_id = d.dept_id left join sys_user_role ur on u.user_id = ur.user_id left join sys_role r on r.role_id = ur.role_id where u.user_id = ? and u.del_flag = '0'
23:04:21.698 [http-nio-8006-exec-13] DEBUG c.r.s.m.S.selectUserById - [debug,135] - ==> Parameters: 105(Long)
23:04:21.699 [http-nio-8006-exec-13] DEBUG c.r.s.m.S.selectUserById - [debug,135] - <==      Total: 1
23:04:21.699 [http-nio-8006-exec-13] DEBUG c.r.h.m.T.selectTcmPatientList - [debug,135] - ==>  Preparing: select id, name, first_name, last_name, email, phone, practitioner_id, is_active, consent_signed, consent_signed_at, consent_token, consent_token_expires, merged_into, deleted_at, payload, create_time, update_time from tcm_patient
23:04:21.699 [http-nio-8006-exec-13] DEBUG c.r.h.m.T.selectTcmPatientList - [debug,135] - ==> Parameters: 
23:04:21.701 [http-nio-8006-exec-13] DEBUG c.r.h.m.T.selectTcmPatientList - [debug,135] - <==      Total: 3
23:04:21.702 [http-nio-8006-exec-13] DEBUG c.r.h.m.T.selectTcmAppointmentList - [debug,135] - ==>  Preparing: select id, patient_id, practitioner_id, room_id, service_type, start_time, end_time, status, branch_id, intake_token, intake_submitted, payload, create_time, update_time from tcm_appointment
23:04:21.702 [http-nio-8006-exec-13] DEBUG c.r.h.m.T.selectTcmAppointmentList - [debug,135] - ==> Parameters: 
23:04:21.703 [http-nio-8006-exec-13] DEBUG c.r.h.m.T.selectTcmAppointmentList - [debug,135] - <==      Total: 2
23:04:21.703 [http-nio-8006-exec-13] DEBUG c.r.h.m.T.selectTcmConsultationList - [debug,135] - ==>  Preparing: select id, consultation_id, patient_id, practitioner_id, consult_date, status, branch_id, locked_at, version, deleted_at, payload, create_time, update_time from tcm_consultation
23:04:21.703 [http-nio-8006-exec-13] DEBUG c.r.h.m.T.selectTcmConsultationList - [debug,135] - ==> Parameters: 
23:04:21.706 [http-nio-8006-exec-13] DEBUG c.r.h.m.T.selectTcmConsultationList - [debug,135] - <==      Total: 7
23:04:21.707 [http-nio-8006-exec-13] DEBUG c.r.h.m.T.selectTcmInventoryItemList - [debug,135] - ==>  Preparing: select id, name, category, unit, quantity, price_per_unit, min_stock_level, supplier, supplier_id, grams_per_packet, branch_id, is_active, deleted_at, herb_dict_id, payload, create_time, update_time from tcm_inventory_item WHERE deleted_at IS NULL
23:04:21.707 [http-nio-8006-exec-13] DEBUG c.r.h.m.T.selectTcmInventoryItemList - [debug,135] - ==> Parameters: 
23:04:21.708 [http-nio-8006-exec-13] DEBUG c.r.h.m.T.selectTcmInventoryItemList - [debug,135] - <==      Total: 13
23:04:21.709 [http-nio-8006-exec-13] DEBUG c.r.h.m.T.selectTcmBranchList - [debug,135] - ==>  Preparing: select id, name, code, address, phone, email, manager_id, is_active, is_main, room_ids, create_time, update_time from tcm_branch
23:04:21.709 [http-nio-8006-exec-13] DEBUG c.r.h.m.T.selectTcmBranchList - [debug,135] - ==> Parameters: 
23:04:21.711 [http-nio-8006-exec-13] DEBUG c.r.h.m.T.selectTcmBranchList - [debug,135] - <==      Total: 3
23:04:21.712 [http-nio-8006-exec-13] DEBUG c.r.h.m.T.selectAllSettings - [debug,135] - ==>  Preparing: select setting_key, setting_value, update_time from tcm_clinic_setting order by setting_key
23:04:21.713 [http-nio-8006-exec-13] DEBUG c.r.h.m.T.selectAllSettings - [debug,135] - ==> Parameters: 
23:04:21.713 [http-nio-8006-exec-13] DEBUG c.r.h.m.T.selectAllSettings - [debug,135] - <==      Total: 6
23:04:21.714 [http-nio-8006-exec-13] DEBUG c.r.h.m.T.selectTcmRoomList - [debug,135] - ==>  Preparing: select id, name, branch_id, is_active, create_time, update_time from tcm_room
23:04:21.714 [http-nio-8006-exec-13] DEBUG c.r.h.m.T.selectTcmRoomList - [debug,135] - ==> Parameters: 
23:04:21.715 [http-nio-8006-exec-13] DEBUG c.r.h.m.T.selectTcmRoomList - [debug,135] - <==      Total: 3
23:04:21.715 [http-nio-8006-exec-13] DEBUG c.r.h.m.T.selectTcmServiceTypeList - [debug,135] - ==>  Preparing: select service_key, label, duration, practitioner_time, room_required, default_price, update_time from tcm_service_type
23:04:21.716 [http-nio-8006-exec-13] DEBUG c.r.h.m.T.selectTcmServiceTypeList - [debug,135] - ==> Parameters: 
23:04:21.717 [http-nio-8006-exec-13] DEBUG c.r.h.m.T.selectTcmServiceTypeList - [debug,135] - <==      Total: 3
23:04:21.717 [http-nio-8006-exec-13] DEBUG c.r.h.m.T.selectTcmPriceListList - [debug,135] - ==>  Preparing: select id, name, effective_date, is_active, items_json, create_time, update_time from tcm_price_list
23:04:21.717 [http-nio-8006-exec-13] DEBUG c.r.h.m.T.selectTcmPriceListList - [debug,135] - ==> Parameters: 
23:04:21.717 [http-nio-8006-exec-13] DEBUG c.r.h.m.T.selectTcmPriceListList - [debug,135] - <==      Total: 1
23:04:21.719 [http-nio-8006-exec-13] DEBUG c.r.h.m.T.selectTcmEmailLogList - [debug,135] - ==>  Preparing: select id, to_email, subject, email_type, body, sent_at, payload, create_time from tcm_email_log order by id desc
23:04:21.719 [http-nio-8006-exec-13] DEBUG c.r.h.m.T.selectTcmEmailLogList - [debug,135] - ==> Parameters: 
23:04:21.719 [http-nio-8006-exec-13] DEBUG c.r.h.m.T.selectTcmEmailLogList - [debug,135] - <==      Total: 0
23:04:21.720 [http-nio-8006-exec-13] DEBUG c.r.h.m.T.selectTcmFormulaList - [debug,135] - ==>  Preparing: select id, name, category, description, source, is_active, deleted_at, create_time, update_time from tcm_formula WHERE deleted_at IS NULL order by create_time desc
23:04:21.720 [http-nio-8006-exec-13] DEBUG c.r.h.m.T.selectTcmFormulaList - [debug,135] - ==> Parameters: 
23:04:21.722 [http-nio-8006-exec-13] DEBUG c.r.h.m.T.selectTcmFormulaList - [debug,135] - <==      Total: 51
23:04:21.722 [http-nio-8006-exec-13] DEBUG c.r.h.m.T.selectByFormulaId - [debug,135] - ==>  Preparing: select id, formula_id, herb_name, dosage, unit, sort_order, notes, herb_dict_id from tcm_formula_item where formula_id = ? order by sort_order asc
23:04:21.722 [http-nio-8006-exec-13] DEBUG c.r.h.m.T.selectByFormulaId - [debug,135] - ==> Parameters: ecf8c626-94c4-4825-97d3-21c67adf9366(String)
23:04:21.723 [http-nio-8006-exec-13] DEBUG c.r.h.m.T.selectByFormulaId - [debug,135] - <==      Total: 1
23:04:21.724 [http-nio-8006-exec-13] DEBUG c.r.h.m.T.selectByFormulaId - [debug,135] - ==>  Preparing: select id, formula_id, herb_name, dosage, unit, sort_order, notes, herb_dict_id from tcm_formula_item where formula_id = ? order by sort_order asc
23:04:21.724 [http-nio-8006-exec-13] DEBUG c.r.h.m.T.selectByFormulaId - [debug,135] - ==> Parameters: formula-1(String)
23:04:21.724 [http-nio-8006-exec-13] DEBUG c.r.h.m.T.selectByFormulaId - [debug,135] - <==      Total: 4
23:04:21.724 [http-nio-8006-exec-13] DEBUG c.r.h.m.T.selectByFormulaId - [debug,135] - ==>  Preparing: select id, formula_id, herb_name, dosage, unit, sort_order, notes, herb_dict_id from tcm_formula_item where formula_id = ? order by sort_order asc
23:04:21.726 [http-nio-8006-exec-13] DEBUG c.r.h.m.T.selectByFormulaId - [debug,135] - ==> Parameters: formula-10(String)
23:04:21.726 [http-nio-8006-exec-13] DEBUG c.r.h.m.T.selectByFormulaId - [debug,135] - <==      Total: 5
23:04:21.727 [http-nio-8006-exec-13] DEBUG c.r.h.m.T.selectByFormulaId - [debug,135] - ==>  Preparing: select id, formula_id, herb_name, dosage, unit, sort_order, notes, herb_dict_id from tcm_formula_item where formula_id = ? order by sort_order asc
23:04:21.727 [http-nio-8006-exec-13] DEBUG c.r.h.m.T.selectByFormulaId - [debug,135] - ==> Parameters: formula-11(String)
23:04:21.728 [http-nio-8006-exec-13] DEBUG c.r.h.m.T.selectByFormulaId - [debug,135] - <==      Total: 4
23:04:21.728 [http-nio-8006-exec-13] DEBUG c.r.h.m.T.selectByFormulaId - [debug,135] - ==>  Preparing: select id, formula_id, herb_name, dosage, unit, sort_order, notes, herb_dict_id from tcm_formula_item where formula_id = ? order by sort_order asc
23:04:21.728 [http-nio-8006-exec-13] DEBUG c.r.h.m.T.selectByFormulaId - [debug,135] - ==> Parameters: formula-12(String)
23:04:21.729 [http-nio-8006-exec-13] DEBUG c.r.h.m.T.selectByFormulaId - [debug,135] - <==      Total: 0
23:04:21.729 [http-nio-8006-exec-13] DEBUG c.r.h.m.T.selectByFormulaId - [debug,135] - ==>  Preparing: select id, formula_id, herb_name, dosage, unit, sort_order, notes, herb_dict_id from tcm_formula_item where formula_id = ? order by sort_order asc
23:04:21.729 [http-nio-8006-exec-13] DEBUG c.r.h.m.T.selectByFormulaId - [debug,135] - ==> Parameters: formula-13(String)
23:04:21.730 [http-nio-8006-exec-13] DEBUG c.r.h.m.T.selectByFormulaId - [debug,135] - <==      Total: 0
23:04:21.730 [http-nio-8006-exec-13] DEBUG c.r.h.m.T.selectByFormulaId - [debug,135] - ==>  Preparing: select id, formula_id, herb_name, dosage, unit, sort_order, notes, herb_dict_id from tcm_formula_item where formula_id = ? order by sort_order asc
23:04:21.730 [http-nio-8006-exec-13] DEBUG c.r.h.m.T.selectByFormulaId - [debug,135] - ==> Parameters: formula-14(String)
23:04:21.731 [http-nio-8006-exec-13] DEBUG c.r.h.m.T.selectByFormulaId - [debug,135] - <==      Total: 0
23:04:21.731 [http-nio-8006-exec-13] DEBUG c.r.h.m.T.selectByFormulaId - [debug,135] - ==>  Preparing: select id, formula_id, herb_name, dosage, unit, sort_order, notes, herb_dict_id from tcm_formula_item where formula_id = ? order by sort_order asc
23:04:21.731 [http-nio-8006-exec-13] DEBUG c.r.h.m.T.selectByFormulaId - [debug,135] - ==> Parameters: formula-15(String)
23:04:21.732 [http-nio-8006-exec-13] DEBUG c.r.h.m.T.selectByFormulaId - [debug,135] - <==      Total: 7
23:04:21.732 [http-nio-8006-exec-13] DEBUG c.r.h.m.T.selectByFormulaId - [debug,135] - ==>  Preparing: select id, formula_id, herb_name, dosage, unit, sort_order, notes, herb_dict_id from tcm_formula_item where formula_id = ? order by sort_order asc
23:04:21.733 [http-nio-8006-exec-13] DEBUG c.r.h.m.T.selectByFormulaId - [debug,135] - ==> Parameters: formula-16(String)
23:04:21.733 [http-nio-8006-exec-13] DEBUG c.r.h.m.T.selectByFormulaId - [debug,135] - <==      Total: 0
23:04:21.734 [http-nio-8006-exec-13] DEBUG c.r.h.m.T.selectByFormulaId - [debug,135] - ==>  Preparing: select id, formula_id, herb_name, dosage, unit, sort_order, notes, herb_dict_id from tcm_formula_item where formula_id = ? order by sort_order asc
23:04:21.734 [http-nio-8006-exec-13] DEBUG c.r.h.m.T.selectByFormulaId - [debug,135] - ==> Parameters: formula-17(String)
23:04:21.734 [http-nio-8006-exec-13] DEBUG c.r.h.m.T.selectByFormulaId - [debug,135] - <==      Total: 4
23:04:21.736 [http-nio-8006-exec-13] DEBUG c.r.h.m.T.selectByFormulaId - [debug,135] - ==>  Preparing: select id, formula_id, herb_name, dosage, unit, sort_order, notes, herb_dict_id from tcm_formula_item where formula_id = ? order by sort_order asc
23:04:21.736 [http-nio-8006-exec-13] DEBUG c.r.h.m.T.selectByFormulaId - [debug,135] - ==> Parameters: formula-18(String)
23:04:21.737 [http-nio-8006-exec-13] DEBUG c.r.h.m.T.selectByFormulaId - [debug,135] - <==      Total: 3
23:04:21.737 [http-nio-8006-exec-13] DEBUG c.r.h.m.T.selectByFormulaId - [debug,135] - ==>  Preparing: select id, formula_id, herb_name, dosage, unit, sort_order, notes, herb_dict_id from tcm_formula_item where formula_id = ? order by sort_order asc
23:04:21.737 [http-nio-8006-exec-13] DEBUG c.r.h.m.T.selectByFormulaId - [debug,135] - ==> Parameters: formula-19(String)
23:04:21.738 [http-nio-8006-exec-13] DEBUG c.r.h.m.T.selectByFormulaId - [debug,135] - <==      Total: 0
23:04:21.738 [http-nio-8006-exec-13] DEBUG c.r.h.m.T.selectByFormulaId - [debug,135] - ==>  Preparing: select id, formula_id, herb_name, dosage, unit, sort_order, notes, herb_dict_id from tcm_formula_item where formula_id = ? order by sort_order asc
23:04:21.738 [http-nio-8006-exec-13] DEBUG c.r.h.m.T.selectByFormulaId - [debug,135] - ==> Parameters: formula-2(String)
23:04:21.739 [http-nio-8006-exec-13] DEBUG c.r.h.m.T.selectByFormulaId - [debug,135] - <==      Total: 6
23:04:21.739 [http-nio-8006-exec-13] DEBUG c.r.h.m.T.selectByFormulaId - [debug,135] - ==>  Preparing: select id, formula_id, herb_name, dosage, unit, sort_order, notes, herb_dict_id from tcm_formula_item where formula_id = ? order by sort_order asc
23:04:21.739 [http-nio-8006-exec-13] DEBUG c.r.h.m.T.selectByFormulaId - [debug,135] - ==> Parameters: formula-20(String)
23:04:21.741 [http-nio-8006-exec-13] DEBUG c.r.h.m.T.selectByFormulaId - [debug,135] - <==      Total: 0
23:04:21.741 [http-nio-8006-exec-13] DEBUG c.r.h.m.T.selectByFormulaId - [debug,135] - ==>  Preparing: select id, formula_id, herb_name, dosage, unit, sort_order, notes, herb_dict_id from tcm_formula_item where formula_id = ? order by sort_order asc
23:04:21.741 [http-nio-8006-exec-13] DEBUG c.r.h.m.T.selectByFormulaId - [debug,135] - ==> Parameters: formula-21(String)
23:04:21.742 [http-nio-8006-exec-13] DEBUG c.r.h.m.T.selectByFormulaId - [debug,135] - <==      Total: 4
23:04:21.742 [http-nio-8006-exec-13] DEBUG c.r.h.m.T.selectByFormulaId - [debug,135] - ==>  Preparing: select id, formula_id, herb_name, dosage, unit, sort_order, notes, herb_dict_id from tcm_formula_item where formula_id = ? order by sort_order asc
23:04:21.743 [http-nio-8006-exec-13] DEBUG c.r.h.m.T.selectByFormulaId - [debug,135] - ==> Parameters: formula-22(String)
23:04:21.743 [http-nio-8006-exec-13] DEBUG c.r.h.m.T.selectByFormulaId - [debug,135] - <==      Total: 0
23:04:21.744 [http-nio-8006-exec-13] DEBUG c.r.h.m.T.selectByFormulaId - [debug,135] - ==>  Preparing: select id, formula_id, herb_name, dosage, unit, sort_order, notes, herb_dict_id from tcm_formula_item where formula_id = ? order by sort_order asc
23:04:21.744 [http-nio-8006-exec-13] DEBUG c.r.h.m.T.selectByFormulaId - [debug,135] - ==> Parameters: formula-23(String)
23:04:21.745 [http-nio-8006-exec-13] DEBUG c.r.h.m.T.selectByFormulaId - [debug,135] - <==      Total: 0
23:04:21.745 [http-nio-8006-exec-13] DEBUG c.r.h.m.T.selectByFormulaId - [debug,135] - ==>  Preparing: select id, formula_id, herb_name, dosage, unit, sort_order, notes, herb_dict_id from tcm_formula_item where formula_id = ? order by sort_order asc
23:04:21.745 [http-nio-8006-exec-13] DEBUG c.r.h.m.T.selectByFormulaId - [debug,135] - ==> Parameters: formula-24(String)
23:04:21.745 [http-nio-8006-exec-13] DEBUG c.r.h.m.T.selectByFormulaId - [debug,135] - <==      Total: 5
23:04:21.746 [http-nio-8006-exec-13] DEBUG c.r.h.m.T.selectByFormulaId - [debug,135] - ==>  Preparing: select id, formula_id, herb_name, dosage, unit, sort_order, notes, herb_dict_id from tcm_formula_item where formula_id = ? order by sort_order asc
23:04:21.746 [http-nio-8006-exec-13] DEBUG c.r.h.m.T.selectByFormulaId - [debug,135] - ==> Parameters: formula-25(String)
23:04:21.746 [http-nio-8006-exec-13] DEBUG c.r.h.m.T.selectByFormulaId - [debug,135] - <==      Total: 0
23:04:21.747 [http-nio-8006-exec-13] DEBUG c.r.h.m.T.selectByFormulaId - [debug,135] - ==>  Preparing: select id, formula_id, herb_name, dosage, unit, sort_order, notes, herb_dict_id from tcm_formula_item where formula_id = ? order by sort_order asc
23:04:21.747 [http-nio-8006-exec-13] DEBUG c.r.h.m.T.selectByFormulaId - [debug,135] - ==> Parameters: formula-26(String)
23:04:21.748 [http-nio-8006-exec-13] DEBUG c.r.h.m.T.selectByFormulaId - [debug,135] - <==      Total: 0
23:04:21.748 [http-nio-8006-exec-13] DEBUG c.r.h.m.T.selectByFormulaId - [debug,135] - ==>  Preparing: select id, formula_id, herb_name, dosage, unit, sort_order, notes, herb_dict_id from tcm_formula_item where formula_id = ? order by sort_order asc
23:04:21.748 [http-nio-8006-exec-13] DEBUG c.r.h.m.T.selectByFormulaId - [debug,135] - ==> Parameters: formula-27(String)
23:04:21.749 [http-nio-8006-exec-13] DEBUG c.r.h.m.T.selectByFormulaId - [debug,135] - <==      Total: 0
23:04:21.749 [http-nio-8006-exec-13] DEBUG c.r.h.m.T.selectByFormulaId - [debug,135] - ==>  Preparing: select id, formula_id, herb_name, dosage, unit, sort_order, notes, herb_dict_id from tcm_formula_item where formula_id = ? order by sort_order asc
23:04:21.749 [http-nio-8006-exec-13] DEBUG c.r.h.m.T.selectByFormulaId - [debug,135] - ==> Parameters: formula-28(String)
23:04:21.749 [http-nio-8006-exec-13] DEBUG c.r.h.m.T.selectByFormulaId - [debug,135] - <==      Total: 0
23:04:21.750 [http-nio-8006-exec-13] DEBUG c.r.h.m.T.selectByFormulaId - [debug,135] - ==>  Preparing: select id, formula_id, herb_name, dosage, unit, sort_order, notes, herb_dict_id from tcm_formula_item where formula_id = ? order by sort_order asc
23:04:21.750 [http-nio-8006-exec-13] DEBUG c.r.h.m.T.selectByFormulaId - [debug,135] - ==> Parameters: formula-29(String)
23:04:21.751 [http-nio-8006-exec-13] DEBUG c.r.h.m.T.selectByFormulaId - [debug,135] - <==      Total: 8
23:04:21.751 [http-nio-8006-exec-13] DEBUG c.r.h.m.T.selectByFormulaId - [debug,135] - ==>  Preparing: select id, formula_id, herb_name, dosage, unit, sort_order, notes, herb_dict_id from tcm_formula_item where formula_id = ? order by sort_order asc
23:04:21.751 [http-nio-8006-exec-13] DEBUG c.r.h.m.T.selectByFormulaId - [debug,135] - ==> Parameters: formula-3(String)
23:04:21.752 [http-nio-8006-exec-13] DEBUG c.r.h.m.T.selectByFormulaId - [debug,135] - <==      Total: 8
23:04:21.752 [http-nio-8006-exec-13] DEBUG c.r.h.m.T.selectByFormulaId - [debug,135] - ==>  Preparing: select id, formula_id, herb_name, dosage, unit, sort_order, notes, herb_dict_id from tcm_formula_item where formula_id = ? order by sort_order asc
23:04:21.752 [http-nio-8006-exec-13] DEBUG c.r.h.m.T.selectByFormulaId - [debug,135] - ==> Parameters: formula-30(String)
23:04:21.753 [http-nio-8006-exec-13] DEBUG c.r.h.m.T.selectByFormulaId - [debug,135] - <==      Total: 0
23:04:21.753 [http-nio-8006-exec-13] DEBUG c.r.h.m.T.selectByFormulaId - [debug,135] - ==>  Preparing: select id, formula_id, herb_name, dosage, unit, sort_order, notes, herb_dict_id from tcm_formula_item where formula_id = ? order by sort_order asc
23:04:21.753 [http-nio-8006-exec-13] DEBUG c.r.h.m.T.selectByFormulaId - [debug,135] - ==> Parameters: formula-31(String)
23:04:21.754 [http-nio-8006-exec-13] DEBUG c.r.h.m.T.selectByFormulaId - [debug,135] - <==      Total: 5
23:04:21.754 [http-nio-8006-exec-13] DEBUG c.r.h.m.T.selectByFormulaId - [debug,135] - ==>  Preparing: select id, formula_id, herb_name, dosage, unit, sort_order, notes, herb_dict_id from tcm_formula_item where formula_id = ? order by sort_order asc
23:04:21.754 [http-nio-8006-exec-13] DEBUG c.r.h.m.T.selectByFormulaId - [debug,135] - ==> Parameters: formula-32(String)
23:04:21.756 [http-nio-8006-exec-13] DEBUG c.r.h.m.T.selectByFormulaId - [debug,135] - <==      Total: 0
23:04:21.756 [http-nio-8006-exec-13] DEBUG c.r.h.m.T.selectByFormulaId - [debug,135] - ==>  Preparing: select id, formula_id, herb_name, dosage, unit, sort_order, notes, herb_dict_id from tcm_formula_item where formula_id = ? order by sort_order asc
23:04:21.756 [http-nio-8006-exec-13] DEBUG c.r.h.m.T.selectByFormulaId - [debug,135] - ==> Parameters: formula-33(String)
23:04:21.757 [http-nio-8006-exec-13] DEBUG c.r.h.m.T.selectByFormulaId - [debug,135] - <==      Total: 3
23:04:21.757 [http-nio-8006-exec-13] DEBUG c.r.h.m.T.selectByFormulaId - [debug,135] - ==>  Preparing: select id, formula_id, herb_name, dosage, unit, sort_order, notes, herb_dict_id from tcm_formula_item where formula_id = ? order by sort_order asc
23:04:21.757 [http-nio-8006-exec-13] DEBUG c.r.h.m.T.selectByFormulaId - [debug,135] - ==> Parameters: formula-34(String)
23:04:21.758 [http-nio-8006-exec-13] DEBUG c.r.h.m.T.selectByFormulaId - [debug,135] - <==      Total: 3
23:04:21.758 [http-nio-8006-exec-13] DEBUG c.r.h.m.T.selectByFormulaId - [debug,135] - ==>  Preparing: select id, formula_id, herb_name, dosage, unit, sort_order, notes, herb_dict_id from tcm_formula_item where formula_id = ? order by sort_order asc
23:04:21.758 [http-nio-8006-exec-13] DEBUG c.r.h.m.T.selectByFormulaId - [debug,135] - ==> Parameters: formula-35(String)
23:04:21.759 [http-nio-8006-exec-13] DEBUG c.r.h.m.T.selectByFormulaId - [debug,135] - <==      Total: 4
23:04:21.759 [http-nio-8006-exec-13] DEBUG c.r.h.m.T.selectByFormulaId - [debug,135] - ==>  Preparing: select id, formula_id, herb_name, dosage, unit, sort_order, notes, herb_dict_id from tcm_formula_item where formula_id = ? order by sort_order asc
23:04:21.759 [http-nio-8006-exec-13] DEBUG c.r.h.m.T.selectByFormulaId - [debug,135] - ==> Parameters: formula-36(String)
23:04:21.760 [http-nio-8006-exec-13] DEBUG c.r.h.m.T.selectByFormulaId - [debug,135] - <==      Total: 0
23:04:21.760 [http-nio-8006-exec-13] DEBUG c.r.h.m.T.selectByFormulaId - [debug,135] - ==>  Preparing: select id, formula_id, herb_name, dosage, unit, sort_order, notes, herb_dict_id from tcm_formula_item where formula_id = ? order by sort_order asc
23:04:21.760 [http-nio-8006-exec-13] DEBUG c.r.h.m.T.selectByFormulaId - [debug,135] - ==> Parameters: formula-37(String)
23:04:21.761 [http-nio-8006-exec-13] DEBUG c.r.h.m.T.selectByFormulaId - [debug,135] - <==      Total: 6
23:04:21.761 [http-nio-8006-exec-13] DEBUG c.r.h.m.T.selectByFormulaId - [debug,135] - ==>  Preparing: select id, formula_id, herb_name, dosage, unit, sort_order, notes, herb_dict_id from tcm_formula_item where formula_id = ? order by sort_order asc
23:04:21.761 [http-nio-8006-exec-13] DEBUG c.r.h.m.T.selectByFormulaId - [debug,135] - ==> Parameters: formula-38(String)
23:04:21.762 [http-nio-8006-exec-13] DEBUG c.r.h.m.T.selectByFormulaId - [debug,135] - <==      Total: 0
23:04:21.762 [http-nio-8006-exec-13] DEBUG c.r.h.m.T.selectByFormulaId - [debug,135] - ==>  Preparing: select id, formula_id, herb_name, dosage, unit, sort_order, notes, herb_dict_id from tcm_formula_item where formula_id = ? order by sort_order asc
23:04:21.762 [http-nio-8006-exec-13] DEBUG c.r.h.m.T.selectByFormulaId - [debug,135] - ==> Parameters: formula-39(String)
23:04:21.763 [http-nio-8006-exec-13] DEBUG c.r.h.m.T.selectByFormulaId - [debug,135] - <==      Total: 0
23:04:21.763 [http-nio-8006-exec-13] DEBUG c.r.h.m.T.selectByFormulaId - [debug,135] - ==>  Preparing: select id, formula_id, herb_name, dosage, unit, sort_order, notes, herb_dict_id from tcm_formula_item where formula_id = ? order by sort_order asc
23:04:21.763 [http-nio-8006-exec-13] DEBUG c.r.h.m.T.selectByFormulaId - [debug,135] - ==> Parameters: formula-4(String)
23:04:21.764 [http-nio-8006-exec-13] DEBUG c.r.h.m.T.selectByFormulaId - [debug,135] - <==      Total: 8
23:04:21.764 [http-nio-8006-exec-13] DEBUG c.r.h.m.T.selectByFormulaId - [debug,135] - ==>  Preparing: select id, formula_id, herb_name, dosage, unit, sort_order, notes, herb_dict_id from tcm_formula_item where formula_id = ? order by sort_order asc
23:04:21.764 [http-nio-8006-exec-13] DEBUG c.r.h.m.T.selectByFormulaId - [debug,135] - ==> Parameters: formula-40(String)
23:04:21.766 [http-nio-8006-exec-13] DEBUG c.r.h.m.T.selectByFormulaId - [debug,135] - <==      Total: 0
23:04:21.766 [http-nio-8006-exec-13] DEBUG c.r.h.m.T.selectByFormulaId - [debug,135] - ==>  Preparing: select id, formula_id, herb_name, dosage, unit, sort_order, notes, herb_dict_id from tcm_formula_item where formula_id = ? order by sort_order asc
23:04:21.766 [http-nio-8006-exec-13] DEBUG c.r.h.m.T.selectByFormulaId - [debug,135] - ==> Parameters: formula-41(String)
23:04:21.766 [http-nio-8006-exec-13] DEBUG c.r.h.m.T.selectByFormulaId - [debug,135] - <==      Total: 0
23:04:21.767 [http-nio-8006-exec-13] DEBUG c.r.h.m.T.selectByFormulaId - [debug,135] - ==>  Preparing: select id, formula_id, herb_name, dosage, unit, sort_order, notes, herb_dict_id from tcm_formula_item where formula_id = ? order by sort_order asc
23:04:21.767 [http-nio-8006-exec-13] DEBUG c.r.h.m.T.selectByFormulaId - [debug,135] - ==> Parameters: formula-42(String)
23:04:21.767 [http-nio-8006-exec-13] DEBUG c.r.h.m.T.selectByFormulaId - [debug,135] - <==      Total: 0
23:04:21.767 [http-nio-8006-exec-13] DEBUG c.r.h.m.T.selectByFormulaId - [debug,135] - ==>  Preparing: select id, formula_id, herb_name, dosage, unit, sort_order, notes, herb_dict_id from tcm_formula_item where formula_id = ? order by sort_order asc
23:04:21.769 [http-nio-8006-exec-13] DEBUG c.r.h.m.T.selectByFormulaId - [debug,135] - ==> Parameters: formula-43(String)
23:04:21.769 [http-nio-8006-exec-13] DEBUG c.r.h.m.T.selectByFormulaId - [debug,135] - <==      Total: 0
23:04:21.770 [http-nio-8006-exec-13] DEBUG c.r.h.m.T.selectByFormulaId - [debug,135] - ==>  Preparing: select id, formula_id, herb_name, dosage, unit, sort_order, notes, herb_dict_id from tcm_formula_item where formula_id = ? order by sort_order asc
23:04:21.770 [http-nio-8006-exec-13] DEBUG c.r.h.m.T.selectByFormulaId - [debug,135] - ==> Parameters: formula-44(String)
23:04:21.770 [http-nio-8006-exec-13] DEBUG c.r.h.m.T.selectByFormulaId - [debug,135] - <==      Total: 0
23:04:21.770 [http-nio-8006-exec-13] DEBUG c.r.h.m.T.selectByFormulaId - [debug,135] - ==>  Preparing: select id, formula_id, herb_name, dosage, unit, sort_order, notes, herb_dict_id from tcm_formula_item where formula_id = ? order by sort_order asc
23:04:21.771 [http-nio-8006-exec-13] DEBUG c.r.h.m.T.selectByFormulaId - [debug,135] - ==> Parameters: formula-45(String)
23:04:21.771 [http-nio-8006-exec-13] DEBUG c.r.h.m.T.selectByFormulaId - [debug,135] - <==      Total: 0
23:04:21.772 [http-nio-8006-exec-13] DEBUG c.r.h.m.T.selectByFormulaId - [debug,135] - ==>  Preparing: select id, formula_id, herb_name, dosage, unit, sort_order, notes, herb_dict_id from tcm_formula_item where formula_id = ? order by sort_order asc
23:04:21.772 [http-nio-8006-exec-13] DEBUG c.r.h.m.T.selectByFormulaId - [debug,135] - ==> Parameters: formula-46(String)
23:04:21.773 [http-nio-8006-exec-13] DEBUG c.r.h.m.T.selectByFormulaId - [debug,135] - <==      Total: 0
23:04:21.773 [http-nio-8006-exec-13] DEBUG c.r.h.m.T.selectByFormulaId - [debug,135] - ==>  Preparing: select id, formula_id, herb_name, dosage, unit, sort_order, notes, herb_dict_id from tcm_formula_item where formula_id = ? order by sort_order asc
23:04:21.773 [http-nio-8006-exec-13] DEBUG c.r.h.m.T.selectByFormulaId - [debug,135] - ==> Parameters: formula-47(String)
23:04:21.774 [http-nio-8006-exec-13] DEBUG c.r.h.m.T.selectByFormulaId - [debug,135] - <==      Total: 0
23:04:21.774 [http-nio-8006-exec-13] DEBUG c.r.h.m.T.selectByFormulaId - [debug,135] - ==>  Preparing: select id, formula_id, herb_name, dosage, unit, sort_order, notes, herb_dict_id from tcm_formula_item where formula_id = ? order by sort_order asc
23:04:21.774 [http-nio-8006-exec-13] DEBUG c.r.h.m.T.selectByFormulaId - [debug,135] - ==> Parameters: formula-48(String)
23:04:21.775 [http-nio-8006-exec-13] DEBUG c.r.h.m.T.selectByFormulaId - [debug,135] - <==      Total: 0
23:04:21.775 [http-nio-8006-exec-13] DEBUG c.r.h.m.T.selectByFormulaId - [debug,135] - ==>  Preparing: select id, formula_id, herb_name, dosage, unit, sort_order, notes, herb_dict_id from tcm_formula_item where formula_id = ? order by sort_order asc
23:04:21.775 [http-nio-8006-exec-13] DEBUG c.r.h.m.T.selectByFormulaId - [debug,135] - ==> Parameters: formula-49(String)
23:04:21.776 [http-nio-8006-exec-13] DEBUG c.r.h.m.T.selectByFormulaId - [debug,135] - <==      Total: 0
23:04:21.776 [http-nio-8006-exec-13] DEBUG c.r.h.m.T.selectByFormulaId - [debug,135] - ==>  Preparing: select id, formula_id, herb_name, dosage, unit, sort_order, notes, herb_dict_id from tcm_formula_item where formula_id = ? order by sort_order asc
23:04:21.776 [http-nio-8006-exec-13] DEBUG c.r.h.m.T.selectByFormulaId - [debug,135] - ==> Parameters: formula-5(String)
23:04:21.777 [http-nio-8006-exec-13] DEBUG c.r.h.m.T.selectByFormulaId - [debug,135] - <==      Total: 8
23:04:21.778 [http-nio-8006-exec-13] DEBUG c.r.h.m.T.selectByFormulaId - [debug,135] - ==>  Preparing: select id, formula_id, herb_name, dosage, unit, sort_order, notes, herb_dict_id from tcm_formula_item where formula_id = ? order by sort_order asc
23:04:21.778 [http-nio-8006-exec-13] DEBUG c.r.h.m.T.selectByFormulaId - [debug,135] - ==> Parameters: formula-50(String)
23:04:21.779 [http-nio-8006-exec-13] DEBUG c.r.h.m.T.selectByFormulaId - [debug,135] - <==      Total: 7
23:04:21.779 [http-nio-8006-exec-13] DEBUG c.r.h.m.T.selectByFormulaId - [debug,135] - ==>  Preparing: select id, formula_id, herb_name, dosage, unit, sort_order, notes, herb_dict_id from tcm_formula_item where formula_id = ? order by sort_order asc
23:04:21.779 [http-nio-8006-exec-13] DEBUG c.r.h.m.T.selectByFormulaId - [debug,135] - ==> Parameters: formula-6(String)
23:04:21.780 [http-nio-8006-exec-13] DEBUG c.r.h.m.T.selectByFormulaId - [debug,135] - <==      Total: 7
23:04:21.780 [http-nio-8006-exec-13] DEBUG c.r.h.m.T.selectByFormulaId - [debug,135] - ==>  Preparing: select id, formula_id, herb_name, dosage, unit, sort_order, notes, herb_dict_id from tcm_formula_item where formula_id = ? order by sort_order asc
23:04:21.781 [http-nio-8006-exec-13] DEBUG c.r.h.m.T.selectByFormulaId - [debug,135] - ==> Parameters: formula-7(String)
23:04:21.781 [http-nio-8006-exec-13] DEBUG c.r.h.m.T.selectByFormulaId - [debug,135] - <==      Total: 5
23:04:21.782 [http-nio-8006-exec-13] DEBUG c.r.h.m.T.selectByFormulaId - [debug,135] - ==>  Preparing: select id, formula_id, herb_name, dosage, unit, sort_order, notes, herb_dict_id from tcm_formula_item where formula_id = ? order by sort_order asc
23:04:21.782 [http-nio-8006-exec-13] DEBUG c.r.h.m.T.selectByFormulaId - [debug,135] - ==> Parameters: formula-8(String)
23:04:21.782 [http-nio-8006-exec-13] DEBUG c.r.h.m.T.selectByFormulaId - [debug,135] - <==      Total: 8
23:04:21.783 [http-nio-8006-exec-13] DEBUG c.r.h.m.T.selectByFormulaId - [debug,135] - ==>  Preparing: select id, formula_id, herb_name, dosage, unit, sort_order, notes, herb_dict_id from tcm_formula_item where formula_id = ? order by sort_order asc
23:04:21.783 [http-nio-8006-exec-13] DEBUG c.r.h.m.T.selectByFormulaId - [debug,135] - ==> Parameters: formula-9(String)
23:04:21.784 [http-nio-8006-exec-13] DEBUG c.r.h.m.T.selectByFormulaId - [debug,135] - <==      Total: 4
23:04:21.785 [http-nio-8006-exec-13] DEBUG c.r.h.m.T.selectTcmSupplierList - [debug,135] - ==>  Preparing: select id, name, contact_person, phone, email, address, notes, is_active, deleted_at, create_time, update_time from tcm_supplier WHERE deleted_at IS NULL order by create_time desc
23:04:21.785 [http-nio-8006-exec-13] DEBUG c.r.h.m.T.selectTcmSupplierList - [debug,135] - ==> Parameters: 
23:04:21.786 [http-nio-8006-exec-13] DEBUG c.r.h.m.T.selectTcmSupplierList - [debug,135] - <==      Total: 4
23:04:21.786 [http-nio-8006-exec-13] DEBUG c.r.h.m.T.selectTcmAcupointList - [debug,135] - ==>  Preparing: select id, name, pinyin, english_name, meridian, location, indication, method, notes, is_active, deleted_at, create_time, update_time from tcm_acupoint WHERE deleted_at IS NULL order by name asc
23:04:21.786 [http-nio-8006-exec-13] DEBUG c.r.h.m.T.selectTcmAcupointList - [debug,135] - ==> Parameters: 
23:04:21.789 [http-nio-8006-exec-13] DEBUG c.r.h.m.T.selectTcmAcupointList - [debug,135] - <==      Total: 100
23:04:21.790 [http-nio-8006-exec-13] DEBUG c.r.h.m.T.selectAll - [debug,135] - ==>  Preparing: select id, from_unit, to_unit, factor, notes, create_time from tcm_unit_conversion order by from_unit, to_unit
23:04:21.790 [http-nio-8006-exec-13] DEBUG c.r.h.m.T.selectAll - [debug,135] - ==> Parameters: 
23:04:21.791 [http-nio-8006-exec-13] DEBUG c.r.h.m.T.selectAll - [debug,135] - <==      Total: 16
23:04:21.792 [http-nio-8006-exec-13] DEBUG c.r.h.m.T.selectTcmHerbDictList - [debug,135] - ==>  Preparing: select id, name, alias, pinyin, category, nature, taste, meridian_tropism, efficacy, indication, dosage_range, contraindication, notes, is_active, deleted_at, create_time, update_time from tcm_herb_dict WHERE deleted_at IS NULL order by category asc, name asc
23:04:21.792 [http-nio-8006-exec-13] DEBUG c.r.h.m.T.selectTcmHerbDictList - [debug,135] - ==> Parameters: 
23:04:21.795 [http-nio-8006-exec-13] DEBUG c.r.h.m.T.selectTcmHerbDictList - [debug,135] - <==      Total: 80
23:04:21.795 [http-nio-8006-exec-13] DEBUG c.r.h.m.T.selectTcmMeridianList - [debug,135] - ==>  Preparing: select id, name, english_name, abbr, category, organ, pathway, acupoint_count, indication, notes, is_active, deleted_at, create_time, update_time from tcm_meridian WHERE deleted_at IS NULL order by id asc
23:04:21.796 [http-nio-8006-exec-13] DEBUG c.r.h.m.T.selectTcmMeridianList - [debug,135] - ==> Parameters: 
23:04:21.797 [http-nio-8006-exec-13] DEBUG c.r.h.m.T.selectTcmMeridianList - [debug,135] - <==      Total: 14
23:04:21.798 [http-nio-8006-exec-13] DEBUG c.r.h.m.T.selectTcmTreatmentTemplateList - [debug,135] - ==>  Preparing: select id, name, disease, category, description, acupoints_json, formula_ids, advice, notes, is_active, deleted_at, create_time, update_time from tcm_treatment_template WHERE deleted_at IS NULL order by category asc, name asc
23:04:21.799 [http-nio-8006-exec-13] DEBUG c.r.h.m.T.selectTcmTreatmentTemplateList - [debug,135] - ==> Parameters: 
23:04:21.800 [http-nio-8006-exec-13] DEBUG c.r.h.m.T.selectTcmTreatmentTemplateList - [debug,135] - <==      Total: 10
23:04:22.871 [http-nio-8006-exec-14] DEBUG c.r.h.m.T.selectTcmInventoryItemList - [debug,135] - ==>  Preparing: select id, name, category, unit, quantity, price_per_unit, min_stock_level, supplier, supplier_id, grams_per_packet, branch_id, is_active, deleted_at, herb_dict_id, payload, create_time, update_time from tcm_inventory_item WHERE deleted_at IS NULL
23:04:22.872 [http-nio-8006-exec-14] DEBUG c.r.h.m.T.selectTcmInventoryItemList - [debug,135] - ==> Parameters: 
23:04:22.873 [http-nio-8006-exec-14] DEBUG c.r.h.m.T.selectTcmInventoryItemList - [debug,135] - <==      Total: 13
23:04:23.215 [http-nio-8006-exec-15] DEBUG c.r.h.m.T.selectTcmConsultationById - [debug,135] - ==>  Preparing: select id, consultation_id, patient_id, practitioner_id, consult_date, status, branch_id, locked_at, version, deleted_at, payload, create_time, update_time from tcm_consultation where id = ?
23:04:23.216 [http-nio-8006-exec-15] DEBUG c.r.h.m.T.selectTcmConsultationById - [debug,135] - ==> Parameters: consult-e2e-20260328230350(String)
23:04:23.218 [http-nio-8006-exec-15] DEBUG c.r.h.m.T.selectTcmConsultationById - [debug,135] - <==      Total: 1
23:04:23.219 [http-nio-8006-exec-15] DEBUG c.r.h.m.T.selectTcmPatientList - [debug,135] - ==>  Preparing: select id, name, first_name, last_name, email, phone, practitioner_id, is_active, consent_signed, consent_signed_at, consent_token, consent_token_expires, merged_into, deleted_at, payload, create_time, update_time from tcm_patient WHERE deleted_at IS NULL
23:04:23.219 [http-nio-8006-exec-15] DEBUG c.r.h.m.T.selectTcmPatientList - [debug,135] - ==> Parameters: 
23:04:23.220 [http-nio-8006-exec-15] DEBUG c.r.h.m.T.selectTcmPatientList - [debug,135] - <==      Total: 3
23:04:23.221 [http-nio-8006-exec-15] DEBUG c.r.h.m.T.selectTcmConsultationList - [debug,135] - ==>  Preparing: select id, consultation_id, patient_id, practitioner_id, consult_date, status, branch_id, locked_at, version, deleted_at, payload, create_time, update_time from tcm_consultation WHERE deleted_at IS NULL
23:04:23.221 [http-nio-8006-exec-15] DEBUG c.r.h.m.T.selectTcmConsultationList - [debug,135] - ==> Parameters: 
23:04:23.223 [http-nio-8006-exec-15] DEBUG c.r.h.m.T.selectTcmConsultationList - [debug,135] - <==      Total: 7
23:04:23.230 [http-nio-8006-exec-15] DEBUG c.r.h.m.T.selectTcmConsultationById - [debug,135] - ==>  Preparing: select id, consultation_id, patient_id, practitioner_id, consult_date, status, branch_id, locked_at, version, deleted_at, payload, create_time, update_time from tcm_consultation where id = ?
23:04:23.231 [http-nio-8006-exec-15] DEBUG c.r.h.m.T.selectTcmConsultationById - [debug,135] - ==> Parameters: consult-e2e-20260328230350(String)
23:04:23.232 [http-nio-8006-exec-15] DEBUG c.r.h.m.T.selectTcmConsultationById - [debug,135] - <==      Total: 1
23:04:23.234 [http-nio-8006-exec-15] DEBUG c.r.h.m.T.updateTcmConsultation - [debug,135] - ==>  Preparing: update tcm_consultation SET consultation_id = ?, patient_id = ?, practitioner_id = ?, consult_date = ?, status = ?, branch_id = ?, locked_at = ?, version = ?, deleted_at = ?, payload = ?, update_time = sysdate() where id = ?
23:04:23.236 [http-nio-8006-exec-15] DEBUG c.r.h.m.T.updateTcmConsultation - [debug,135] - ==> Parameters: ORD-E2E-20260328230350(String), patient-1(String), 101(String), 2026-03-28(String), paid(String), branch-main(String), 2026-03-28 23:04:23(String), 1(Integer), null, {"acupuncture":[],"previousPrognosisReview":"","formulaName":"E2E库存联动20260328230350","discountValue":0,"currency":"CAD","modifications":[],"documents":[],"taxable":false,"prescriptions":[{"perDoseSubtotal":0.8,"preferredUnit":"g","formulaName":"E2E库存联动20260328230350","dispensingCompleted":false,"subtotal":0.8,"items":[{"subtotal":0.8,"dosage":10,"pricePerUnit":0.08,"convertedQty":10,"name":"黄芪","supplier":"本草药材","supplierName":"本草药材","convertedUnit":"g","inventoryId":"inv-4","unit":"g","herbDictId":"herb-053"}],"quantity":1,"whereToGet":"In-store 店内取药","id":"rx-e2e-20260328230350","prescriptionType":"raw_herbs","direction":"内服 Oral intake"}],"diff":{},"summary":"用于验证库存扣减时机与发药联动","totalAmount":0.8,"prognosis":"","discountType":"none","prescriptionType":"raw_herbs","chiefComplaint":"E2E库存联动","includeRxAmount":true,"comments":"","taxAmount":0,"treatment":"补气","services":[],"feedback":"","totalWithoutTax":0.8,"servicePriceList":"pricelist-default","consultationFee":0,"chiefComplaintDescription":"用于验证库存扣减时机与发药联动","herbals":[{"inventoryId":"inv-4","unit":"g","dosage":10,"herbDictId":"herb-053","supplierName":"本草药材","name":"黄芪"}],"differentiation":"气虚","consultationFeeTaxable":false,"add3rdParty":false,"historyAndMedicationSourceConsultId":"consult-1","historyAndMedicationSourceConsultDate":"2024-02-01","paidAt":"2026-03-28 23:04:23","paidBy":"100","paymentMethod":"manual"}(String), consult-e2e-20260328230350(String)
23:04:23.238 [http-nio-8006-exec-15] DEBUG c.r.h.m.T.updateTcmConsultation - [debug,135] - <==    Updates: 1
23:04:23.238 [http-nio-8006-exec-15] DEBUG c.r.h.m.T.selectTcmConsultationById - [debug,135] - ==>  Preparing: select id, consultation_id, patient_id, practitioner_id, consult_date, status, branch_id, locked_at, version, deleted_at, payload, create_time, update_time from tcm_consultation where id = ?
23:04:23.238 [http-nio-8006-exec-15] DEBUG c.r.h.m.T.selectTcmConsultationById - [debug,135] - ==> Parameters: consult-e2e-20260328230350(String)
23:04:23.239 [http-nio-8006-exec-15] DEBUG c.r.h.m.T.selectTcmConsultationById - [debug,135] - <==      Total: 1
23:04:23.240 [http-nio-8006-exec-15] DEBUG c.r.h.m.T.selectTcmPatientById - [debug,135] - ==>  Preparing: select id, name, first_name, last_name, email, phone, practitioner_id, is_active, consent_signed, consent_signed_at, consent_token, consent_token_expires, merged_into, deleted_at, payload, create_time, update_time from tcm_patient where id = ?
23:04:23.240 [http-nio-8006-exec-15] DEBUG c.r.h.m.T.selectTcmPatientById - [debug,135] - ==> Parameters: patient-1(String)
23:04:23.241 [http-nio-8006-exec-15] DEBUG c.r.h.m.T.selectTcmPatientById - [debug,135] - <==      Total: 1
23:04:23.242 [http-nio-8006-exec-15] DEBUG c.r.h.m.T.selectSettingByKey - [debug,135] - ==>  Preparing: select setting_key, setting_value, update_time from tcm_clinic_setting where setting_key = ?
23:04:23.242 [http-nio-8006-exec-15] DEBUG c.r.h.m.T.selectSettingByKey - [debug,135] - ==> Parameters: clinicName(String)
23:04:23.242 [http-nio-8006-exec-15] DEBUG c.r.h.m.T.selectSettingByKey - [debug,135] - <==      Total: 1
23:04:23.456 [http-nio-8006-exec-15] INFO  c.r.h.s.i.TcmPdfServiceImpl - [generateInvoice,147] - Invoice PDF generated: C:\Users\jiangyi\Desktop\项目\未完成\医院\RuoYi-Vue\ruoyi-admin\runtime\hospital-private\2026\03\28\invoice_c1a29e472b6c49909b478dce0b1b9648.pdf
23:04:23.459 [http-nio-8006-exec-15] DEBUG c.r.h.m.T.updateTcmConsultation - [debug,135] - ==>  Preparing: update tcm_consultation SET consultation_id = ?, patient_id = ?, practitioner_id = ?, consult_date = ?, status = ?, branch_id = ?, locked_at = ?, version = ?, deleted_at = ?, payload = ?, update_time = sysdate() where id = ?
23:04:23.460 [http-nio-8006-exec-15] DEBUG c.r.h.m.T.updateTcmConsultation - [debug,135] - ==> Parameters: ORD-E2E-20260328230350(String), patient-1(String), 101(String), 2026-03-28(String), paid(String), branch-main(String), 2026-03-28 23:04:23(String), 1(Integer), null, {"acupuncture":[],"previousPrognosisReview":"","formulaName":"E2E库存联动20260328230350","discountValue":0,"currency":"CAD","modifications":[{"date":"2026-03-28 23:04:23","type":"payment","action":"收款并锁定","userId":"100","changes":"支付方式: manual；收款金额: 0.8；已生成发票"}],"documents":[],"taxable":false,"prescriptions":[{"perDoseSubtotal":0.8,"preferredUnit":"g","formulaName":"E2E库存联动20260328230350","dispensingCompleted":false,"subtotal":0.8,"items":[{"subtotal":0.8,"dosage":10,"pricePerUnit":0.08,"convertedQty":10,"name":"黄芪","supplier":"本草药材","supplierName":"本草药材","convertedUnit":"g","inventoryId":"inv-4","unit":"g","herbDictId":"herb-053"}],"quantity":1,"whereToGet":"In-store 店内取药","id":"rx-e2e-20260328230350","prescriptionType":"raw_herbs","direction":"内服 Oral intake"}],"diff":{},"summary":"用于验证库存扣减时机与发药联动","totalAmount":0.8,"prognosis":"","discountType":"none","prescriptionType":"raw_herbs","chiefComplaint":"E2E库存联动","includeRxAmount":true,"comments":"","taxAmount":0,"treatment":"补气","services":[],"feedback":"","totalWithoutTax":0.8,"servicePriceList":"pricelist-default","consultationFee":0,"chiefComplaintDescription":"用于验证库存扣减时机与发药联动","herbals":[{"inventoryId":"inv-4","unit":"g","dosage":10,"herbDictId":"herb-053","supplierName":"本草药材","name":"黄芪"}],"differentiation":"气虚","consultationFeeTaxable":false,"add3rdParty":false,"historyAndMedicationSourceConsultId":"consult-1","historyAndMedicationSourceConsultDate":"2024-02-01","paidAt":"2026-03-28 23:04:23","paidBy":"100","paymentMethod":"manual","invoicePdfUrl":"/api/public/files/access?resource=hospital-private%2F2026%2F03%2F28%2Finvoice_c1a29e472b6c49909b478dce0b1b9648.pdf&expires=1774710563458&signature=TAOP5w2AF005Q1fgD-wPKBn3I1NDCTBu5Tni-A6MI5Q","invoicePdfPath":"hospital-private/2026/03/28/invoice_c1a29e472b6c49909b478dce0b1b9648.pdf","invoiceGeneratedAt":"2026-03-28 23:04:23"}(String), consult-e2e-20260328230350(String)
23:04:23.468 [http-nio-8006-exec-15] DEBUG c.r.h.m.T.updateTcmConsultation - [debug,135] - <==    Updates: 1
23:04:23.469 [http-nio-8006-exec-15] DEBUG c.r.h.m.T.insertTcmConsultationMod - [debug,135] - ==>  Preparing: insert into tcm_consultation_mod ( consultation_id, mod_date, mod_type, action, user_id, version, changes, create_time )values( ?, ?, ?, ?, ?, ?, ?, sysdate() )
23:04:23.470 [http-nio-8006-exec-15] DEBUG c.r.h.m.T.insertTcmConsultationMod - [debug,135] - ==> Parameters: ORD-E2E-20260328230350(String), 2026-03-28 23:04:23(String), payment(String), Marked as paid(String), 100(String), 1(Integer), 支付方式: manual；收款金额: 0.8；已生成发票(String)
23:04:23.471 [http-nio-8006-exec-15] DEBUG c.r.h.m.T.insertTcmConsultationMod - [debug,135] - <==    Updates: 1
23:04:23.471 [http-nio-8006-exec-15] DEBUG c.r.h.m.T.selectTcmConsultationById - [debug,135] - ==>  Preparing: select id, consultation_id, patient_id, practitioner_id, consult_date, status, branch_id, locked_at, version, deleted_at, payload, create_time, update_time from tcm_consultation where id = ?
23:04:23.472 [http-nio-8006-exec-15] DEBUG c.r.h.m.T.selectTcmConsultationById - [debug,135] - ==> Parameters: consult-e2e-20260328230350(String)
23:04:23.473 [http-nio-8006-exec-15] DEBUG c.r.h.m.T.selectTcmConsultationById - [debug,135] - <==      Total: 1
23:04:23.486 [http-nio-8006-exec-16] DEBUG c.r.h.m.T.selectTcmInventoryItemList - [debug,135] - ==>  Preparing: select id, name, category, unit, quantity, price_per_unit, min_stock_level, supplier, supplier_id, grams_per_packet, branch_id, is_active, deleted_at, herb_dict_id, payload, create_time, update_time from tcm_inventory_item WHERE deleted_at IS NULL
23:04:23.487 [http-nio-8006-exec-16] DEBUG c.r.h.m.T.selectTcmInventoryItemList - [debug,135] - ==> Parameters: 
23:04:23.489 [http-nio-8006-exec-16] DEBUG c.r.h.m.T.selectTcmInventoryItemList - [debug,135] - <==      Total: 13
23:04:23.635 [http-nio-8006-exec-17] DEBUG c.r.h.m.T.selectTcmInventoryItemList - [debug,135] - ==>  Preparing: select id, name, category, unit, quantity, price_per_unit, min_stock_level, supplier, supplier_id, grams_per_packet, branch_id, is_active, deleted_at, herb_dict_id, payload, create_time, update_time from tcm_inventory_item WHERE deleted_at IS NULL
23:04:23.636 [http-nio-8006-exec-17] DEBUG c.r.h.m.T.selectTcmInventoryItemList - [debug,135] - ==> Parameters: 
23:04:23.637 [http-nio-8006-exec-17] DEBUG c.r.h.m.T.selectTcmInventoryItemList - [debug,135] - <==      Total: 13
[INFO] ------------------------------------------------------------------------
[INFO] BUILD FAILURE
[INFO] ------------------------------------------------------------------------
[INFO] Total time:  01:40 min
[INFO] Finished at: 2026-03-28T23:04:57+08:00
[INFO] ------------------------------------------------------------------------
[ERROR] Failed to execute goal org.springframework.boot:spring-boot-maven-plugin:2.5.15:run (default-cli) on project ruoyi-admin: Application finished with exit code: -1 -> [Help 1]
[ERROR] 
[ERROR] To see the full stack trace of the errors, re-run Maven with the -e switch.
[ERROR] Re-run Maven using the -X switch to enable full debug logging.
[ERROR] 
[ERROR] For more information about the errors and possible solutions, please read the following articles:
[ERROR] [Help 1] http://cwiki.apache.org/confluence/display/MAVEN/MojoExecutionException
